Date,Close,High,Low,Open,Volume
,^GSPC,^GSPC,^GSPC,^GSPC,^GSPC
2020-01-02,3257.85009765625,3258.139892578125,3235.530029296875,3244.669921875,3459930000
2020-01-03,3234.85009765625,3246.14990234375,3222.340087890625,3226.360107421875,3484700000
2020-01-06,3246.280029296875,3246.840087890625,3214.639892578125,3217.550048828125,3702460000
2020-01-07,3237.179931640625,3244.909912109375,3232.429931640625,3241.860107421875,3435910000
2020-01-08,3253.050048828125,3267.070068359375,3236.669921875,3238.590087890625,3726840000
2020-01-09,3274.699951171875,3275.580078125,3263.669921875,3266.030029296875,3641230000
2020-01-10,3265.35009765625,3282.989990234375,3260.860107421875,3281.81005859375,3214580000
2020-01-13,3288.1298828125,3288.1298828125,3268.429931640625,3271.1298828125,3459390000
2020-01-14,3283.14990234375,3294.25,3277.18994140625,3285.35009765625,3687620000
2020-01-15,3289.2900390625,3298.659912109375,3280.68994140625,3282.27001953125,3721490000
2020-01-16,3316.81005859375,3317.110107421875,3302.820068359375,3302.969970703125,3540580000
2020-01-17,3329.6201171875,3329.8798828125,3318.860107421875,3323.659912109375,3726220000
2020-01-21,3320.7900390625,3329.7900390625,3316.610107421875,3321.030029296875,4104840000
2020-01-22,3321.75,3337.77001953125,3320.0400390625,3330.02001953125,3623780000
2020-01-23,3325.5400390625,3326.8798828125,3301.8701171875,3315.77001953125,3766710000
2020-01-24,3295.469970703125,3333.179931640625,3281.530029296875,3333.10009765625,3708780000
2020-01-27,3243.6298828125,3258.85009765625,3234.5,3247.159912109375,3831050000
2020-01-28,3276.239990234375,3285.780029296875,3253.219970703125,3255.35009765625,3531570000
2020-01-29,3273.39990234375,3293.469970703125,3271.889892578125,3289.4599609375,3600250000
2020-01-30,3283.659912109375,3285.909912109375,3242.800048828125,3256.449951171875,3790350000
2020-01-31,3225.52001953125,3282.330078125,3214.679931640625,3282.330078125,4529700000
2020-02-03,3248.919921875,3268.43994140625,3235.659912109375,3235.659912109375,3760460000
2020-02-04,3297.590087890625,3306.919921875,3280.610107421875,3280.610107421875,3996900000
2020-02-05,3334.68994140625,3337.580078125,3313.75,3324.909912109375,4121480000
2020-02-06,3345.780029296875,3347.9599609375,3334.389892578125,3344.919921875,3887250000
2020-02-07,3327.7099609375,3341.419921875,3322.1201171875,3335.5400390625,3733920000
2020-02-10,3352.090087890625,3352.260009765625,3317.77001953125,3318.280029296875,3462730000
2020-02-11,3357.75,3375.6298828125,3352.719970703125,3365.8701171875,3762940000
2020-02-12,3379.449951171875,3381.469970703125,3369.719970703125,3370.5,3930910000
2020-02-13,3373.93994140625,3385.090087890625,3360.52001953125,3365.89990234375,3500890000
2020-02-14,3380.159912109375,3380.68994140625,3366.14990234375,3378.080078125,3419700000
2020-02-18,3370.2900390625,3375.010009765625,3355.610107421875,3369.0400390625,3750400000
2020-02-19,3386.14990234375,3393.52001953125,3378.830078125,3380.389892578125,3614200000
2020-02-20,3373.22998046875,3389.14990234375,3341.02001953125,3380.449951171875,4019180000
2020-02-21,3337.75,3360.760009765625,3328.449951171875,3360.5,3908780000
2020-02-24,3225.889892578125,3259.81005859375,3214.64990234375,3257.610107421875,4851160000
2020-02-25,3128.2099609375,3246.989990234375,3118.77001953125,3238.93994140625,5596760000
2020-02-26,3116.389892578125,3182.510009765625,3108.989990234375,3139.89990234375,5484650000
2020-02-27,2978.760009765625,3097.070068359375,2977.389892578125,3062.5400390625,7064710000
2020-02-28,2954.219970703125,2959.719970703125,2855.840087890625,2916.89990234375,8569570000
2020-03-02,3090.22998046875,3090.9599609375,2945.18994140625,2974.280029296875,6381330000
2020-03-03,3003.3701171875,3136.719970703125,2976.6298828125,3096.4599609375,6376510000
2020-03-04,3130.1201171875,3130.969970703125,3034.3798828125,3045.75,5073020000
2020-03-05,3023.93994140625,3083.0400390625,2999.830078125,3075.699951171875,5579290000
2020-03-06,2972.3701171875,2985.929931640625,2901.5400390625,2954.199951171875,6555240000
2020-03-09,2746.56005859375,2863.889892578125,2734.429931640625,2863.889892578125,8441290000
2020-03-10,2882.22998046875,2882.590087890625,2734.0,2813.47998046875,7642040000
2020-03-11,2741.3798828125,2825.60009765625,2707.219970703125,2825.60009765625,7431200000
2020-03-12,2480.639892578125,2660.949951171875,2478.860107421875,2630.860107421875,8850810000
2020-03-13,2711.02001953125,2711.330078125,2492.3701171875,2569.989990234375,8299070000
2020-03-16,2386.1298828125,2562.97998046875,2380.93994140625,2508.590087890625,7805450000
2020-03-17,2529.18994140625,2553.929931640625,2367.0400390625,2425.659912109375,8370250000
2020-03-18,2398.10009765625,2453.570068359375,2280.52001953125,2436.5,8799300000
2020-03-19,2409.389892578125,2466.969970703125,2319.780029296875,2393.47998046875,7956100000
2020-03-20,2304.919921875,2453.010009765625,2295.56005859375,2431.93994140625,9053950000
2020-03-23,2237.39990234375,2300.72998046875,2191.860107421875,2290.7099609375,7411380000
2020-03-24,2447.330078125,2449.7099609375,2344.43994140625,2344.43994140625,7563150000
2020-03-25,2475.56005859375,2571.419921875,2407.530029296875,2457.77001953125,8300010000
2020-03-26,2630.070068359375,2637.010009765625,2500.719970703125,2501.2900390625,7766990000
2020-03-27,2541.469970703125,2615.909912109375,2520.02001953125,2555.8701171875,6201670000
2020-03-30,2626.64990234375,2631.800048828125,2545.280029296875,2558.97998046875,5751120000
2020-03-31,2584.590087890625,2641.389892578125,2571.14990234375,2614.68994140625,6576210000
2020-04-01,2470.5,2522.75,2447.489990234375,2498.080078125,5964000000
2020-04-02,2526.89990234375,2533.219970703125,2455.7900390625,2458.5400390625,6464190000
2020-04-03,2488.64990234375,2538.179931640625,2459.9599609375,2514.919921875,6096970000
2020-04-06,2663.679931640625,2676.85009765625,2574.570068359375,2578.280029296875,6403840000
2020-04-07,2659.409912109375,2756.889892578125,2657.669921875,2738.64990234375,7050410000
2020-04-08,2749.97998046875,2760.75,2663.300048828125,2685.0,5875710000
2020-04-09,2789.820068359375,2818.570068359375,2762.360107421875,2776.989990234375,7899550000
2020-04-13,2761.6298828125,2782.4599609375,2721.169921875,2782.4599609375,5319530000
2020-04-14,2846.06005859375,2851.85009765625,2805.10009765625,2805.10009765625,5615730000
2020-04-15,2783.360107421875,2801.8798828125,2761.5400390625,2795.639892578125,5208000000
2020-04-16,2799.550048828125,2806.510009765625,2764.320068359375,2799.340087890625,5228810000
2020-04-17,2874.56005859375,2879.219970703125,2830.8798828125,2842.429931640625,5804810000
2020-04-20,2823.159912109375,2868.97998046875,2820.429931640625,2845.6201171875,5228630000
2020-04-21,2736.56005859375,2785.5400390625,2727.10009765625,2784.81005859375,5121010000
2020-04-22,2799.31005859375,2815.10009765625,2775.949951171875,2787.889892578125,5084920000
2020-04-23,2797.800048828125,2844.89990234375,2794.260009765625,2810.419921875,5773530000
2020-04-24,2836.739990234375,2842.7099609375,2791.760009765625,2812.639892578125,5382810000
2020-04-27,2878.47998046875,2887.719970703125,2852.889892578125,2854.64990234375,5203930000
2020-04-28,2863.389892578125,2921.14990234375,2860.7099609375,2909.9599609375,5691160000
2020-04-29,2939.510009765625,2954.860107421875,2912.159912109375,2918.4599609375,6645640000
2020-04-30,2912.429931640625,2930.909912109375,2892.469970703125,2930.909912109375,6544980000
2020-05-01,2830.7099609375,2869.090087890625,2821.610107421875,2869.090087890625,4759810000
2020-05-04,2842.739990234375,2844.239990234375,2797.85009765625,2815.010009765625,4735930000
2020-05-05,2868.43994140625,2898.22998046875,2863.550048828125,2868.8798828125,5140290000
2020-05-06,2848.419921875,2891.110107421875,2847.64990234375,2883.139892578125,4892570000
2020-05-07,2881.18994140625,2901.919921875,2876.47998046875,2878.260009765625,5178790000
2020-05-08,2929.800048828125,2932.159912109375,2902.8798828125,2908.830078125,4876030000
2020-05-11,2930.18994140625,2944.25,2903.43994140625,2915.4599609375,4819730000
2020-05-12,2870.1201171875,2945.820068359375,2869.590087890625,2939.5,5119630000
2020-05-13,2820.0,2874.139892578125,2793.14990234375,2865.860107421875,6151650000
2020-05-14,2852.5,2852.800048828125,2766.639892578125,2794.5400390625,5651130000
2020-05-15,2863.699951171875,2865.010009765625,2816.780029296875,2829.949951171875,5507700000
2020-05-18,2953.909912109375,2968.090087890625,2913.860107421875,2913.860107421875,6373670000
2020-05-19,2922.93994140625,2964.2099609375,2922.35009765625,2948.590087890625,4984330000
2020-05-20,2971.610107421875,2980.2900390625,2953.6298828125,2953.6298828125,5005380000
2020-05-21,2948.510009765625,2978.5,2938.570068359375,2969.949951171875,4976620000
2020-05-22,2955.449951171875,2956.760009765625,2933.590087890625,2948.050048828125,3970860000
2020-05-26,2991.77001953125,3021.719970703125,2988.169921875,3004.080078125,5848500000
2020-05-27,3036.1298828125,3036.25,2969.75,3015.64990234375,6398000000
2020-05-28,3029.72998046875,3068.669921875,3023.39990234375,3046.610107421875,5447020000
2020-05-29,3044.31005859375,3049.169921875,2998.610107421875,3025.169921875,7297550000
2020-06-01,3055.72998046875,3062.179931640625,3031.5400390625,3038.780029296875,4684170000
2020-06-02,3080.820068359375,3081.070068359375,3051.639892578125,3064.780029296875,5197150000
2020-06-03,3122.8701171875,3130.93994140625,3098.89990234375,3098.89990234375,6005560000
2020-06-04,3112.35009765625,3128.909912109375,3090.409912109375,3111.56005859375,6451290000
2020-06-05,3193.929931640625,3211.719970703125,3163.840087890625,3163.840087890625,8639300000
2020-06-08,3232.389892578125,3233.1298828125,3196.0,3199.919921875,8498300000
2020-06-09,3207.179931640625,3222.7099609375,3193.110107421875,3213.320068359375,6410930000
2020-06-10,3190.139892578125,3223.27001953125,3181.489990234375,3213.419921875,6598870000
2020-06-11,3002.10009765625,3123.530029296875,2999.489990234375,3123.530029296875,7037320000
2020-06-12,3041.31005859375,3088.419921875,2984.469970703125,3071.0400390625,5845330000
2020-06-15,3066.590087890625,3079.760009765625,2965.659912109375,2993.760009765625,5757480000
2020-06-16,3124.739990234375,3153.449951171875,3076.06005859375,3131.0,5845810000
2020-06-17,3113.489990234375,3141.159912109375,3108.030029296875,3136.1298828125,4560450000
2020-06-18,3115.340087890625,3120.0,3093.510009765625,3101.639892578125,4448690000
2020-06-19,3097.739990234375,3155.530029296875,3083.110107421875,3140.2900390625,8346650000
2020-06-22,3117.860107421875,3120.919921875,3079.389892578125,3094.419921875,4686690000
2020-06-23,3131.2900390625,3154.89990234375,3127.1201171875,3138.699951171875,4711850000
2020-06-24,3050.330078125,3115.010009765625,3032.1298828125,3114.39990234375,5597680000
2020-06-25,3083.760009765625,3086.25,3024.010009765625,3046.60009765625,4847690000
2020-06-26,3009.050048828125,3073.72998046875,3004.6298828125,3073.199951171875,8107850000
2020-06-29,3053.239990234375,3053.889892578125,2999.739990234375,3018.590087890625,4473970000
2020-06-30,3100.2900390625,3111.510009765625,3047.830078125,3050.199951171875,4705850000
2020-07-01,3115.860107421875,3128.43994140625,3101.169921875,3105.919921875,4449230000
2020-07-02,3130.010009765625,3165.81005859375,3124.52001953125,3143.639892578125,4197720000
2020-07-06,3179.719970703125,3182.590087890625,3155.2900390625,3155.2900390625,4759160000
2020-07-07,3145.320068359375,3184.14990234375,3142.929931640625,3166.43994140625,4571330000
2020-07-08,3169.93994140625,3171.800048828125,3136.530029296875,3153.070068359375,4937310000
2020-07-09,3152.050048828125,3179.780029296875,3115.699951171875,3176.169921875,4843650000
2020-07-10,3185.0400390625,3186.820068359375,3136.219970703125,3152.469970703125,4524190000
2020-07-13,3155.219970703125,3235.320068359375,3149.429931640625,3205.080078125,4902440000
2020-07-14,3197.52001953125,3200.949951171875,3127.659912109375,3141.110107421875,4507140000
2020-07-15,3226.56005859375,3238.280029296875,3200.760009765625,3225.97998046875,4686830000
2020-07-16,3215.570068359375,3220.389892578125,3198.590087890625,3208.360107421875,3972860000
2020-07-17,3224.72998046875,3233.52001953125,3205.64990234375,3224.2099609375,4012850000
2020-07-20,3251.840087890625,3258.610107421875,3215.159912109375,3224.2900390625,3979340000
2020-07-21,3257.300048828125,3277.2900390625,3247.77001953125,3268.52001953125,4556610000
2020-07-22,3276.02001953125,3279.320068359375,3253.10009765625,3254.860107421875,4267160000
2020-07-23,3235.659912109375,3279.989990234375,3222.659912109375,3271.639892578125,4296760000
2020-07-24,3215.6298828125,3227.260009765625,3200.050048828125,3218.580078125,3689410000
2020-07-27,3239.409912109375,3241.429931640625,3214.25,3219.840087890625,3970310000
2020-07-28,3218.43994140625,3243.719970703125,3216.169921875,3234.27001953125,4053180000
2020-07-29,3258.43994140625,3264.739990234375,3227.219970703125,3227.219970703125,4478200000
2020-07-30,3246.219970703125,3250.919921875,3204.1298828125,3231.760009765625,4264920000
2020-07-31,3271.1201171875,3272.169921875,3220.260009765625,3270.449951171875,5007530000
2020-08-03,3294.610107421875,3302.72998046875,3284.530029296875,3288.260009765625,4438940000
2020-08-04,3306.510009765625,3306.840087890625,3286.3701171875,3289.919921875,4414380000
2020-08-05,3327.77001953125,3330.77001953125,3317.3701171875,3317.3701171875,4535060000
2020-08-06,3349.159912109375,3351.030029296875,3318.139892578125,3323.169921875,4278930000
2020-08-07,3351.280029296875,3352.5400390625,3328.719970703125,3340.050048828125,4110030000
2020-08-10,3360.469970703125,3363.2900390625,3335.43994140625,3356.0400390625,4327920000
2020-08-11,3333.68994140625,3381.010009765625,3326.43994140625,3370.340087890625,4880540000
2020-08-12,3380.35009765625,3387.889892578125,3355.4599609375,3355.4599609375,3772250000
2020-08-13,3373.429931640625,3387.239990234375,3363.35009765625,3372.949951171875,3438730000
2020-08-14,3372.85009765625,3378.510009765625,3361.639892578125,3368.659912109375,3200060000
2020-08-17,3381.989990234375,3387.590087890625,3379.219970703125,3380.860107421875,3460330000
2020-08-18,3389.780029296875,3395.06005859375,3370.14990234375,3387.0400390625,3669550000
2020-08-19,3374.85009765625,3399.5400390625,3369.659912109375,3392.510009765625,3679480000
2020-08-20,3385.510009765625,3390.800048828125,3354.68994140625,3360.47998046875,3431040000
2020-08-21,3397.159912109375,3399.9599609375,3379.31005859375,3386.010009765625,3505010000
2020-08-24,3431.280029296875,3432.090087890625,3413.1298828125,3418.090087890625,3743410000
2020-08-25,3443.6201171875,3444.2099609375,3425.840087890625,3435.949951171875,3627650000
2020-08-26,3478.72998046875,3481.070068359375,3444.14990234375,3449.969970703125,3780530000
2020-08-27,3484.550048828125,3501.3798828125,3468.35009765625,3485.139892578125,3955890000
2020-08-28,3508.010009765625,3509.22998046875,3484.320068359375,3494.68994140625,3868510000
2020-08-31,3500.31005859375,3514.77001953125,3493.25,3509.72998046875,4348280000
2020-09-01,3526.64990234375,3528.030029296875,3494.60009765625,3507.43994140625,4101490000
2020-09-02,3580.840087890625,3588.110107421875,3535.22998046875,3543.760009765625,4295640000
2020-09-03,3455.06005859375,3564.85009765625,3427.409912109375,3564.739990234375,4911830000
2020-09-04,3426.9599609375,3479.14990234375,3349.6298828125,3453.60009765625,4438720000
2020-09-08,3331.840087890625,3379.969970703125,3329.27001953125,3371.8798828125,4694330000
2020-09-09,3398.9599609375,3424.77001953125,3366.840087890625,3369.820068359375,3932520000
2020-09-10,3339.18994140625,3425.550048828125,3329.25,3412.56005859375,4208630000
2020-09-11,3340.969970703125,3368.949951171875,3310.469970703125,3352.699951171875,3710090000
2020-09-14,3383.5400390625,3402.929931640625,3363.56005859375,3363.56005859375,3839580000
2020-09-15,3401.199951171875,3419.47998046875,3389.25,3407.72998046875,4057190000
2020-09-16,3385.489990234375,3428.919921875,3384.449951171875,3411.22998046875,4718900000
2020-09-17,3357.010009765625,3375.169921875,3328.820068359375,3346.860107421875,4379840000
2020-09-18,3319.469970703125,3362.27001953125,3292.39990234375,3357.3798828125,7076400000
2020-09-21,3281.06005859375,3285.570068359375,3229.10009765625,3285.570068359375,4836070000
2020-09-22,3315.570068359375,3320.31005859375,3270.949951171875,3295.75,3974510000
2020-09-23,3236.919921875,3323.35009765625,3232.570068359375,3320.110107421875,4378650000
2020-09-24,3246.590087890625,3278.699951171875,3209.449951171875,3226.139892578125,4601920000
2020-09-25,3298.4599609375,3306.8798828125,3228.43994140625,3236.659912109375,3803330000
2020-09-28,3351.60009765625,3360.739990234375,3332.909912109375,3333.89990234375,3950910000
2020-09-29,3335.469970703125,3357.919921875,3327.5400390625,3350.919921875,3661590000
2020-09-30,3363.0,3393.56005859375,3340.469970703125,3341.2099609375,4738640000
2020-10-01,3380.800048828125,3397.179931640625,3361.389892578125,3385.8701171875,4076340000
2020-10-02,3348.419921875,3369.10009765625,3323.68994140625,3338.93994140625,3975180000
2020-10-05,3408.60009765625,3409.570068359375,3367.27001953125,3367.27001953125,3692720000
2020-10-06,3360.969970703125,3431.56005859375,3354.5400390625,3408.739990234375,4453390000
2020-10-07,3419.43994140625,3426.260009765625,3384.56005859375,3384.56005859375,3814750000
2020-10-08,3446.830078125,3447.280029296875,3428.14990234375,3434.280029296875,3867640000
2020-10-09,3477.139892578125,3482.340087890625,3458.070068359375,3459.669921875,3944090000
2020-10-12,3534.219970703125,3549.85009765625,3499.610107421875,3500.02001953125,3435760000
2020-10-13,3511.929931640625,3534.010009765625,3500.860107421875,3534.010009765625,3611100000
2020-10-14,3488.669921875,3527.93994140625,3480.550048828125,3515.469970703125,3858510000
2020-10-15,3483.340087890625,3489.080078125,3440.889892578125,3453.719970703125,3724550000
2020-10-16,3483.81005859375,3515.760009765625,3480.449951171875,3493.5,4688030000
2020-10-19,3426.919921875,3502.419921875,3419.929931640625,3493.659912109375,4091080000
2020-10-20,3443.1201171875,3476.929931640625,3435.64990234375,3439.3798828125,3917850000
2020-10-21,3435.56005859375,3464.860107421875,3433.06005859375,3439.909912109375,4103960000
2020-10-22,3453.489990234375,3460.530029296875,3415.340087890625,3438.5,4172060000
2020-10-23,3465.389892578125,3466.4599609375,3440.449951171875,3464.89990234375,3651600000
2020-10-26,3400.969970703125,3441.419921875,3364.860107421875,3441.419921875,4002210000
2020-10-27,3390.679931640625,3409.510009765625,3388.7099609375,3403.14990234375,3962400000
2020-10-28,3271.030029296875,3342.47998046875,3268.889892578125,3342.47998046875,5139970000
2020-10-29,3310.110107421875,3341.050048828125,3259.820068359375,3277.169921875,4911860000
2020-10-30,3269.9599609375,3304.929931640625,3233.93994140625,3293.590087890625,4843930000
2020-11-02,3310.239990234375,3330.139892578125,3279.739990234375,3296.199951171875,4314690000
2020-11-03,3369.159912109375,3389.489990234375,3336.25,3336.25,4241380000
2020-11-04,3443.43994140625,3486.25,3405.169921875,3406.4599609375,4790400000
2020-11-05,3510.449951171875,3529.050048828125,3485.739990234375,3485.739990234375,4858150000
2020-11-06,3509.43994140625,3521.580078125,3484.340087890625,3508.340087890625,4842460000
2020-11-09,3550.5,3645.989990234375,3547.47998046875,3583.0400390625,8570510000
2020-11-10,3545.530029296875,3557.219970703125,3511.909912109375,3543.260009765625,6037470000
2020-11-11,3572.659912109375,3581.159912109375,3557.0,3563.219970703125,4635560000
2020-11-12,3537.010009765625,3569.02001953125,3518.580078125,3562.669921875,4909660000
2020-11-13,3585.14990234375,3593.659912109375,3552.570068359375,3552.570068359375,4719580000
2020-11-16,3626.909912109375,3628.510009765625,3600.159912109375,3600.159912109375,5295510000
2020-11-17,3609.530029296875,3623.110107421875,3588.679931640625,3610.31005859375,4812180000
2020-11-18,3567.7900390625,3619.090087890625,3567.330078125,3612.090087890625,5284810000
2020-11-19,3581.8701171875,3585.219970703125,3543.840087890625,3559.409912109375,4363370000
2020-11-20,3557.5400390625,3581.22998046875,3556.85009765625,3579.31005859375,4236370000
2020-11-23,3577.590087890625,3589.81005859375,3552.77001953125,3566.820068359375,5057550000
2020-11-24,3635.409912109375,3642.31005859375,3594.52001953125,3594.52001953125,6280290000
2020-11-25,3629.64990234375,3635.5,3617.760009765625,3635.5,4910440000
2020-11-27,3638.35009765625,3644.31005859375,3629.330078125,3638.550048828125,2778390000
2020-11-30,3621.6298828125,3634.179931640625,3594.389892578125,3634.179931640625,6308410000
2020-12-01,3662.449951171875,3678.449951171875,3645.8701171875,3645.8701171875,5418480000
2020-12-02,3669.010009765625,3670.9599609375,3644.840087890625,3653.780029296875,5041250000
2020-12-03,3666.719970703125,3682.72998046875,3657.169921875,3668.280029296875,5065340000
2020-12-04,3699.1201171875,3699.199951171875,3670.93994140625,3670.93994140625,5099620000
2020-12-07,3691.9599609375,3697.409912109375,3678.8798828125,3694.72998046875,4804500000
2020-12-08,3702.25,3708.449951171875,3678.830078125,3683.050048828125,4584390000
2020-12-09,3672.820068359375,3712.389892578125,3660.5400390625,3705.97998046875,5232800000
2020-12-10,3668.10009765625,3678.489990234375,3645.179931640625,3659.1298828125,4658480000
2020-12-11,3663.4599609375,3665.909912109375,3633.39990234375,3656.080078125,4375470000
2020-12-14,3647.489990234375,3697.610107421875,3645.840087890625,3675.27001953125,4623850000
2020-12-15,3694.6201171875,3695.2900390625,3659.6201171875,3666.409912109375,4387080000
2020-12-16,3701.169921875,3711.27001953125,3688.570068359375,3696.25,4067040000
2020-12-17,3722.47998046875,3725.1201171875,3710.8701171875,3713.64990234375,4192810000
2020-12-18,3709.409912109375,3726.699951171875,3685.840087890625,3722.389892578125,7097100000
2020-12-21,3694.919921875,3702.89990234375,3636.47998046875,3684.280029296875,4748580000
2020-12-22,3687.260009765625,3698.260009765625,3676.159912109375,3698.080078125,4053310000
2020-12-23,3690.010009765625,3711.239990234375,3689.280029296875,3693.419921875,3779160000
2020-12-24,3703.06005859375,3703.820068359375,3689.320068359375,3694.030029296875,1883780000
2020-12-28,3735.360107421875,3740.510009765625,3723.030029296875,3723.030029296875,3535460000
2020-12-29,3727.0400390625,3756.1201171875,3723.31005859375,3750.010009765625,3393290000
2020-12-30,3732.0400390625,3744.6298828125,3730.2099609375,3736.18994140625,3154850000
2020-12-31,3756.070068359375,3760.199951171875,3726.8798828125,3733.27001953125,3179040000
2021-01-04,3700.64990234375,3769.989990234375,3662.7099609375,3764.610107421875,5015000000
2021-01-05,3726.860107421875,3737.830078125,3695.070068359375,3698.02001953125,4591020000
2021-01-06,3748.139892578125,3783.0400390625,3705.340087890625,3712.199951171875,6064110000
2021-01-07,3803.7900390625,3811.550048828125,3764.7099609375,3764.7099609375,5099160000
2021-01-08,3824.679931640625,3826.68994140625,3783.60009765625,3815.050048828125,4773040000
2021-01-11,3799.610107421875,3817.860107421875,3789.02001953125,3803.139892578125,4465430000
2021-01-12,3801.18994140625,3810.780029296875,3776.510009765625,3801.6201171875,4994950000
2021-01-13,3809.840087890625,3820.9599609375,3791.5,3802.22998046875,4602510000
2021-01-14,3795.5400390625,3823.60009765625,3792.860107421875,3814.97998046875,5198480000
2021-01-15,3768.25,3788.72998046875,3749.6201171875,3788.72998046875,5369820000
2021-01-19,3798.909912109375,3804.530029296875,3780.3701171875,3781.8798828125,5014440000
2021-01-20,3851.85009765625,3859.75,3816.219970703125,3816.219970703125,4566190000
2021-01-21,3853.070068359375,3861.449951171875,3845.050048828125,3857.4599609375,4501760000
2021-01-22,3841.469970703125,3852.31005859375,3830.409912109375,3844.239990234375,5110890000
2021-01-25,3855.360107421875,3859.22998046875,3797.159912109375,3851.679931640625,7000840000
2021-01-26,3849.6201171875,3870.89990234375,3847.780029296875,3862.9599609375,6137500000
2021-01-27,3750.77001953125,3836.830078125,3732.47998046875,3836.830078125,9976520000
2021-01-28,3787.3798828125,3830.5,3755.75,3755.75,6992770000
2021-01-29,3714.239990234375,3778.050048828125,3694.1201171875,3778.050048828125,6643370000
2021-02-01,3773.860107421875,3784.320068359375,3725.6201171875,3731.169921875,5436230000
2021-02-02,3826.31005859375,3843.090087890625,3791.840087890625,3791.840087890625,5514090000
2021-02-03,3830.169921875,3847.510009765625,3816.679931640625,3840.27001953125,4864870000
2021-02-04,3871.739990234375,3872.419921875,3836.659912109375,3836.659912109375,4879240000
2021-02-05,3886.830078125,3894.56005859375,3874.929931640625,3878.300048828125,4879470000
2021-02-08,3915.590087890625,3915.77001953125,3892.590087890625,3892.590087890625,4648360000
2021-02-09,3911.22998046875,3918.35009765625,3902.639892578125,3910.489990234375,4568320000
2021-02-10,3909.8798828125,3931.5,3884.93994140625,3920.780029296875,4837070000
2021-02-11,3916.3798828125,3925.989990234375,3890.389892578125,3916.39990234375,4590960000
2021-02-12,3934.830078125,3937.22998046875,3905.780029296875,3911.64990234375,4135060000
2021-02-16,3932.590087890625,3950.429931640625,3923.85009765625,3939.610107421875,5058990000
2021-02-17,3931.330078125,3933.610107421875,3900.429931640625,3918.5,4730650000
2021-02-18,3913.969970703125,3921.97998046875,3885.030029296875,3915.860107421875,4793650000
2021-02-19,3906.7099609375,3930.409912109375,3903.070068359375,3921.159912109375,4845320000
2021-02-22,3876.5,3902.919921875,3874.7099609375,3885.550048828125,5917100000
2021-02-23,3881.3701171875,3895.97998046875,3805.590087890625,3857.070068359375,6296610000
2021-02-24,3925.429931640625,3928.64990234375,3859.60009765625,3873.7099609375,6012790000
2021-02-25,3829.340087890625,3925.02001953125,3814.0400390625,3915.800048828125,6547470000
2021-02-26,3811.14990234375,3861.080078125,3789.5400390625,3839.659912109375,6526070000
2021-03-01,3901.820068359375,3914.5,3842.510009765625,3842.510009765625,5114820000
2021-03-02,3870.2900390625,3906.409912109375,3868.570068359375,3903.639892578125,5536010000
2021-03-03,3819.719970703125,3874.469970703125,3818.860107421875,3863.989990234375,6173660000
2021-03-04,3768.469970703125,3843.669921875,3723.340087890625,3818.530029296875,7195400000
2021-03-05,3841.93994140625,3851.68994140625,3730.18994140625,3793.580078125,6851070000
2021-03-08,3821.35009765625,3881.06005859375,3819.25,3844.389892578125,5871710000
2021-03-09,3875.43994140625,3903.760009765625,3851.929931640625,3851.929931640625,5513560000
2021-03-10,3898.81005859375,3917.35009765625,3885.72998046875,3891.989990234375,5847380000
2021-03-11,3939.340087890625,3960.27001953125,3915.5400390625,3915.5400390625,5312880000
2021-03-12,3943.340087890625,3944.989990234375,3915.2099609375,3924.52001953125,4476280000
2021-03-15,3968.93994140625,3970.080078125,3923.5400390625,3942.9599609375,4900100000
2021-03-16,3962.7099609375,3981.0400390625,3953.43994140625,3973.590087890625,4613080000
2021-03-17,3974.1201171875,3983.8701171875,3935.739990234375,3949.570068359375,4561660000
2021-03-18,3915.4599609375,3969.6201171875,3910.860107421875,3953.5,5118590000
2021-03-19,3913.10009765625,3930.1201171875,3886.75,3913.139892578125,7757420000
2021-03-22,3940.590087890625,3955.31005859375,3914.159912109375,3916.47998046875,4316260000
2021-03-23,3910.52001953125,3949.1298828125,3901.570068359375,3937.60009765625,4669010000
2021-03-24,3889.139892578125,3942.080078125,3889.070068359375,3919.929931640625,4783020000
2021-03-25,3909.52001953125,3919.5400390625,3853.5,3879.340087890625,4948340000
2021-03-26,3974.5400390625,3978.18994140625,3917.1201171875,3917.1201171875,5483160000
2021-03-29,3971.090087890625,3981.830078125,3943.25,3969.31005859375,4628180000
2021-03-30,3958.550048828125,3968.010009765625,3944.35009765625,3963.340087890625,4121510000
2021-03-31,3972.889892578125,3994.409912109375,3966.97998046875,3967.25,4578050000
2021-04-01,4019.8701171875,4020.6298828125,3992.780029296875,3992.780029296875,4162130000
2021-04-05,4077.909912109375,4083.419921875,4034.43994140625,4034.43994140625,4005030000
2021-04-06,4073.93994140625,4086.22998046875,4068.139892578125,4075.570068359375,4081270000
2021-04-07,4079.949951171875,4083.1298828125,4068.31005859375,4074.2900390625,4120810000
2021-04-08,4097.169921875,4098.18994140625,4082.5400390625,4089.949951171875,3907100000
2021-04-09,4128.7998046875,4129.47998046875,4095.510009765625,4096.10986328125,3640390000
2021-04-12,4127.990234375,4131.759765625,4114.81982421875,4124.7099609375,3588900000
2021-04-13,4141.58984375,4148.0,4124.43017578125,4130.10009765625,3734720000
2021-04-14,4124.66015625,4151.68994140625,4120.8701171875,4141.580078125,3985350000
2021-04-15,4170.419921875,4173.490234375,4139.759765625,4139.759765625,4033420000
2021-04-16,4185.47021484375,4191.31005859375,4170.75,4174.14013671875,4163820000
2021-04-19,4163.259765625,4180.81005859375,4150.47021484375,4179.7998046875,3810290000
2021-04-20,4134.93994140625,4159.18017578125,4118.3798828125,4159.18017578125,4342650000
2021-04-21,4173.419921875,4175.02001953125,4126.35009765625,4128.419921875,3887250000
2021-04-22,4134.97998046875,4179.56982421875,4123.68994140625,4170.4599609375,4245140000
2021-04-23,4180.169921875,4194.169921875,4138.77978515625,4138.77978515625,3569880000
2021-04-26,4187.6201171875,4194.18994140625,4182.35986328125,4185.02978515625,3748320000
2021-04-27,4186.72021484375,4193.35009765625,4176.22021484375,4188.25,3710700000
2021-04-28,4183.18017578125,4201.52978515625,4181.77978515625,4185.14013671875,3787360000
2021-04-29,4211.47021484375,4218.77978515625,4176.81005859375,4206.14013671875,4298680000
2021-04-30,4181.169921875,4198.10009765625,4174.85009765625,4198.10009765625,4300880000
2021-05-03,4192.66015625,4209.39013671875,4188.02978515625,4191.97998046875,4070220000
2021-05-04,4164.66015625,4179.0400390625,4128.58984375,4179.0400390625,4452460000
2021-05-05,4167.58984375,4187.72021484375,4160.93994140625,4177.06005859375,4230920000
2021-05-06,4201.6201171875,4202.7001953125,4147.330078125,4169.14013671875,4511000000
2021-05-07,4232.60009765625,4238.0400390625,4201.64013671875,4210.33984375,4016080000
2021-05-10,4188.43017578125,4236.39013671875,4188.1298828125,4228.2900390625,4560700000
2021-05-11,4152.10009765625,4162.0400390625,4111.52978515625,4150.33984375,4870710000
2021-05-12,4063.0400390625,4134.72998046875,4056.8798828125,4130.5498046875,4733070000
2021-05-13,4112.5,4131.580078125,4074.989990234375,4074.989990234375,4779540000
2021-05-14,4173.85009765625,4183.1298828125,4129.580078125,4129.580078125,4008880000
2021-05-17,4163.2900390625,4171.919921875,4142.68994140625,4169.919921875,4125050000
2021-05-18,4127.830078125,4169.14990234375,4125.990234375,4165.93994140625,4398150000
2021-05-19,4115.68017578125,4116.93017578125,4061.409912109375,4098.4501953125,4247450000
2021-05-20,4159.1201171875,4172.7998046875,4121.97021484375,4121.97021484375,3978880000
2021-05-21,4155.85986328125,4188.72021484375,4151.72021484375,4168.60986328125,3995250000
2021-05-24,4197.0498046875,4209.52001953125,4170.16015625,4170.16015625,3684800000
2021-05-25,4188.1298828125,4213.419921875,4182.52001953125,4205.93994140625,4182250000
2021-05-26,4195.990234375,4202.60986328125,4184.10986328125,4191.58984375,4420890000
2021-05-27,4200.8798828125,4213.3798828125,4197.77978515625,4201.93994140625,6406310000
2021-05-28,4204.10986328125,4218.35986328125,4203.56982421875,4210.77001953125,4649250000
2021-06-01,4202.0400390625,4234.1201171875,4197.58984375,4216.52001953125,5074670000
2021-06-02,4208.1201171875,4217.3701171875,4198.27001953125,4206.81982421875,5833670000
2021-06-03,4192.85009765625,4204.39013671875,4167.93017578125,4191.43017578125,5587970000
2021-06-04,4229.89013671875,4233.4501953125,4206.0498046875,4206.0498046875,4139790000
2021-06-07,4226.52001953125,4232.33984375,4215.66015625,4229.33984375,4476920000
2021-06-08,4227.259765625,4236.740234375,4208.41015625,4233.81005859375,4659620000
2021-06-09,4219.5498046875,4237.08984375,4218.740234375,4232.990234375,4713260000
2021-06-10,4239.18017578125,4249.740234375,4220.33984375,4228.56005859375,4408210000
2021-06-11,4247.43994140625,4248.3798828125,4232.25,4242.89990234375,3815010000
2021-06-14,4255.14990234375,4255.58984375,4234.06982421875,4248.31005859375,4151200000
2021-06-15,4246.58984375,4257.16015625,4238.35009765625,4255.27978515625,4048940000
2021-06-16,4223.7001953125,4251.89013671875,4202.4501953125,4248.8701171875,4538350000
2021-06-17,4221.85986328125,4232.2900390625,4196.0498046875,4220.3701171875,5312680000
2021-06-18,4166.4501953125,4204.77978515625,4164.39990234375,4204.77978515625,6817010000
2021-06-21,4224.7900390625,4226.240234375,4173.39990234375,4173.39990234375,4128950000
2021-06-22,4246.43994140625,4255.83984375,4217.27001953125,4224.60986328125,3828390000
2021-06-23,4241.83984375,4256.60009765625,4241.43017578125,4249.27001953125,3730350000
2021-06-24,4266.490234375,4271.27978515625,4256.97021484375,4256.97021484375,3816660000
2021-06-25,4280.7001953125,4286.1201171875,4271.16015625,4274.4501953125,7341450000
2021-06-28,4290.60986328125,4292.14013671875,4274.669921875,4284.89990234375,4147890000
2021-06-29,4291.7998046875,4300.52001953125,4287.0400390625,4293.2099609375,3707150000
2021-06-30,4297.5,4302.43017578125,4287.9599609375,4290.64990234375,4266040000
2021-07-01,4319.93994140625,4320.66015625,4300.72998046875,4300.72998046875,3788230000
2021-07-02,4352.33984375,4355.43017578125,4326.60009765625,4326.60009765625,3225840000
2021-07-06,4343.5400390625,4356.4599609375,4314.3701171875,4356.4599609375,4309570000
2021-07-07,4358.1298828125,4361.8798828125,4329.7900390625,4351.009765625,4037380000
2021-07-08,4320.81982421875,4330.8798828125,4289.3701171875,4321.06982421875,4347500000
2021-07-09,4369.5498046875,4371.60009765625,4329.3798828125,4329.3798828125,3531120000
2021-07-12,4384.6298828125,4386.68017578125,4364.02978515625,4372.41015625,3384460000
2021-07-13,4369.2099609375,4392.3701171875,4366.919921875,4381.06982421875,3695430000
2021-07-14,4374.2998046875,4393.68017578125,4362.35986328125,4380.10986328125,4006370000
2021-07-15,4360.02978515625,4369.02001953125,4340.7001953125,4369.02001953125,3905230000
2021-07-16,4327.16015625,4375.08984375,4322.52978515625,4367.43017578125,3985700000
2021-07-19,4258.490234375,4296.39990234375,4233.1298828125,4296.39990234375,5157660000
2021-07-20,4323.06005859375,4336.83984375,4262.0498046875,4265.10986328125,4438270000
2021-07-21,4358.68994140625,4359.7001953125,4331.1298828125,4331.1298828125,3810280000
2021-07-22,4367.47998046875,4369.8701171875,4350.06005859375,4361.27001953125,3358300000
2021-07-23,4411.7900390625,4415.18017578125,4381.2001953125,4381.2001953125,4540070000
2021-07-26,4422.2998046875,4422.72998046875,4405.4501953125,4409.580078125,4275630000
2021-07-27,4401.4599609375,4416.3798828125,4372.509765625,4416.3798828125,4241950000
2021-07-28,4400.64013671875,4415.47021484375,4387.009765625,4402.9501953125,4215290000
2021-07-29,4419.14990234375,4429.97021484375,4403.58984375,4403.58984375,4044600000
2021-07-30,4395.259765625,4412.25,4389.64990234375,4395.1201171875,3956740000
2021-08-02,4387.16015625,4422.18017578125,4384.81005859375,4406.85986328125,3724090000
2021-08-03,4423.14990234375,4423.7900390625,4373.0,4392.740234375,3965190000
2021-08-04,4402.66015625,4416.169921875,4400.22998046875,4415.9501953125,4260760000
2021-08-05,4429.10009765625,4429.759765625,4408.85986328125,4408.85986328125,3769410000
2021-08-06,4436.52001953125,4440.81982421875,4429.06982421875,4429.06982421875,3451870000
2021-08-09,4432.35009765625,4439.39013671875,4424.740234375,4437.77001953125,3449280000
2021-08-10,4436.75,4445.2099609375,4430.02978515625,4435.7900390625,3886610000
2021-08-11,4442.41015625,4449.43994140625,4436.419921875,4442.18017578125,3532560000
2021-08-12,4460.830078125,4461.77001953125,4435.9599609375,4446.080078125,3375310000
2021-08-13,4468.0,4468.3701171875,4460.81982421875,4464.83984375,3016470000
2021-08-16,4479.7099609375,4480.259765625,4437.66015625,4461.64990234375,3370640000
2021-08-17,4448.080078125,4462.1201171875,4417.830078125,4462.1201171875,3836960000
2021-08-18,4400.27001953125,4454.31982421875,4397.58984375,4440.93994140625,3755590000
2021-08-19,4405.7998046875,4418.60986328125,4367.72998046875,4382.43994140625,4398410000
2021-08-20,4441.669921875,4444.35009765625,4406.7998046875,4410.56005859375,3652610000
2021-08-23,4479.52978515625,4489.8798828125,4450.2900390625,4450.2900390625,3576530000
2021-08-24,4486.22998046875,4492.81005859375,4482.27978515625,4484.39990234375,3979220000
2021-08-25,4496.18994140625,4501.7099609375,4485.66015625,4490.4501953125,3444700000
2021-08-26,4470.0,4495.89990234375,4468.990234375,4493.75,3263980000
2021-08-27,4509.3701171875,4513.330078125,4474.10009765625,4474.10009765625,3331200000
2021-08-30,4528.7900390625,4537.35986328125,4513.759765625,4513.759765625,3168660000
2021-08-31,4522.68017578125,4531.39013671875,4515.7998046875,4529.75,4290710000
2021-09-01,4524.08984375,4537.10986328125,4522.02001953125,4528.7998046875,4057340000
2021-09-02,4536.9501953125,4545.85009765625,4524.66015625,4534.47998046875,3735990000
2021-09-03,4535.43017578125,4541.4501953125,4521.2998046875,4532.419921875,3217530000
2021-09-07,4520.02978515625,4535.3798828125,4513.0,4535.3798828125,3822960000
2021-09-08,4514.06982421875,4521.7900390625,4493.9501953125,4518.08984375,3750880000
2021-09-09,4493.27978515625,4529.89990234375,4492.06982421875,4513.02001953125,3735390000
2021-09-10,4458.580078125,4520.47021484375,4457.66015625,4506.919921875,3623180000
2021-09-13,4468.72998046875,4492.990234375,4445.7001953125,4474.81005859375,3914220000
2021-09-14,4443.0498046875,4485.68017578125,4435.4599609375,4479.330078125,3670460000
2021-09-15,4480.7001953125,4486.8701171875,4438.3701171875,4447.490234375,4032020000
2021-09-16,4473.75,4485.8701171875,4443.7998046875,4477.08984375,3984560000
2021-09-17,4432.990234375,4471.52001953125,4427.759765625,4469.740234375,7289530000
2021-09-20,4357.72998046875,4402.9501953125,4305.91015625,4402.9501953125,4898070000
2021-09-21,4354.18994140625,4394.8701171875,4347.9599609375,4374.4501953125,3920920000
2021-09-22,4395.64013671875,4416.75,4367.43017578125,4367.43017578125,3939170000
2021-09-23,4448.97998046875,4465.39990234375,4406.75,4406.75,3916350000
2021-09-24,4455.47998046875,4463.1201171875,4430.27001953125,4438.0400390625,3384290000
2021-09-27,4443.10986328125,4457.2998046875,4436.18994140625,4442.1201171875,4058650000
2021-09-28,4352.6298828125,4419.5400390625,4346.330078125,4419.5400390625,4416550000
2021-09-29,4359.4599609375,4385.56982421875,4355.080078125,4362.41015625,3712660000
2021-09-30,4307.5400390625,4382.5498046875,4306.240234375,4370.669921875,4448140000
2021-10-01,4357.0400390625,4375.18994140625,4288.52001953125,4317.16015625,4010370000
2021-10-04,4300.4599609375,4355.509765625,4278.93994140625,4348.83984375,4307870000
2021-10-05,4345.72021484375,4369.22998046875,4309.8701171875,4309.8701171875,3902890000
2021-10-06,4363.5498046875,4365.56982421875,4290.490234375,4319.56982421875,4009630000
2021-10-07,4399.759765625,4429.97021484375,4383.72998046875,4383.72998046875,3843740000
2021-10-08,4391.33984375,4412.02001953125,4386.22021484375,4406.509765625,3280160000
2021-10-11,4361.18994140625,4415.8798828125,4360.58984375,4385.43994140625,3281970000
2021-10-12,4350.64990234375,4374.89013671875,4342.08984375,4368.31005859375,3558450000
2021-10-13,4363.7998046875,4372.8701171875,4329.919921875,4358.009765625,3620070000
2021-10-14,4438.259765625,4439.72998046875,4386.75,4386.75,3598280000
2021-10-15,4471.3701171875,4475.81982421875,4447.68994140625,4447.68994140625,3819380000
2021-10-18,4486.4599609375,4488.75,4447.47021484375,4463.72021484375,3662010000
2021-10-19,4519.6298828125,4520.39990234375,4496.41015625,4497.33984375,3459130000
2021-10-20,4536.18994140625,4540.8701171875,4524.39990234375,4524.419921875,3670760000
2021-10-21,4549.77978515625,4551.43994140625,4526.89013671875,4532.240234375,3822330000
2021-10-22,4544.89990234375,4559.669921875,4524.0,4546.1201171875,3758220000
2021-10-25,4566.47998046875,4572.6201171875,4537.35986328125,4553.68994140625,3899400000
2021-10-26,4574.7900390625,4598.52978515625,4569.169921875,4578.68994140625,3879740000
2021-10-27,4551.68017578125,4584.56982421875,4551.66015625,4580.22021484375,4226050000
2021-10-28,4596.419921875,4597.5498046875,4562.83984375,4562.83984375,4132950000
2021-10-29,4605.3798828125,4608.080078125,4567.58984375,4572.8701171875,4510200000
2021-11-01,4613.669921875,4620.33984375,4595.06005859375,4610.6201171875,3971540000
2021-11-02,4630.64990234375,4635.14990234375,4613.33984375,4613.33984375,3975250000
2021-11-03,4660.56982421875,4663.4599609375,4621.18994140625,4630.64990234375,4319660000
2021-11-04,4680.06005859375,4683.0,4662.58984375,4662.93017578125,4462300000
2021-11-05,4697.52978515625,4718.5,4681.31982421875,4699.259765625,4467180000
2021-11-08,4701.7001953125,4714.919921875,4694.39013671875,4701.47998046875,4269710000
2021-11-09,4685.25,4708.52978515625,4670.8701171875,4707.25,4117080000
2021-11-10,4646.7099609375,4684.85009765625,4630.85986328125,4670.259765625,4503720000
2021-11-11,4649.27001953125,4664.5498046875,4648.31005859375,4659.39013671875,3926870000
2021-11-12,4682.85009765625,4688.47021484375,4650.77001953125,4655.240234375,3728600000
2021-11-15,4682.7998046875,4697.419921875,4672.85986328125,4689.2998046875,3488410000
2021-11-16,4700.89990234375,4714.9501953125,4679.419921875,4679.419921875,3972640000
2021-11-17,4688.669921875,4701.5,4684.41015625,4701.5,3969070000
2021-11-18,4704.5400390625,4708.7998046875,4672.77978515625,4700.72021484375,4226410000
2021-11-19,4697.9599609375,4717.75,4694.22021484375,4708.43994140625,4253180000
2021-11-22,4682.93994140625,4743.830078125,4682.169921875,4712.0,4441100000
2021-11-23,4690.7001953125,4699.39013671875,4652.66015625,4678.47998046875,4277590000
2021-11-24,4701.4599609375,4702.8701171875,4659.89013671875,4675.77978515625,3418430000
2021-11-26,4594.6201171875,4664.6298828125,4585.43017578125,4664.6298828125,3517700000
2021-11-29,4655.27001953125,4672.9501953125,4625.259765625,4628.75,4336410000
2021-11-30,4567.0,4646.02001953125,4560.0,4640.25,6625990000
2021-12-01,4513.0400390625,4652.93994140625,4510.27001953125,4602.81982421875,5366730000
2021-12-02,4577.10009765625,4595.4599609375,4504.72998046875,4504.72998046875,5077180000
2021-12-03,4538.43017578125,4608.02978515625,4495.1201171875,4589.490234375,5240070000
2021-12-06,4591.669921875,4612.60009765625,4540.509765625,4548.3701171875,4770800000
2021-12-07,4686.75,4694.0400390625,4631.97021484375,4631.97021484375,4492400000
2021-12-08,4701.2099609375,4705.06005859375,4674.52001953125,4690.85986328125,4234600000
2021-12-09,4667.4501953125,4695.259765625,4665.97998046875,4691.0,3903840000
2021-12-10,4712.02001953125,4713.56982421875,4670.240234375,4687.64013671875,3870110000
2021-12-13,4668.97021484375,4710.2998046875,4667.60009765625,4710.2998046875,4397230000
2021-12-14,4634.08984375,4660.47021484375,4606.52001953125,4642.990234375,4485430000
2021-12-15,4709.85009765625,4712.60009765625,4611.22021484375,4636.4599609375,4910130000
2021-12-16,4668.669921875,4731.990234375,4651.89013671875,4719.1298828125,4829500000
2021-12-17,4620.64013671875,4666.7001953125,4600.22021484375,4652.5,7987090000
2021-12-20,4568.02001953125,4587.89990234375,4531.10009765625,4587.89990234375,4635700000
2021-12-21,4649.22998046875,4651.14013671875,4583.16015625,4594.9599609375,4072430000
2021-12-22,4696.56005859375,4697.669921875,4645.52978515625,4650.35986328125,3319610000
2021-12-23,4725.7900390625,4740.740234375,4703.9599609375,4703.9599609375,2913040000
2021-12-27,4791.18994140625,4791.490234375,4733.990234375,4733.990234375,2770290000
2021-12-28,4786.35009765625,4807.02001953125,4780.0400390625,4795.490234375,2707920000
2021-12-29,4793.06005859375,4804.06005859375,4778.080078125,4788.64013671875,2963310000
2021-12-30,4778.72998046875,4808.93017578125,4775.330078125,4794.22998046875,3124950000
2021-12-31,4766.18017578125,4786.830078125,4765.75,4775.2099609375,2677820000
2022-01-03,4796.56005859375,4796.64013671875,4758.169921875,4778.14013671875,3831020000
2022-01-04,4793.5400390625,4818.6201171875,4774.27001953125,4804.509765625,4683170000
2022-01-05,4700.580078125,4797.7001953125,4699.43994140625,4787.990234375,4887960000
2022-01-06,4696.0498046875,4725.009765625,4671.259765625,4693.39013671875,4295280000
2022-01-07,4677.02978515625,4707.9501953125,4662.740234375,4697.66015625,4181510000
2022-01-10,4670.2900390625,4673.02001953125,4582.240234375,4655.33984375,4511810000
2022-01-11,4713.06982421875,4714.1298828125,4638.27001953125,4669.14013671875,4101590000
2022-01-12,4726.35009765625,4748.830078125,4706.7099609375,4728.58984375,4048220000
2022-01-13,4659.02978515625,4744.1298828125,4650.2900390625,4733.56005859375,4251730000
2022-01-14,4662.85009765625,4665.1298828125,4614.75,4637.990234375,4338490000
2022-01-18,4577.10986328125,4632.240234375,4568.7001953125,4632.240234375,4748700000
2022-01-19,4532.759765625,4611.5498046875,4530.2001953125,4588.02978515625,4465740000
2022-01-20,4482.72998046875,4602.10986328125,4477.9501953125,4547.35009765625,4640870000
2022-01-21,4397.93994140625,4494.52001953125,4395.33984375,4471.3798828125,5589100000
2022-01-24,4410.1298828125,4417.35009765625,4222.6201171875,4356.31982421875,6928110000
2022-01-25,4356.4501953125,4411.009765625,4287.10986328125,4366.64013671875,5145050000
2022-01-26,4349.93017578125,4453.22998046875,4304.7998046875,4408.43017578125,5570640000
2022-01-27,4326.509765625,4428.740234375,4309.5,4380.580078125,5214200000
2022-01-28,4431.85009765625,4432.72021484375,4292.4599609375,4336.18994140625,5031090000
2022-01-31,4515.5498046875,4516.89013671875,4414.02001953125,4431.7900390625,5098610000
2022-02-01,4546.5400390625,4550.490234375,4483.52978515625,4519.56982421875,4816830000
2022-02-02,4589.3798828125,4595.31005859375,4544.31982421875,4566.39013671875,4481580000
2022-02-03,4477.43994140625,4542.8798828125,4470.39013671875,4535.41015625,4401970000
2022-02-04,4500.52978515625,4539.66015625,4451.5,4482.7900390625,4706290000
2022-02-07,4483.8701171875,4521.85986328125,4471.47021484375,4505.75,4228480000
2022-02-08,4521.5400390625,4531.31982421875,4465.39990234375,4480.02001953125,4459620000
2022-02-09,4587.18017578125,4590.02978515625,4547.0,4547.0,4524350000
2022-02-10,4504.080078125,4588.919921875,4484.31005859375,4553.240234375,5314860000
2022-02-11,4418.64013671875,4526.330078125,4401.41015625,4506.27001953125,5251500000
2022-02-14,4401.669921875,4426.22021484375,4364.83984375,4412.60986328125,4600390000
2022-02-15,4471.06982421875,4472.77001953125,4429.27978515625,4429.27978515625,4430830000
2022-02-16,4475.009765625,4489.5498046875,4429.68017578125,4455.75,4283640000
2022-02-17,4380.259765625,4456.06005859375,4373.81005859375,4456.06005859375,4539420000
2022-02-18,4348.8701171875,4394.60009765625,4327.22021484375,4384.56982421875,4708060000
2022-02-22,4304.759765625,4362.1201171875,4267.10986328125,4332.740234375,5121900000
2022-02-23,4225.5,4341.509765625,4221.509765625,4324.93017578125,4797430000
2022-02-24,4288.7001953125,4294.72998046875,4114.64990234375,4155.77001953125,6752130000
2022-02-25,4384.64990234375,4385.33984375,4286.830078125,4298.3798828125,5177060000
2022-02-28,4373.93994140625,4388.83984375,4315.1201171875,4354.169921875,6071370000
2022-03-01,4306.259765625,4378.4501953125,4279.5400390625,4363.14013671875,5846230000
2022-03-02,4386.5400390625,4401.47998046875,4322.56005859375,4322.56005859375,5337870000
2022-03-03,4363.490234375,4416.77978515625,4345.56005859375,4401.31005859375,5039890000
2022-03-04,4328.8701171875,4342.1201171875,4284.97998046875,4342.1201171875,5797380000
2022-03-07,4201.08984375,4327.009765625,4199.85009765625,4327.009765625,6940470000
2022-03-08,4170.7001953125,4276.93994140625,4157.8701171875,4202.66015625,7243120000
2022-03-09,4277.8798828125,4299.39990234375,4223.10009765625,4223.10009765625,5662670000
2022-03-10,4259.52001953125,4268.27978515625,4209.7998046875,4252.5498046875,4980830000
2022-03-11,4204.31005859375,4291.009765625,4200.490234375,4279.5,4938640000
2022-03-14,4173.10986328125,4247.56982421875,4161.72021484375,4202.75,5574920000
2022-03-15,4262.4501953125,4271.0498046875,4187.89990234375,4188.81982421875,5392470000
2022-03-16,4357.85986328125,4358.89990234375,4251.990234375,4288.14013671875,6309750000
2022-03-17,4411.669921875,4412.669921875,4335.64990234375,4345.10986328125,4985090000
2022-03-18,4463.1201171875,4465.39990234375,4390.56982421875,4407.33984375,8278430000
2022-03-21,4461.18017578125,4481.75,4424.2998046875,4462.39990234375,4869820000
2022-03-22,4511.60986328125,4522.0,4469.10009765625,4469.10009765625,4754840000
2022-03-23,4456.240234375,4501.06982421875,4455.81005859375,4493.10009765625,4550670000
2022-03-24,4520.16015625,4520.580078125,4465.169921875,4469.97998046875,4131390000
2022-03-25,4543.06005859375,4546.02978515625,4501.06982421875,4522.91015625,4305020000
2022-03-28,4575.52001953125,4575.64990234375,4517.68994140625,4541.08984375,4312260000
2022-03-29,4631.60009765625,4637.2998046875,4589.66015625,4602.85986328125,5085910000
2022-03-30,4602.4501953125,4627.77001953125,4581.31982421875,4624.2001953125,4385570000
2022-03-31,4530.41015625,4603.06982421875,4530.41015625,4599.02001953125,4823020000
2022-04-01,4545.85986328125,4548.7001953125,4507.56982421875,4540.31982421875,4562940000
2022-04-04,4582.64013671875,4583.5,4539.2099609375,4547.97021484375,4547350000
2022-04-05,4525.1201171875,4593.4501953125,4514.169921875,4572.4501953125,4800620000
2022-04-06,4481.14990234375,4503.93994140625,4450.0400390625,4494.169921875,4986830000
2022-04-07,4500.2099609375,4521.16015625,4450.2998046875,4474.64990234375,4821490000
2022-04-08,4488.27978515625,4520.41015625,4474.60009765625,4494.14990234375,4083200000
2022-04-11,4412.52978515625,4464.35009765625,4408.3798828125,4462.64013671875,4266290000
2022-04-12,4397.4501953125,4471.0,4381.33984375,4437.58984375,4152090000
2022-04-13,4446.58984375,4453.919921875,4392.7001953125,4394.2998046875,3828150000
2022-04-14,4392.58984375,4460.4599609375,4390.77001953125,4449.1201171875,4083090000
2022-04-18,4391.68994140625,4410.31005859375,4370.2998046875,4385.6298828125,3910490000
2022-04-19,4462.2099609375,4471.02978515625,4390.6298828125,4390.6298828125,4108120000
2022-04-20,4459.4501953125,4488.2900390625,4448.759765625,4472.259765625,4290450000
2022-04-21,4393.66015625,4512.93994140625,4384.47021484375,4489.169921875,4636890000
2022-04-22,4271.77978515625,4385.830078125,4267.6201171875,4385.830078125,4651940000
2022-04-25,4296.1201171875,4299.02001953125,4200.81982421875,4255.33984375,5240040000
2022-04-26,4175.2001953125,4278.14013671875,4175.0400390625,4278.14013671875,4689970000
2022-04-27,4183.9599609375,4240.7099609375,4162.89990234375,4186.52001953125,4769680000
2022-04-28,4287.5,4308.4501953125,4188.6298828125,4222.580078125,4854180000
2022-04-29,4131.93017578125,4269.68017578125,4124.27978515625,4253.75,5084030000
2022-05-02,4155.3798828125,4169.81005859375,4062.510009765625,4130.60986328125,5163790000
2022-05-03,4175.47998046875,4200.10009765625,4147.080078125,4159.77978515625,4582050000
2022-05-04,4300.169921875,4307.66015625,4148.91015625,4181.18017578125,5136360000
2022-05-05,4146.8701171875,4270.43017578125,4106.009765625,4270.43017578125,5077030000
2022-05-06,4123.33984375,4157.68994140625,4067.909912109375,4128.169921875,5116940000
2022-05-09,3991.239990234375,4081.27001953125,3975.47998046875,4081.27001953125,5954520000
2022-05-10,4001.050048828125,4068.820068359375,3958.169921875,4035.179931640625,5885820000
2022-05-11,3935.179931640625,4049.090087890625,3928.820068359375,3990.080078125,5816140000
2022-05-12,3930.080078125,3964.800048828125,3858.8701171875,3903.949951171875,6286450000
2022-05-13,4023.889892578125,4038.8798828125,3963.89990234375,3963.89990234375,5183340000
2022-05-16,4008.010009765625,4046.4599609375,3983.989990234375,4013.02001953125,4415030000
2022-05-17,4088.85009765625,4090.719970703125,4033.929931640625,4052.0,4841410000
2022-05-18,3923.679931640625,4051.97998046875,3911.909912109375,4051.97998046875,5103220000
2022-05-19,3900.7900390625,3945.9599609375,3876.580078125,3899.0,5113550000
2022-05-20,3901.360107421875,3943.419921875,3810.320068359375,3927.760009765625,5130730000
2022-05-23,3973.75,3981.8798828125,3909.0400390625,3919.419921875,4420030000
2022-05-24,3941.47998046875,3955.679931640625,3875.1298828125,3942.93994140625,4923190000
2022-05-25,3978.72998046875,3999.330078125,3925.030029296875,3929.590087890625,4802560000
2022-05-26,4057.840087890625,4075.139892578125,3984.60009765625,3984.60009765625,4709970000
2022-05-27,4158.240234375,4158.490234375,4077.429931640625,4077.429931640625,4375620000
2022-05-31,4132.14990234375,4168.33984375,4104.8798828125,4151.08984375,6822640000
2022-06-01,4101.22998046875,4166.5400390625,4073.85009765625,4149.77978515625,4531800000
2022-06-02,4176.81982421875,4177.509765625,4074.3701171875,4095.409912109375,4405790000
2022-06-03,4108.5400390625,4142.669921875,4098.669921875,4137.56982421875,3711110000
2022-06-06,4121.43017578125,4168.77978515625,4109.18017578125,4134.72021484375,4332700000
2022-06-07,4160.68017578125,4164.85986328125,4080.18994140625,4096.47021484375,4248210000
2022-06-08,4115.77001953125,4160.14013671875,4107.2001953125,4147.1201171875,4159470000
2022-06-09,4017.820068359375,4119.10009765625,4017.169921875,4101.64990234375,4134170000
2022-06-10,3900.860107421875,3974.389892578125,3900.159912109375,3974.389892578125,4889640000
2022-06-13,3749.6298828125,3838.14990234375,3734.300048828125,3838.14990234375,5636890000
2022-06-14,3735.47998046875,3778.179931640625,3705.679931640625,3763.52001953125,5153890000
2022-06-15,3789.989990234375,3837.56005859375,3722.300048828125,3764.050048828125,5530480000
2022-06-16,3666.77001953125,3728.179931640625,3639.77001953125,3728.179931640625,5644930000
2022-06-17,3674.840087890625,3707.7099609375,3636.8701171875,3665.89990234375,8520740000
2022-06-21,3764.7900390625,3779.64990234375,3715.31005859375,3715.31005859375,5292260000
2022-06-22,3759.889892578125,3801.7900390625,3717.68994140625,3733.889892578125,5058990000
2022-06-23,3795.72998046875,3802.580078125,3743.52001953125,3774.7099609375,5098640000
2022-06-24,3911.739990234375,3913.64990234375,3821.75,3821.75,8120260000
2022-06-27,3900.110107421875,3927.719970703125,3889.659912109375,3920.760009765625,4325310000
2022-06-28,3821.550048828125,3945.860107421875,3820.139892578125,3913.0,4270120000
2022-06-29,3818.830078125,3836.5,3799.02001953125,3825.090087890625,4211240000
2022-06-30,3785.3798828125,3818.989990234375,3738.669921875,3785.989990234375,4840070000
2022-07-01,3825.330078125,3829.820068359375,3752.10009765625,3781.0,4046950000
2022-07-05,3831.389892578125,3832.18994140625,3742.06005859375,3792.610107421875,5076590000
2022-07-06,3845.080078125,3870.909912109375,3809.3701171875,3831.97998046875,4417720000
2022-07-07,3902.6201171875,3910.6298828125,3858.85009765625,3858.85009765625,4057770000
2022-07-08,3899.3798828125,3918.5,3869.340087890625,3888.260009765625,3521620000
2022-07-11,3854.429931640625,3880.93994140625,3847.219970703125,3880.93994140625,3423480000
2022-07-12,3818.800048828125,3873.409912109375,3802.360107421875,3851.949951171875,3817210000
2022-07-13,3801.780029296875,3829.43994140625,3759.070068359375,3779.669921875,4109390000
2022-07-14,3790.3798828125,3796.409912109375,3721.56005859375,3763.989990234375,4199690000
2022-07-15,3863.159912109375,3863.6201171875,3817.179931640625,3818.0,4143800000
2022-07-18,3830.85009765625,3902.43994140625,3818.6298828125,3883.7900390625,4046870000
2022-07-19,3936.68994140625,3939.81005859375,3860.72998046875,3860.72998046875,4041070000
2022-07-20,3959.89990234375,3974.1298828125,3922.030029296875,3935.320068359375,4185300000
2022-07-21,3998.949951171875,3999.2900390625,3927.639892578125,3955.469970703125,4132790000
2022-07-22,3961.6298828125,4012.43994140625,3938.860107421875,3998.429931640625,3979240000
2022-07-25,3966.840087890625,3975.300048828125,3943.4599609375,3965.719970703125,3568340000
2022-07-26,3921.050048828125,3953.219970703125,3910.739990234375,3953.219970703125,3778950000
2022-07-27,4023.610107421875,4039.56005859375,3951.429931640625,3951.429931640625,4112180000
2022-07-28,4072.429931640625,4078.949951171875,3992.969970703125,4026.1298828125,4413000000
2022-07-29,4130.2900390625,4140.14990234375,4079.219970703125,4087.330078125,4616360000
2022-08-01,4118.6298828125,4144.9501953125,4096.02001953125,4112.3798828125,4202810000
2022-08-02,4091.18994140625,4140.47021484375,4079.81005859375,4104.2099609375,4727710000
2022-08-03,4155.169921875,4167.66015625,4107.9599609375,4107.9599609375,4351760000
2022-08-04,4151.93994140625,4161.2900390625,4135.419921875,4154.85009765625,4283320000
2022-08-05,4145.18994140625,4151.580078125,4107.31005859375,4115.8701171875,4085940000
2022-08-08,4140.06005859375,4186.6201171875,4128.97021484375,4155.93017578125,4221090000
2022-08-09,4122.47021484375,4137.2998046875,4112.08984375,4133.10986328125,3913090000
2022-08-10,4210.240234375,4211.02978515625,4177.259765625,4181.02001953125,4546010000
2022-08-11,4207.27001953125,4257.91015625,4201.41015625,4227.39990234375,4630200000
2022-08-12,4280.14990234375,4280.47021484375,4219.77978515625,4225.02001953125,3788010000
2022-08-15,4297.14013671875,4301.7900390625,4256.89990234375,4269.3701171875,3696830000
2022-08-16,4305.2001953125,4325.27978515625,4277.77001953125,4290.4599609375,4329820000
2022-08-17,4274.0400390625,4302.18017578125,4253.080078125,4280.39990234375,3885030000
2022-08-18,4283.740234375,4292.52978515625,4261.97998046875,4273.1298828125,3340330000
2022-08-19,4228.47998046875,4266.31005859375,4218.7001953125,4266.31005859375,3761340000
2022-08-22,4137.990234375,4195.080078125,4129.85986328125,4195.080078125,3907430000
2022-08-23,4128.72998046875,4159.77001953125,4124.02978515625,4133.08984375,3823520000
2022-08-24,4140.77001953125,4156.56005859375,4119.97021484375,4126.5498046875,3583630000
2022-08-25,4199.1201171875,4200.5400390625,4147.58984375,4153.259765625,3566870000
2022-08-26,4057.659912109375,4203.0400390625,4057.659912109375,4198.740234375,3832750000
2022-08-29,4030.610107421875,4062.989990234375,4017.419921875,4034.580078125,3396510000
2022-08-30,3986.159912109375,4044.97998046875,3965.2099609375,4041.25,3835860000
2022-08-31,3955.0,4015.3701171875,3954.530029296875,4000.669921875,4542490000
2022-09-01,3966.85009765625,3970.22998046875,3903.64990234375,3936.72998046875,4152250000
2022-09-02,3924.260009765625,4018.429931640625,3906.2099609375,3994.659912109375,3665850000
2022-09-06,3908.18994140625,3942.550048828125,3886.75,3930.889892578125,4127340000
2022-09-07,3979.8701171875,3987.889892578125,3906.030029296875,3909.429931640625,3890320000
2022-09-08,4006.179931640625,4010.5,3944.81005859375,3959.93994140625,3966850000
2022-09-09,4067.360107421875,4076.81005859375,4022.93994140625,4022.93994140625,3901940000
2022-09-12,4110.41015625,4119.27978515625,4083.669921875,4083.669921875,3814200000
2022-09-13,3932.68994140625,4037.1201171875,3921.280029296875,4037.1201171875,4224550000
2022-09-14,3946.010009765625,3961.93994140625,3912.179931640625,3940.72998046875,4293240000
2022-09-15,3901.35009765625,3959.139892578125,3888.280029296875,3932.409912109375,4441830000
2022-09-16,3873.330078125,3880.949951171875,3837.080078125,3880.949951171875,7954650000
2022-09-19,3899.889892578125,3900.449951171875,3838.5,3849.909912109375,3766850000
2022-09-20,3855.929931640625,3876.010009765625,3827.5400390625,3875.22998046875,4058050000
2022-09-21,3789.929931640625,3907.070068359375,3789.489990234375,3871.39990234375,4078330000
2022-09-22,3757.989990234375,3790.89990234375,3749.449951171875,3782.360107421875,4284600000
2022-09-23,3693.22998046875,3727.139892578125,3647.469970703125,3727.139892578125,5144270000
2022-09-26,3655.0400390625,3715.669921875,3644.760009765625,3682.719970703125,4886140000
2022-09-27,3647.2900390625,3717.530029296875,3623.2900390625,3686.43994140625,4577740000
2022-09-28,3719.0400390625,3736.739990234375,3640.610107421875,3651.93994140625,4684850000
2022-09-29,3640.469970703125,3687.010009765625,3610.39990234375,3687.010009765625,4681810000
2022-09-30,3585.6201171875,3671.43994140625,3584.1298828125,3633.47998046875,5645360000
2022-10-03,3678.429931640625,3698.35009765625,3604.929931640625,3609.780029296875,4806680000
2022-10-04,3790.929931640625,3791.919921875,3726.4599609375,3726.4599609375,5146580000
2022-10-05,3783.280029296875,3806.909912109375,3722.659912109375,3753.25,4293180000
2022-10-06,3744.52001953125,3797.929931640625,3739.219970703125,3771.969970703125,4252100000
2022-10-07,3639.659912109375,3706.739990234375,3620.72998046875,3706.739990234375,4449660000
2022-10-10,3612.389892578125,3652.169921875,3588.10009765625,3647.510009765625,3834320000
2022-10-11,3588.840087890625,3640.659912109375,3568.449951171875,3595.860107421875,4759030000
2022-10-12,3577.030029296875,3608.340087890625,3573.860107421875,3590.830078125,4006830000
2022-10-13,3669.909912109375,3685.409912109375,3491.580078125,3520.3701171875,5021680000
2022-10-14,3583.070068359375,3712.0,3579.679931640625,3690.409912109375,4243030000
2022-10-17,3677.949951171875,3689.72998046875,3638.64990234375,3638.64990234375,4352780000
2022-10-18,3719.97998046875,3762.7900390625,3686.530029296875,3746.260009765625,4483740000
2022-10-19,3695.159912109375,3728.580078125,3666.510009765625,3703.110107421875,4223800000
2022-10-20,3665.780029296875,3736.0,3656.43994140625,3689.050048828125,4496620000
2022-10-21,3752.75,3757.889892578125,3647.419921875,3657.10009765625,5078020000
2022-10-24,3797.340087890625,3810.739990234375,3741.64990234375,3762.010009765625,4747930000
2022-10-25,3859.110107421875,3862.85009765625,3799.43994140625,3799.43994140625,4843120000
2022-10-26,3830.60009765625,3886.14990234375,3824.070068359375,3825.969970703125,4817310000
2022-10-27,3807.300048828125,3859.949951171875,3803.7900390625,3834.68994140625,4687320000
2022-10-28,3901.06005859375,3905.419921875,3808.260009765625,3808.260009765625,4459410000
2022-10-31,3871.97998046875,3893.72998046875,3863.179931640625,3881.85009765625,4820620000
2022-11-01,3856.10009765625,3911.7900390625,3843.800048828125,3901.7900390625,4481210000
2022-11-02,3759.68994140625,3894.43994140625,3758.679931640625,3852.89990234375,4899000000
2022-11-03,3719.889892578125,3750.590087890625,3698.14990234375,3733.25,4625290000
2022-11-04,3770.550048828125,3796.340087890625,3708.840087890625,3766.97998046875,5400180000
2022-11-07,3806.800048828125,3813.949951171875,3764.699951171875,3780.7099609375,4341620000
2022-11-08,3828.110107421875,3859.39990234375,3786.280029296875,3817.02001953125,4607640000
2022-11-09,3748.570068359375,3818.199951171875,3744.219970703125,3810.93994140625,4645010000
2022-11-10,3956.3701171875,3958.330078125,3859.889892578125,3859.889892578125,5781260000
2022-11-11,3992.929931640625,4001.47998046875,3944.820068359375,3963.719970703125,5593310000
2022-11-14,3957.25,4008.969970703125,3956.39990234375,3977.969970703125,4561930000
2022-11-15,3991.72998046875,4028.840087890625,3953.169921875,4006.409912109375,5015310000
2022-11-16,3958.7900390625,3983.090087890625,3954.340087890625,3976.820068359375,4165320000
2022-11-17,3946.56005859375,3954.330078125,3906.5400390625,3919.260009765625,4051780000
2022-11-18,3965.340087890625,3979.889892578125,3935.97998046875,3966.389892578125,4037360000
2022-11-21,3949.93994140625,3962.0,3933.340087890625,3956.22998046875,3850690000
2022-11-22,4003.580078125,4005.8798828125,3956.8798828125,3965.510009765625,3887990000
2022-11-23,4027.260009765625,4033.780029296875,3998.659912109375,4000.300048828125,3279720000
2022-11-25,4026.1201171875,4034.02001953125,4020.760009765625,4023.340087890625,1706460000
2022-11-28,3963.93994140625,4012.27001953125,3955.77001953125,4005.360107421875,3615430000
2022-11-29,3957.6298828125,3976.77001953125,3937.64990234375,3964.18994140625,3546040000
2022-11-30,4080.110107421875,4080.110107421875,3938.580078125,3957.179931640625,6579360000
2022-12-01,4076.570068359375,4100.509765625,4050.8701171875,4087.139892578125,4527130000
2022-12-02,4071.699951171875,4080.47998046875,4026.6298828125,4040.169921875,4012620000
2022-12-05,3998.840087890625,4052.449951171875,3984.489990234375,4052.02001953125,4280820000
2022-12-06,3941.260009765625,4001.510009765625,3918.389892578125,3996.6298828125,4368380000
2022-12-07,3933.919921875,3957.570068359375,3922.679931640625,3933.280029296875,4118050000
2022-12-08,3963.510009765625,3974.18994140625,3935.830078125,3947.7900390625,4006900000
2022-12-09,3934.3798828125,3977.02001953125,3933.0400390625,3954.169921875,3888260000
2022-12-12,3990.56005859375,3990.7099609375,3935.300048828125,3939.2900390625,3904130000
2022-12-13,4019.64990234375,4100.9599609375,3993.030029296875,4069.3798828125,5079360000
2022-12-14,3995.320068359375,4053.760009765625,3965.64990234375,4015.5400390625,4472340000
2022-12-15,3895.75,3958.3701171875,3879.449951171875,3958.3701171875,4493900000
2022-12-16,3852.360107421875,3890.909912109375,3827.909912109375,3890.909912109375,7493660000
2022-12-19,3817.659912109375,3854.860107421875,3800.0400390625,3853.7900390625,3969610000
2022-12-20,3821.6201171875,3838.239990234375,3795.6201171875,3810.469970703125,3985370000
2022-12-21,3878.43994140625,3889.820068359375,3839.489990234375,3839.489990234375,3775200000
2022-12-22,3822.389892578125,3853.260009765625,3764.489990234375,3853.260009765625,3956950000
2022-12-23,3844.820068359375,3845.800048828125,3797.010009765625,3815.110107421875,2819280000
2022-12-27,3829.25,3846.64990234375,3813.219970703125,3843.340087890625,3030300000
2022-12-28,3783.219970703125,3848.320068359375,3780.780029296875,3829.56005859375,3083520000
2022-12-29,3849.280029296875,3858.18994140625,3805.449951171875,3805.449951171875,3003680000
2022-12-30,3839.5,3839.85009765625,3800.340087890625,3829.06005859375,2979870000
2023-01-03,3824.139892578125,3878.4599609375,3794.330078125,3853.2900390625,3959140000
2023-01-04,3852.969970703125,3873.159912109375,3815.77001953125,3840.360107421875,4414080000
2023-01-05,3808.10009765625,3839.739990234375,3802.419921875,3839.739990234375,3893450000
2023-01-06,3895.080078125,3906.18994140625,3809.56005859375,3823.3701171875,3923560000
2023-01-09,3892.090087890625,3950.570068359375,3890.419921875,3910.820068359375,4311770000
2023-01-10,3919.25,3919.830078125,3877.2900390625,3888.570068359375,3851030000
2023-01-11,3969.610107421875,3970.070068359375,3928.5400390625,3932.35009765625,4303360000
2023-01-12,3983.169921875,3997.760009765625,3937.56005859375,3977.570068359375,4440260000
2023-01-13,3999.090087890625,4003.949951171875,3947.669921875,3960.60009765625,3939700000
2023-01-17,3990.969970703125,4015.389892578125,3984.570068359375,3999.280029296875,4235560000
2023-01-18,3928.860107421875,4014.159912109375,3926.590087890625,4002.25,4298710000
2023-01-19,3898.85009765625,3922.93994140625,3885.5400390625,3911.840087890625,3991500000
2023-01-20,3972.610107421875,3972.9599609375,3897.860107421875,3909.0400390625,4013360000
2023-01-23,4019.81005859375,4039.31005859375,3971.639892578125,3978.139892578125,3945210000
2023-01-24,4016.949951171875,4023.919921875,3989.7900390625,4001.739990234375,3320430000
2023-01-25,4016.219970703125,4019.550048828125,3949.06005859375,3982.7099609375,3724020000
2023-01-26,4060.429931640625,4061.570068359375,4013.2900390625,4036.080078125,3809590000
2023-01-27,4070.56005859375,4094.2099609375,4048.699951171875,4053.719970703125,3907760000
2023-01-30,4017.77001953125,4063.85009765625,4015.550048828125,4049.27001953125,3802000000
2023-01-31,4076.60009765625,4077.159912109375,4020.43994140625,4020.85009765625,4679320000
2023-02-01,4119.2099609375,4148.9501953125,4037.199951171875,4070.070068359375,4856930000
2023-02-02,4179.759765625,4195.43994140625,4141.8798828125,4158.68017578125,5624360000
2023-02-03,4136.47998046875,4182.35986328125,4123.35986328125,4136.68994140625,4694510000
2023-02-06,4111.080078125,4124.6298828125,4093.3798828125,4119.56982421875,4114240000
2023-02-07,4164.0,4176.5400390625,4088.389892578125,4105.35009765625,4355860000
2023-02-08,4117.85986328125,4156.85009765625,4111.669921875,4153.47021484375,4029820000
2023-02-09,4081.5,4156.22998046875,4069.669921875,4144.25,4270200000
2023-02-10,4090.4599609375,4094.360107421875,4060.7900390625,4068.919921875,3891520000
2023-02-13,4137.2900390625,4138.89990234375,4092.669921875,4096.6201171875,3448620000
2023-02-14,4136.1298828125,4159.77001953125,4095.010009765625,4126.7001953125,3929200000
2023-02-15,4147.60009765625,4148.10986328125,4103.97998046875,4119.5,4075980000
2023-02-16,4090.409912109375,4136.5400390625,4089.489990234375,4114.75,4143660000
2023-02-17,4079.090087890625,4081.510009765625,4047.949951171875,4077.389892578125,4045480000
2023-02-21,3997.340087890625,4052.35009765625,3995.18994140625,4052.35009765625,4121590000
2023-02-22,3991.050048828125,4017.3701171875,3976.89990234375,4001.830078125,4079320000
2023-02-23,4012.320068359375,4028.300048828125,3969.18994140625,4018.60009765625,3952940000
2023-02-24,3970.0400390625,3978.25,3943.080078125,3973.239990234375,3877700000
2023-02-27,3982.239990234375,4018.050048828125,3973.550048828125,3992.360107421875,3836950000
2023-02-28,3970.14990234375,3997.5,3968.97998046875,3977.18994140625,5043400000
2023-03-01,3951.389892578125,3971.72998046875,3939.050048828125,3963.340087890625,4249480000
2023-03-02,3981.35009765625,3990.840087890625,3928.159912109375,3938.679931640625,4244900000
2023-03-03,4045.639892578125,4048.2900390625,3995.169921875,3998.02001953125,4084730000
2023-03-06,4048.419921875,4078.489990234375,4044.610107421875,4055.14990234375,4000870000
2023-03-07,3986.3701171875,4050.0,3980.31005859375,4048.260009765625,3922500000
2023-03-08,3992.010009765625,4000.409912109375,3969.760009765625,3987.550048828125,3535570000
2023-03-09,3918.320068359375,4017.81005859375,3908.699951171875,3998.659912109375,4445260000
2023-03-10,3861.590087890625,3934.050048828125,3846.320068359375,3912.77001953125,5518190000
2023-03-13,3855.760009765625,3905.050048828125,3808.860107421875,3835.1201171875,6558020000
2023-03-14,3919.2900390625,3937.2900390625,3873.6298828125,3894.010009765625,5665870000
2023-03-15,3891.929931640625,3894.260009765625,3838.239990234375,3876.739990234375,6594010000
2023-03-16,3960.280029296875,3964.4599609375,3864.110107421875,3878.929931640625,5695790000
2023-03-17,3916.639892578125,3958.909912109375,3901.27001953125,3958.68994140625,9354280000
2023-03-20,3951.570068359375,3956.6201171875,3916.889892578125,3917.469970703125,5347140000
2023-03-21,4002.8701171875,4009.080078125,3971.18994140625,3975.889892578125,4920240000
2023-03-22,3936.969970703125,4039.489990234375,3936.169921875,4002.0400390625,4533010000
2023-03-23,3948.719970703125,4007.659912109375,3919.050048828125,3959.2099609375,4991600000
2023-03-24,3970.989990234375,3972.739990234375,3909.159912109375,3939.2099609375,4583970000
2023-03-27,3977.530029296875,4003.830078125,3970.489990234375,3982.929931640625,4233540000
2023-03-28,3971.27001953125,3979.199951171875,3951.530029296875,3974.1298828125,4014600000
2023-03-29,4027.81005859375,4030.590087890625,3999.530029296875,3999.530029296875,4145250000
2023-03-30,4050.830078125,4057.85009765625,4032.10009765625,4046.739990234375,3930860000
2023-03-31,4109.31005859375,4110.75,4056.179931640625,4056.179931640625,4525120000
2023-04-03,4124.509765625,4127.66015625,4098.7900390625,4102.2001953125,4234700000
2023-04-04,4100.60009765625,4133.1298828125,4086.8701171875,4128.02978515625,4227800000
2023-04-05,4090.3798828125,4099.68994140625,4072.56005859375,4094.5,3968020000
2023-04-06,4105.02001953125,4107.31982421875,4069.840087890625,4081.14990234375,3486690000
2023-04-10,4109.10986328125,4109.5,4072.550048828125,4085.199951171875,3423650000
2023-04-11,4108.93994140625,4124.259765625,4102.60986328125,4110.2900390625,3665830000
2023-04-12,4091.949951171875,4134.3701171875,4086.93994140625,4121.72021484375,3633120000
2023-04-13,4146.22021484375,4150.259765625,4099.39990234375,4100.0400390625,3596590000
2023-04-14,4137.64013671875,4163.18994140625,4113.2001953125,4140.10986328125,3575690000
2023-04-17,4151.31982421875,4151.72021484375,4123.18017578125,4137.169921875,3611180000
2023-04-18,4154.8701171875,4169.47998046875,4140.35986328125,4164.259765625,3536640000
2023-04-19,4154.52001953125,4162.56982421875,4134.490234375,4139.330078125,3572560000
2023-04-20,4129.7900390625,4148.56982421875,4114.56982421875,4130.47998046875,3772080000
2023-04-21,4133.52001953125,4138.02001953125,4113.85986328125,4132.14013671875,3611750000
2023-04-24,4137.0400390625,4142.41015625,4117.77001953125,4132.06982421875,3290940000
2023-04-25,4071.6298828125,4126.43017578125,4071.3798828125,4126.43017578125,3978640000
2023-04-26,4055.989990234375,4089.669921875,4049.35009765625,4087.780029296875,3837030000
2023-04-27,4135.35009765625,4138.240234375,4075.2900390625,4075.2900390625,3750550000
2023-04-28,4169.47998046875,4170.06005859375,4127.18017578125,4129.6298828125,4087800000
2023-05-01,4167.8701171875,4186.919921875,4164.1201171875,4166.7900390625,3321370000
2023-05-02,4119.580078125,4164.10009765625,4089.719970703125,4164.10009765625,4486130000
2023-05-03,4090.75,4148.2998046875,4088.860107421875,4122.25,4246510000
2023-05-04,4061.219970703125,4082.610107421875,4048.280029296875,4082.550048828125,4920090000
2023-05-05,4136.25,4147.02001953125,4084.72998046875,4084.72998046875,4186270000
2023-05-08,4138.1201171875,4142.2998046875,4123.81005859375,4136.97998046875,3641640000
2023-05-09,4119.169921875,4130.35009765625,4116.64990234375,4124.25,3810140000
2023-05-10,4137.64013671875,4154.27978515625,4098.919921875,4143.740234375,4057160000
2023-05-11,4130.6201171875,4132.7998046875,4109.2900390625,4132.240234375,3752900000
2023-05-12,4124.080078125,4143.740234375,4099.1201171875,4138.5400390625,3533740000
2023-05-15,4136.27978515625,4141.25,4110.27001953125,4126.64990234375,3562170000
2023-05-16,4109.89990234375,4135.5400390625,4109.85986328125,4127.9501953125,3654200000
2023-05-17,4158.77001953125,4164.669921875,4113.6201171875,4122.85009765625,4039080000
2023-05-18,4198.0498046875,4202.2001953125,4153.5,4157.68017578125,3980500000
2023-05-19,4191.97998046875,4212.91015625,4180.2001953125,4204.14990234375,4041900000
2023-05-22,4192.6298828125,4209.22021484375,4179.68017578125,4190.77978515625,3728520000
2023-05-23,4145.580078125,4185.68017578125,4142.5400390625,4176.7998046875,4155320000
2023-05-24,4115.240234375,4132.9599609375,4103.97998046875,4132.9599609375,0
2023-05-25,4151.27978515625,4165.740234375,4129.72998046875,4155.7099609375,4147760000
2023-05-26,4205.4501953125,4212.8701171875,4156.16015625,4156.16015625,3715460000
2023-05-30,4205.52001953125,4231.10009765625,4192.18017578125,4226.7099609375,4228510000
2023-05-31,4179.830078125,4195.43994140625,4166.14990234375,4190.740234375,5980670000
2023-06-01,4221.02001953125,4232.43017578125,4171.64013671875,4183.02978515625,4391860000
2023-06-02,4282.3701171875,4290.669921875,4241.009765625,4241.009765625,4454200000
2023-06-05,4273.7900390625,4299.27978515625,4266.81982421875,4282.990234375,3813290000
2023-06-06,4283.85009765625,4288.330078125,4263.08984375,4271.33984375,3996560000
2023-06-07,4267.52001953125,4299.18994140625,4263.9599609375,4285.47021484375,4537800000
2023-06-08,4293.93017578125,4298.009765625,4261.06982421875,4268.68994140625,3826740000
2023-06-09,4298.85986328125,4322.6201171875,4291.7001953125,4304.8798828125,3786510000
2023-06-12,4338.93017578125,4340.1298828125,4304.3701171875,4308.31982421875,3945670000
2023-06-13,4369.009765625,4375.3701171875,4349.31005859375,4352.60986328125,4275400000
2023-06-14,4372.58984375,4391.81982421875,4337.85009765625,4366.2900390625,4252110000
2023-06-15,4425.83984375,4439.2001953125,4362.60009765625,4365.330078125,4176690000
2023-06-16,4409.58984375,4448.47021484375,4407.43994140625,4440.9501953125,6848600000
2023-06-20,4388.7099609375,4400.14990234375,4367.18994140625,4396.10986328125,4055790000
2023-06-21,4365.68994140625,4386.22021484375,4360.14013671875,4380.009765625,3709330000
2023-06-22,4381.89013671875,4382.25,4351.81982421875,4355.39990234375,3511000000
2023-06-23,4348.330078125,4366.5498046875,4341.33984375,4354.169921875,6053620000
2023-06-26,4328.81982421875,4362.06005859375,4328.080078125,4344.83984375,3415030000
2023-06-27,4378.41015625,4384.419921875,4335.0,4337.35986328125,3573500000
2023-06-28,4376.85986328125,4390.35009765625,4360.22021484375,4367.47998046875,3739330000
2023-06-29,4396.43994140625,4398.39013671875,4371.97021484375,4374.93994140625,3696660000
2023-06-30,4450.3798828125,4458.47998046875,4422.43994140625,4422.43994140625,3923450000
2023-07-03,4455.58984375,4456.4599609375,4442.2900390625,4450.47998046875,2034280000
2023-07-05,4446.81982421875,4454.06005859375,4436.60986328125,4442.0400390625,3482620000
2023-07-06,4411.58984375,4422.6201171875,4385.0498046875,4422.6201171875,3682020000
2023-07-07,4398.9501953125,4440.39013671875,4397.39990234375,4404.5400390625,3630480000
2023-07-10,4409.52978515625,4412.60009765625,4389.919921875,4394.22998046875,3429600000
2023-07-11,4439.259765625,4443.64013671875,4408.4599609375,4415.5498046875,3624220000
2023-07-12,4472.16015625,4488.33984375,4463.22998046875,4467.68994140625,3920290000
2023-07-13,4510.0400390625,4517.3798828125,4489.35986328125,4491.5,3839530000
2023-07-14,4505.419921875,4527.759765625,4499.56005859375,4514.60986328125,3647450000
2023-07-17,4522.7900390625,4532.85009765625,4504.89990234375,4508.85986328125,3538240000
2023-07-18,4554.97998046875,4562.2998046875,4514.58984375,4521.77978515625,4090010000
2023-07-19,4565.72021484375,4578.43017578125,4557.47998046875,4563.8701171875,4115670000
2023-07-20,4534.8701171875,4564.740234375,4527.56005859375,4554.3798828125,3761770000
2023-07-21,4536.33984375,4555.0,4535.7900390625,4550.16015625,3570190000
2023-07-24,4554.64013671875,4563.41015625,4541.2900390625,4543.39013671875,3856250000
2023-07-25,4567.4599609375,4580.6201171875,4552.419921875,4555.18994140625,3812470000
2023-07-26,4566.75,4582.47021484375,4547.580078125,4558.9599609375,3990290000
2023-07-27,4537.41015625,4607.06982421875,4528.56005859375,4598.259765625,4553210000
2023-07-28,4582.22998046875,4590.16015625,4564.009765625,4565.75,3981010000
2023-07-31,4588.9599609375,4594.22021484375,4573.14013671875,4584.81982421875,4503600000
2023-08-01,4576.72998046875,4584.6201171875,4567.52978515625,4578.830078125,4042370000
2023-08-02,4513.39013671875,4550.93017578125,4505.75,4550.93017578125,4270710000
2023-08-03,4501.89013671875,4519.490234375,4485.5400390625,4494.27001953125,4149120000
2023-08-04,4478.02978515625,4540.33984375,4474.5498046875,4513.9599609375,4143310000
2023-08-07,4518.43994140625,4519.83984375,4491.14990234375,4491.580078125,3493920000
2023-08-08,4499.3798828125,4503.31005859375,4464.39013671875,4498.02978515625,3884910000
2023-08-09,4467.7099609375,4502.43994140625,4461.330078125,4501.56982421875,3803100000
2023-08-10,4468.830078125,4527.3701171875,4457.919921875,4487.16015625,4504370000
2023-08-11,4464.0498046875,4476.22998046875,4443.97998046875,4450.68994140625,3753290000
2023-08-14,4489.72021484375,4490.330078125,4453.43994140625,4458.1298828125,3896410000
2023-08-15,4437.85986328125,4478.8701171875,4432.18994140625,4478.8701171875,3832250000
2023-08-16,4404.330078125,4449.9501953125,4403.5498046875,4433.7900390625,3753910000
2023-08-17,4370.35986328125,4421.169921875,4364.830078125,4416.31982421875,3943700000
2023-08-18,4369.7099609375,4381.81982421875,4335.31005859375,4344.8798828125,3940400000
2023-08-21,4399.77001953125,4407.5498046875,4360.2998046875,4380.27978515625,3726850000
2023-08-22,4387.5498046875,4418.58984375,4382.77001953125,4415.330078125,3522760000
2023-08-23,4436.009765625,4443.18017578125,4396.43994140625,4396.43994140625,3837270000
2023-08-24,4376.31005859375,4458.2998046875,4375.5498046875,4455.16015625,3723470000
2023-08-25,4405.7099609375,4418.4599609375,4356.2900390625,4389.3798828125,3296180000
2023-08-28,4433.31005859375,4439.56005859375,4414.97998046875,4426.02978515625,2957230000
2023-08-29,4497.6298828125,4500.14013671875,4431.68017578125,4432.75,3354820000
2023-08-30,4514.8701171875,4521.64990234375,4493.58984375,4500.33984375,3064110000
2023-08-31,4507.66015625,4532.259765625,4507.39013671875,4517.009765625,3946360000
2023-09-01,4515.77001953125,4541.25,4501.35009765625,4530.60009765625,3246260000
2023-09-05,4496.830078125,4514.2900390625,4496.009765625,4510.06005859375,3526250000
2023-09-06,4465.47998046875,4490.35009765625,4442.3798828125,4490.35009765625,3418850000
2023-09-07,4451.14013671875,4457.81005859375,4430.4599609375,4434.5498046875,3763760000
2023-09-08,4457.490234375,4473.52978515625,4448.3798828125,4451.2998046875,3259290000
2023-09-11,4487.4599609375,4490.77001953125,4467.89013671875,4480.97998046875,3369920000
2023-09-12,4461.89990234375,4487.10986328125,4456.830078125,4473.27001953125,3435740000
2023-09-13,4467.43994140625,4479.39013671875,4453.52001953125,4462.64990234375,3529430000
2023-09-14,4505.10009765625,4511.990234375,4478.68994140625,4487.77978515625,3648720000
2023-09-15,4450.31982421875,4497.97998046875,4447.2099609375,4497.97998046875,6932230000
2023-09-18,4453.52978515625,4466.35986328125,4442.10986328125,4445.1298828125,3161230000
2023-09-19,4443.9501953125,4449.85009765625,4416.60986328125,4445.41015625,3614880000
2023-09-20,4402.2001953125,4461.02978515625,4401.3798828125,4452.81005859375,3308450000
2023-09-21,4330.0,4375.7001953125,4329.169921875,4374.35986328125,3662340000
2023-09-22,4320.06005859375,4357.39990234375,4316.490234375,4341.740234375,3349570000
2023-09-25,4337.43994140625,4338.509765625,4302.7001953125,4310.6201171875,3195650000
2023-09-26,4273.52978515625,4313.009765625,4265.97998046875,4312.8798828125,3472340000
2023-09-27,4274.509765625,4292.06982421875,4238.6298828125,4282.6298828125,3875880000
2023-09-28,4299.7001953125,4317.27001953125,4264.3798828125,4269.64990234375,3846230000
2023-09-29,4288.0498046875,4333.14990234375,4274.85986328125,4328.18017578125,3865960000
2023-10-02,4288.39013671875,4300.580078125,4260.2099609375,4284.52001953125,3938660000
2023-10-03,4229.4501953125,4281.14990234375,4216.4501953125,4269.75,3953830000
2023-10-04,4263.75,4268.5,4220.47998046875,4233.830078125,3777600000
2023-10-05,4258.18994140625,4267.1298828125,4225.91015625,4259.31005859375,3581470000
2023-10-06,4308.5,4324.10009765625,4219.5498046875,4234.7900390625,3902030000
2023-10-09,4335.66015625,4341.72998046875,4283.7900390625,4289.02001953125,3174630000
2023-10-10,4358.240234375,4385.4599609375,4339.64013671875,4339.75,3520240000
2023-10-11,4376.9501953125,4378.64013671875,4345.33984375,4366.58984375,3601660000
2023-10-12,4349.60986328125,4385.85009765625,4325.43017578125,4380.93994140625,3713140000
2023-10-13,4327.77978515625,4377.10009765625,4311.97021484375,4360.490234375,3566560000
2023-10-16,4373.6298828125,4383.330078125,4342.3701171875,4342.3701171875,3409960000
2023-10-17,4373.2001953125,4393.56982421875,4337.5400390625,4345.22998046875,3794850000
2023-10-18,4314.60009765625,4364.2001953125,4303.83984375,4357.35009765625,3686030000
2023-10-19,4278.0,4339.5400390625,4269.68994140625,4321.35986328125,3969730000
2023-10-20,4224.16015625,4276.56005859375,4223.02978515625,4273.85009765625,4004030000
2023-10-23,4217.0400390625,4255.83984375,4189.22021484375,4210.39990234375,3776100000
2023-10-24,4247.68017578125,4259.3798828125,4219.43017578125,4235.7900390625,3821820000
2023-10-25,4186.77001953125,4232.419921875,4181.419921875,4232.419921875,3869370000
2023-10-26,4137.22998046875,4183.60009765625,4127.89990234375,4175.990234375,4277640000
2023-10-27,4117.3701171875,4156.7001953125,4103.77978515625,4152.93017578125,4019500000
2023-10-30,4166.81982421875,4177.47021484375,4132.93994140625,4139.39013671875,3911140000
2023-10-31,4193.7998046875,4195.5498046875,4153.1201171875,4171.330078125,4249470000
2023-11-01,4237.85986328125,4245.64013671875,4197.740234375,4201.27001953125,4224900000
2023-11-02,4317.77978515625,4319.72021484375,4268.259765625,4268.259765625,4669780000
2023-11-03,4358.33984375,4373.6201171875,4334.22998046875,4334.22998046875,4570960000
2023-11-06,4365.97998046875,4372.2099609375,4347.52978515625,4364.27001953125,3656340000
2023-11-07,4378.3798828125,4386.259765625,4355.41015625,4366.2099609375,3791230000
2023-11-08,4382.77978515625,4391.2001953125,4359.759765625,4384.3701171875,3729510000
2023-11-09,4347.35009765625,4393.39990234375,4343.93994140625,4391.41015625,3900780000
2023-11-10,4415.240234375,4418.02978515625,4353.33984375,4364.14990234375,3665080000
2023-11-13,4411.5498046875,4421.759765625,4393.81982421875,4406.66015625,3326240000
2023-11-14,4495.7001953125,4508.669921875,4458.97021484375,4458.97021484375,4700350000
2023-11-15,4502.8798828125,4521.169921875,4495.31005859375,4505.2998046875,4347170000
2023-11-16,4508.240234375,4511.990234375,4487.830078125,4497.080078125,3964520000
2023-11-17,4514.02001953125,4520.1201171875,4499.66015625,4509.5498046875,3777240000
2023-11-20,4547.3798828125,4557.10986328125,4510.35986328125,4511.7001953125,3644790000
2023-11-21,4538.18994140625,4542.14013671875,4525.509765625,4538.77001953125,3511080000
2023-11-22,4556.6201171875,4568.43017578125,4545.0498046875,4553.0400390625,3042810000
2023-11-24,4559.33984375,4560.31005859375,4552.7998046875,4555.83984375,1639500000
2023-11-27,4550.43017578125,4560.52001953125,4546.31982421875,4554.85986328125,3403990000
2023-11-28,4554.89013671875,4568.14013671875,4540.509765625,4545.5498046875,3586240000
2023-11-29,4550.580078125,4587.64013671875,4547.14990234375,4571.83984375,4418760000
2023-11-30,4567.7998046875,4569.89013671875,4537.240234375,4554.8701171875,5399300000
2023-12-01,4594.6298828125,4599.39013671875,4554.7099609375,4559.43017578125,4397120000
2023-12-04,4569.77978515625,4572.3701171875,4546.72021484375,4564.3701171875,4369910000
2023-12-05,4567.18017578125,4578.56005859375,4551.68017578125,4557.25,3909950000
2023-12-06,4549.33984375,4590.740234375,4546.5,4586.22998046875,4245680000
2023-12-07,4585.58984375,4590.919921875,4565.22021484375,4568.83984375,3818880000
2023-12-08,4604.3701171875,4609.22998046875,4574.06005859375,4576.2001953125,3707010000
2023-12-11,4622.43994140625,4623.7099609375,4593.39013671875,4593.39013671875,3823210000
2023-12-12,4643.7001953125,4643.93017578125,4608.08984375,4618.2998046875,3808380000
2023-12-13,4707.08984375,4709.68994140625,4643.22998046875,4646.2001953125,5063650000
2023-12-14,4719.5498046875,4738.56982421875,4694.33984375,4721.0400390625,6314040000
2023-12-15,4719.18994140625,4725.52978515625,4704.68994140625,4714.22998046875,8218980000
2023-12-18,4740.56005859375,4749.52001953125,4725.580078125,4725.580078125,4060340000
2023-12-19,4768.3701171875,4768.68994140625,4743.72021484375,4743.72021484375,4026970000
2023-12-20,4698.35009765625,4778.009765625,4697.81982421875,4764.72998046875,4201320000
2023-12-21,4746.75,4748.7099609375,4708.35009765625,4724.2900390625,3431180000
2023-12-22,4754.6298828125,4772.93994140625,4736.77001953125,4753.919921875,3046770000
2023-12-26,4774.75,4784.72021484375,4758.4501953125,4758.85986328125,2513910000
2023-12-27,4781.580078125,4785.39013671875,4768.89990234375,4773.4501953125,2748450000
2023-12-28,4783.35009765625,4793.2998046875,4780.97998046875,4786.43994140625,2698860000
2023-12-29,4769.830078125,4788.43017578125,4751.990234375,4782.8798828125,3126060000
2024-01-02,4742.830078125,4754.330078125,4722.669921875,4745.2001953125,3743050000
2024-01-03,4704.81005859375,4729.2900390625,4699.7099609375,4725.06982421875,3950760000
2024-01-04,4688.68017578125,4726.77978515625,4687.52978515625,4697.419921875,3715480000
2024-01-05,4697.240234375,4721.490234375,4682.10986328125,4690.56982421875,3844370000
2024-01-08,4763.5400390625,4764.5400390625,4699.81982421875,4703.7001953125,3742320000
2024-01-09,4756.5,4765.47021484375,4730.35009765625,4741.93017578125,3529960000
2024-01-10,4783.4501953125,4790.7998046875,4756.2001953125,4759.93994140625,3498680000
2024-01-11,4780.240234375,4798.5,4739.580078125,4792.1298828125,3759890000
2024-01-12,4783.830078125,4802.39990234375,4768.97998046875,4791.18017578125,3486340000
2024-01-16,4765.97998046875,4782.33984375,4747.1201171875,4772.35009765625,4260550000
2024-01-17,4739.2099609375,4744.22998046875,4714.81982421875,4739.1298828125,3928600000
2024-01-18,4780.93994140625,4785.7900390625,4740.56982421875,4760.10009765625,4019000000
2024-01-19,4839.81005859375,4842.06982421875,4785.8701171875,4796.27978515625,4287200000
2024-01-22,4850.43017578125,4868.41015625,4844.0498046875,4853.419921875,4297610000
2024-01-23,4864.60009765625,4866.47998046875,4844.3701171875,4856.7998046875,3912800000
2024-01-24,4868.5498046875,4903.68017578125,4865.93994140625,4888.56005859375,4330030000
2024-01-25,4894.16015625,4898.14990234375,4869.33984375,4886.66015625,4020430000
2024-01-26,4890.97021484375,4906.68994140625,4881.47021484375,4888.91015625,3353400000
2024-01-29,4927.93017578125,4929.31005859375,4887.39990234375,4892.9501953125,3525160000
2024-01-30,4924.97021484375,4931.08984375,4916.27001953125,4925.89013671875,3836130000
2024-01-31,4845.64990234375,4906.75,4845.14990234375,4899.18994140625,4696120000
2024-02-01,4906.18994140625,4906.97021484375,4853.52001953125,4861.10986328125,4386090000
2024-02-02,4958.60986328125,4975.2900390625,4907.990234375,4916.06005859375,3974350000
2024-02-05,4942.81005859375,4957.18994140625,4918.08984375,4957.18994140625,4023640000
2024-02-06,4954.22998046875,4957.77001953125,4934.8798828125,4950.16015625,4440880000
2024-02-07,4995.06005859375,4999.89013671875,4969.0498046875,4973.0498046875,4895590000
2024-02-08,4997.91015625,5000.39990234375,4987.08984375,4995.16015625,4341860000
2024-02-09,5026.60986328125,5030.06005859375,5000.33984375,5004.169921875,3912990000
2024-02-12,5021.83984375,5048.39013671875,5016.830078125,5026.830078125,3805740000
2024-02-13,4953.169921875,4971.2998046875,4920.31005859375,4967.93994140625,4302190000
2024-02-14,5000.6201171875,5002.52001953125,4956.4501953125,4976.43994140625,3845600000
2024-02-15,5029.72998046875,5032.72021484375,4999.43994140625,5003.14013671875,4137970000
2024-02-16,5005.56982421875,5038.7001953125,4999.52001953125,5031.1298828125,3833270000
2024-02-20,4975.509765625,4993.7099609375,4955.02001953125,4989.31982421875,4034880000
2024-02-21,4981.7998046875,4983.2099609375,4946.0,4963.02978515625,3788390000
2024-02-22,5087.02978515625,5094.39013671875,5038.830078125,5038.830078125,4051710000
2024-02-23,5088.7998046875,5111.06005859375,5081.4599609375,5100.919921875,3672790000
2024-02-26,5069.52978515625,5097.66015625,5068.91015625,5093.0,3683930000
2024-02-27,5078.18017578125,5080.68994140625,5057.2900390625,5074.60009765625,3925950000
2024-02-28,5069.759765625,5077.3701171875,5058.35009765625,5067.2001953125,3789370000
2024-02-29,5096.27001953125,5104.990234375,5061.89013671875,5085.35986328125,5219740000
2024-03-01,5137.080078125,5140.330078125,5094.16015625,5098.509765625,4748110000
2024-03-04,5130.9501953125,5149.669921875,5127.18017578125,5130.990234375,4758440000
2024-03-05,5078.64990234375,5114.5400390625,5056.81982421875,5110.52001953125,4418410000
2024-03-06,5104.759765625,5127.97021484375,5092.22021484375,5108.02978515625,4559050000
2024-03-07,5157.35986328125,5165.6201171875,5128.2099609375,5132.3798828125,4137980000
2024-03-08,5123.68994140625,5189.259765625,5117.5,5164.4599609375,4208870000
2024-03-11,5117.93994140625,5124.66015625,5091.14013671875,5111.9599609375,3896430000
2024-03-12,5175.27001953125,5179.8701171875,5114.47998046875,5134.2998046875,4080510000
2024-03-13,5165.31005859375,5179.14013671875,5151.8798828125,5173.490234375,4282890000
2024-03-14,5150.47998046875,5176.85009765625,5123.2998046875,5175.14013671875,4687970000
2024-03-15,5117.08984375,5136.85986328125,5104.35009765625,5123.31005859375,7753670000
2024-03-18,5149.419921875,5175.60009765625,5145.47021484375,5154.77001953125,4036220000
2024-03-19,5178.509765625,5180.31005859375,5131.58984375,5139.08984375,4031760000
2024-03-20,5224.6201171875,5226.18994140625,5171.5498046875,5181.68994140625,4064850000
2024-03-21,5241.52978515625,5261.10009765625,5240.66015625,5253.43017578125,4207730000
2024-03-22,5234.18017578125,5246.08984375,5229.8701171875,5242.47998046875,3374700000
2024-03-25,5218.18994140625,5229.08984375,5216.08984375,5219.52001953125,3331360000
2024-03-26,5203.580078125,5235.16015625,5203.419921875,5228.85009765625,3871790000
2024-03-27,5248.490234375,5249.259765625,5213.919921875,5226.31005859375,3850500000
2024-03-28,5254.35009765625,5264.85009765625,5245.81982421875,5248.02978515625,3998270000
2024-04-01,5243.77001953125,5263.9501953125,5229.2001953125,5257.97021484375,3325930000
2024-04-02,5205.81005859375,5208.33984375,5184.0498046875,5204.2900390625,3886590000
2024-04-03,5211.490234375,5228.75,5194.3701171875,5194.3701171875,3703250000
2024-04-04,5147.2099609375,5256.58984375,5146.06005859375,5244.0498046875,4075680000
2024-04-05,5204.33984375,5222.18017578125,5157.2099609375,5158.9501953125,3386780000
2024-04-08,5202.39013671875,5219.56982421875,5197.35009765625,5211.3701171875,3278180000
2024-04-09,5209.91015625,5224.81005859375,5160.77978515625,5217.02978515625,3400680000
2024-04-10,5160.64013671875,5178.43017578125,5138.7001953125,5167.8798828125,3845930000
2024-04-11,5199.06005859375,5211.77978515625,5138.77001953125,5172.9501953125,3509380000
2024-04-12,5123.41015625,5175.02978515625,5107.93994140625,5171.509765625,3963220000
2024-04-15,5061.81982421875,5168.43017578125,5052.47021484375,5149.669921875,3950210000
2024-04-16,5051.41015625,5079.83984375,5039.830078125,5064.58984375,4006200000
2024-04-17,5022.2099609375,5077.9599609375,5007.25,5068.97021484375,3596130000
2024-04-18,5011.1201171875,5056.66015625,5001.89013671875,5031.52001953125,3619760000
2024-04-19,4967.22998046875,5019.02001953125,4953.56005859375,5005.43994140625,3878750000
2024-04-22,5010.60009765625,5038.83984375,4969.39990234375,4987.330078125,3820250000
2024-04-23,5070.5498046875,5076.1201171875,5027.9599609375,5028.85009765625,3751400000
2024-04-24,5071.6298828125,5089.47998046875,5047.02001953125,5084.85986328125,3656740000
2024-04-25,5048.419921875,5057.75,4990.580078125,5019.8798828125,3958050000
2024-04-26,5099.9599609375,5114.6201171875,5073.14013671875,5084.64990234375,3604140000
2024-04-29,5116.169921875,5123.490234375,5088.64990234375,5114.1298828125,3447450000
2024-04-30,5035.68994140625,5110.830078125,5035.31005859375,5103.77978515625,4082470000
2024-05-01,5018.39013671875,5096.1201171875,5013.4501953125,5029.02978515625,4544170000
2024-05-02,5064.2001953125,5073.2099609375,5011.0498046875,5049.31982421875,4381660000
2024-05-03,5127.7900390625,5139.1201171875,5101.22021484375,5122.77978515625,3924990000
2024-05-06,5180.740234375,5181.0,5142.419921875,5142.419921875,3683250000
2024-05-07,5187.7001953125,5200.22998046875,5178.9599609375,5187.2001953125,3987890000
2024-05-08,5187.669921875,5191.9501953125,5165.85986328125,5168.97998046875,3842100000
2024-05-09,5214.080078125,5215.2998046875,5180.41015625,5189.02978515625,3727370000
2024-05-10,5222.68017578125,5239.66015625,5209.68017578125,5225.490234375,3617900000
2024-05-13,5221.419921875,5237.259765625,5211.16015625,5233.080078125,4255710000
2024-05-14,5246.68017578125,5250.3701171875,5217.97998046875,5221.10009765625,4763580000
2024-05-15,5308.14990234375,5311.759765625,5263.259765625,5263.259765625,4360810000
2024-05-16,5297.10009765625,5325.490234375,5296.18994140625,5310.06982421875,3817470000
2024-05-17,5303.27001953125,5305.4501953125,5283.58984375,5303.10009765625,3578120000
2024-05-20,5308.1298828125,5325.31982421875,5302.39990234375,5305.35009765625,3420100000
2024-05-21,5321.41015625,5324.31982421875,5297.8701171875,5298.68994140625,3662240000
2024-05-22,5307.009765625,5323.18017578125,5286.009765625,5319.27978515625,3847130000
2024-05-23,5267.83984375,5341.8798828125,5256.93017578125,5340.259765625,3869520000
2024-05-24,5304.72021484375,5311.64990234375,5278.39013671875,5281.4501953125,3005510000
2024-05-28,5306.0400390625,5315.91015625,5280.89013671875,5315.91015625,3751540000
2024-05-29,5266.9501953125,5282.27001953125,5262.7001953125,5278.72998046875,3552750000
2024-05-30,5235.47998046875,5260.2099609375,5222.10009765625,5259.77001953125,3818750000
2024-05-31,5277.509765625,5280.330078125,5191.68017578125,5243.2099609375,5437160000
2024-06-03,5283.39990234375,5302.10986328125,5234.31982421875,5297.14990234375,4046920000
2024-06-04,5291.33984375,5298.7998046875,5257.6298828125,5278.240234375,3707900000
2024-06-05,5354.02978515625,5354.16015625,5297.64013671875,5314.47998046875,3591460000
2024-06-06,5352.9599609375,5362.35009765625,5335.35986328125,5357.7998046875,3609990000
2024-06-07,5346.990234375,5375.080078125,5331.330078125,5343.81005859375,3692760000
2024-06-10,5360.7900390625,5365.7900390625,5331.52001953125,5341.22021484375,3622280000
2024-06-11,5375.31982421875,5375.9501953125,5327.25,5353.0,3568030000
2024-06-12,5421.02978515625,5447.25,5409.1298828125,5409.1298828125,3962840000
2024-06-13,5433.740234375,5441.93017578125,5402.509765625,5441.93017578125,3530380000
2024-06-14,5431.60009765625,5432.39013671875,5403.75,5424.080078125,3438650000
2024-06-17,5473.22998046875,5488.5,5420.39990234375,5431.10986328125,3447840000
2024-06-18,5487.02978515625,5490.3798828125,5471.31982421875,5476.14990234375,3544330000
2024-06-20,5473.169921875,5505.52978515625,5455.56005859375,5499.990234375,3847060000
2024-06-21,5464.6201171875,5478.31005859375,5452.02978515625,5466.77001953125,6773800000
2024-06-24,5447.8701171875,5490.66015625,5447.58984375,5459.580078125,3696750000
2024-06-25,5469.2998046875,5472.8798828125,5446.56005859375,5460.72998046875,3591960000
2024-06-26,5477.89990234375,5483.14013671875,5451.8701171875,5460.7099609375,3563920000
2024-06-27,5482.8701171875,5490.81005859375,5467.5400390625,5473.58984375,3589530000
2024-06-28,5460.47998046875,5523.64013671875,5451.1201171875,5488.47998046875,7199220000
2024-07-01,5475.08984375,5479.5498046875,5446.52978515625,5471.080078125,3488760000
2024-07-02,5509.009765625,5509.68994140625,5458.43017578125,5461.83984375,3329950000
2024-07-03,5537.02001953125,5539.27001953125,5507.419921875,5507.43994140625,2179470000
2024-07-05,5567.18994140625,5570.330078125,5531.6298828125,5537.91015625,3253080000
2024-07-08,5572.85009765625,5583.10986328125,5562.509765625,5572.75,3185670000
2024-07-09,5576.97998046875,5590.75,5574.56982421875,5584.240234375,3232920000
2024-07-10,5633.91015625,5635.39013671875,5586.43994140625,5591.259765625,3336100000
2024-07-11,5584.5400390625,5642.4501953125,5576.52978515625,5635.2099609375,4020950000
2024-07-12,5615.35009765625,5655.56005859375,5590.43994140625,5590.759765625,3700280000
2024-07-15,5631.22021484375,5666.93994140625,5614.75,5638.16015625,3620470000
2024-07-16,5667.2001953125,5669.669921875,5639.02001953125,5644.08984375,4041760000
2024-07-17,5588.27001953125,5622.490234375,5584.81005859375,5610.06982421875,4246450000
2024-07-18,5544.58984375,5614.0498046875,5522.81005859375,5608.56005859375,4007510000
2024-07-19,5505.0,5557.5,5497.0400390625,5543.3701171875,3760570000
2024-07-22,5564.41015625,5570.35986328125,5529.0400390625,5544.5400390625,3375180000
2024-07-23,5555.740234375,5585.33984375,5550.89990234375,5565.2998046875,3500210000
2024-07-24,5427.1298828125,5508.0400390625,5419.97998046875,5505.83984375,3945550000
2024-07-25,5399.22021484375,5491.58984375,5390.9501953125,5428.7001953125,4592120000
2024-07-26,5459.10009765625,5488.31982421875,5430.7001953125,5433.669921875,3638770000
2024-07-29,5463.5400390625,5487.740234375,5444.43994140625,5476.5498046875,3379970000
2024-07-30,5436.43994140625,5489.4599609375,5401.7001953125,5478.72998046875,3777740000
2024-07-31,5522.2998046875,5551.509765625,5493.75,5505.58984375,4546910000
2024-08-01,5446.68017578125,5566.16015625,5410.419921875,5537.83984375,4703620000
2024-08-02,5346.56005859375,5383.89013671875,5302.02978515625,5376.6298828125,5156450000
2024-08-05,5186.330078125,5250.89013671875,5119.259765625,5151.14013671875,5333250000
2024-08-06,5240.02978515625,5312.33984375,5193.56005859375,5206.419921875,4690190000
2024-08-07,5199.5,5330.64013671875,5195.5400390625,5293.1298828125,4558260000
2024-08-08,5319.31005859375,5328.02978515625,5233.85009765625,5252.56982421875,4016830000
2024-08-09,5344.16015625,5358.669921875,5300.83984375,5314.66015625,3516400000
2024-08-12,5344.39013671875,5371.2001953125,5324.3701171875,5351.8798828125,3360160000
2024-08-13,5434.43017578125,5436.5,5376.97998046875,5376.97998046875,3648980000
2024-08-14,5455.2099609375,5463.22021484375,5415.91015625,5442.35986328125,3380050000
2024-08-15,5543.22021484375,5546.22998046875,5501.1298828125,5501.1298828125,3723310000
2024-08-16,5554.25,5561.97998046875,5525.169921875,5530.5,3357690000
2024-08-19,5608.25,5608.2998046875,5550.740234375,5557.22998046875,3222050000
2024-08-20,5597.1201171875,5620.509765625,5585.5,5602.8798828125,2994420000
2024-08-21,5620.85009765625,5632.68017578125,5591.56982421875,5603.08984375,3119670000
2024-08-22,5570.64013671875,5643.22021484375,5560.9501953125,5637.77001953125,2981530000
2024-08-23,5634.60986328125,5641.81982421875,5585.16015625,5602.490234375,3291940000
2024-08-26,5616.83984375,5651.6201171875,5602.33984375,5639.66015625,2938570000
2024-08-27,5625.7998046875,5631.18017578125,5593.47998046875,5602.89013671875,2798990000
2024-08-28,5592.18017578125,5627.02978515625,5560.9501953125,5624.509765625,3053450000
2024-08-29,5591.9599609375,5646.9501953125,5583.7099609375,5607.2998046875,3065640000
2024-08-30,5648.39990234375,5651.3701171875,5581.7900390625,5612.740234375,4185850000
2024-09-03,5528.93017578125,5623.89013671875,5504.330078125,5623.89013671875,3866350000
2024-09-04,5520.06982421875,5552.990234375,5503.66015625,5506.68017578125,3478140000
2024-09-05,5503.41015625,5546.2998046875,5480.5400390625,5520.080078125,3521650000
2024-09-06,5408.419921875,5522.47021484375,5402.6201171875,5507.330078125,3822800000
2024-09-09,5471.0498046875,5484.2001953125,5434.490234375,5442.06982421875,3825940000
2024-09-10,5495.52001953125,5497.91015625,5441.72021484375,5490.509765625,3848180000
2024-09-11,5554.1298828125,5560.41015625,5406.9599609375,5496.419921875,3839450000
2024-09-12,5595.759765625,5600.7099609375,5535.5,5557.47998046875,3655070000
2024-09-13,5626.02001953125,5636.27001953125,5601.64990234375,5603.33984375,3500790000
2024-09-16,5633.08984375,5636.0498046875,5604.52978515625,5615.2099609375,3437070000
2024-09-17,5634.580078125,5670.81005859375,5614.0498046875,5655.509765625,3443600000
2024-09-18,5618.259765625,5689.75,5615.080078125,5641.68017578125,3691390000
2024-09-19,5713.64013671875,5733.56982421875,5686.419921875,5702.6298828125,4024530000
2024-09-20,5702.5498046875,5715.14013671875,5674.490234375,5709.64013671875,7867260000
2024-09-23,5718.56982421875,5725.35986328125,5704.22021484375,5711.89990234375,3529550000
2024-09-24,5732.93017578125,5735.31982421875,5698.990234375,5727.66015625,3872710000
2024-09-25,5722.259765625,5741.02978515625,5712.06005859375,5733.64990234375,3624910000
2024-09-26,5745.3701171875,5767.3701171875,5721.009765625,5762.22021484375,4391180000
2024-09-27,5738.169921875,5763.77978515625,5727.33984375,5755.35986328125,3898530000
2024-09-30,5762.47998046875,5765.14013671875,5703.52978515625,5726.52001953125,4425730000
2024-10-01,5708.75,5757.72998046875,5681.27978515625,5757.72998046875,4025180000
2024-10-02,5709.5400390625,5719.6298828125,5674.0,5698.14013671875,3829050000
2024-10-03,5699.93994140625,5718.77978515625,5677.3701171875,5698.18994140625,3597450000
2024-10-04,5751.06982421875,5753.2099609375,5702.830078125,5737.47998046875,3479400000
2024-10-07,5695.93994140625,5739.33984375,5686.85009765625,5737.7998046875,3637790000
2024-10-08,5751.1298828125,5757.60009765625,5714.56005859375,5719.14013671875,3393400000
2024-10-09,5792.0400390625,5796.7998046875,5745.02001953125,5751.7998046875,3650340000
2024-10-10,5780.0498046875,5795.02978515625,5764.759765625,5778.35986328125,3208790000
2024-10-11,5815.02978515625,5822.1298828125,5775.08984375,5775.08984375,3208720000
2024-10-14,5859.85009765625,5871.41015625,5829.56982421875,5829.81005859375,3005250000
2024-10-15,5815.259765625,5870.35986328125,5804.47998046875,5866.740234375,3882120000
2024-10-16,5842.47021484375,5846.52001953125,5808.33984375,5816.580078125,3467230000
2024-10-17,5841.47021484375,5878.4599609375,5840.25,5875.6201171875,3480010000
2024-10-18,5864.669921875,5872.169921875,5846.10986328125,5859.43017578125,3374490000
2024-10-21,5853.97998046875,5866.919921875,5824.7900390625,5857.81982421875,3407010000
2024-10-22,5851.2001953125,5863.0400390625,5821.169921875,5832.7001953125,3342080000
2024-10-23,5797.419921875,5834.85009765625,5762.41015625,5834.5,3532650000
2024-10-24,5809.85986328125,5817.7998046875,5784.919921875,5817.7998046875,3543030000
2024-10-25,5808.1201171875,5862.81982421875,5799.97998046875,5826.75,3501280000
2024-10-28,5823.52001953125,5842.919921875,5823.080078125,5833.93017578125,3691280000
2024-10-29,5832.919921875,5847.18994140625,5802.169921875,5819.68017578125,3879100000
2024-10-30,5813.669921875,5850.93994140625,5811.27978515625,5832.64990234375,3851120000
2024-10-31,5705.4501953125,5775.33984375,5702.85986328125,5775.33984375,4425660000
2024-11-01,5728.7998046875,5772.52001953125,5723.22021484375,5723.22021484375,3796450000
2024-11-04,5712.68994140625,5741.43017578125,5696.509765625,5725.14990234375,3602060000
2024-11-05,5782.759765625,5783.43994140625,5722.10009765625,5722.43017578125,3768310000
2024-11-06,5929.0400390625,5936.14013671875,5864.89013671875,5864.89013671875,6329530000
2024-11-07,5973.10009765625,5983.83984375,5947.2099609375,5947.2099609375,4925740000
2024-11-08,5995.5400390625,6012.4501953125,5976.759765625,5976.759765625,4666740000
2024-11-11,6001.35009765625,6017.31005859375,5986.68994140625,6008.85986328125,4333000000
2024-11-12,5983.990234375,6009.919921875,5960.080078125,6003.60009765625,4243400000
2024-11-13,5985.3798828125,6008.18994140625,5965.91015625,5985.75,4220180000
2024-11-14,5949.169921875,5993.8798828125,5942.27978515625,5989.68017578125,4184570000
2024-11-15,5870.6201171875,5915.31982421875,5853.009765625,5912.7900390625,4590960000
2024-11-18,5893.6201171875,5908.1201171875,5865.9501953125,5874.169921875,3983860000
2024-11-19,5916.97998046875,5923.509765625,5855.2900390625,5870.0498046875,4036940000
2024-11-20,5917.10986328125,5920.669921875,5860.56005859375,5914.33984375,3772620000
2024-11-21,5948.7099609375,5963.31982421875,5887.259765625,5940.580078125,4230120000
2024-11-22,5969.33984375,5972.89990234375,5944.35986328125,5944.35986328125,4141420000
2024-11-25,5987.3701171875,6020.75,5963.91015625,5992.27978515625,5633150000
2024-11-26,6021.6298828125,6025.419921875,5992.27001953125,6000.02978515625,3835170000
2024-11-27,5998.740234375,6020.16015625,5984.8701171875,6014.10986328125,3363340000
2024-11-29,6032.3798828125,6044.169921875,6003.97998046875,6003.97998046875,2444420000
2024-12-02,6047.14990234375,6053.580078125,6035.330078125,6040.10986328125,4412470000
2024-12-03,6049.8798828125,6052.06982421875,6033.39013671875,6042.97021484375,4095000000
2024-12-04,6086.490234375,6089.83984375,6061.06005859375,6069.39013671875,4003390000
2024-12-05,6075.10986328125,6094.5498046875,6072.89990234375,6089.02978515625,4212020000
2024-12-06,6090.27001953125,6099.97021484375,6079.97998046875,6081.3798828125,3924830000
2024-12-09,6052.85009765625,6088.509765625,6048.6298828125,6083.009765625,4556460000
2024-12-10,6034.91015625,6065.39990234375,6029.89013671875,6057.58984375,4048410000
2024-12-11,6084.18994140625,6092.58984375,6060.14990234375,6060.14990234375,4269950000
2024-12-12,6051.25,6079.68017578125,6051.25,6074.2900390625,3678010000
2024-12-13,6051.08984375,6078.580078125,6035.77001953125,6068.169921875,3584960000
2024-12-16,6074.080078125,6085.18994140625,6059.14013671875,6063.7900390625,4391100000
2024-12-17,6050.60986328125,6057.68017578125,6035.18994140625,6052.5498046875,4544500000
2024-12-18,5872.16015625,6070.669921875,5867.7900390625,6047.64990234375,5246960000
2024-12-19,5867.080078125,5935.52001953125,5866.06982421875,5912.7099609375,4896880000
2024-12-20,5930.85009765625,5982.06005859375,5832.2998046875,5842.0,8223220000
2024-12-23,5974.06982421875,5978.25,5902.56982421875,5940.25,3593280000
2024-12-24,6040.0400390625,6040.10009765625,5981.43994140625,5984.6298828125,1757720000
2024-12-26,6037.58984375,6049.75,6007.3701171875,6024.97021484375,2904530000
2024-12-27,5970.83984375,6006.169921875,5932.9501953125,6006.169921875,3159610000
2024-12-30,5906.93994140625,5940.7900390625,5869.16015625,5920.669921875,3433250000
2024-12-31,5881.6298828125,5929.740234375,5868.85986328125,5919.740234375,3128350000
