Date,Ticker,Open,High,Low,Close,Volume
2020-01-02,AAPL,71.34406195339083,72.39409318664748,71.09119131937346,72.3338851928711,135480400
2020-01-03,AAPL,71.56320547713457,72.38925722098051,71.40666619485818,71.6306381225586,146322800
2020-01-06,AAPL,70.75402098693286,72.23995000976231,70.50355369984423,72.201416015625,118387200
2020-01-07,AAPL,72.211041164577,72.4663224088167,71.64268136784916,71.8618392944336,108872000
2020-01-08,AAPL,71.56562119935828,73.31887745373415,71.56562119935828,73.01783752441406,132079200
2020-01-09,AAPL,73.9932251015063,74.7614798086532,73.74276510045252,74.56881713867188,170108400
2020-01-10,AAPL,74.80241795222723,75.30094193802128,74.23646130286748,74.73738861083984,140644800
2020-01-13,AAPL,75.05285582286368,76.36057125816924,74.9348431957367,76.33407592773438,121532000
2020-01-14,AAPL,76.27147857331117,76.48100118582082,75.18051017572739,75.30332946777344,161954400
2020-01-15,AAPL,75.10341742145754,75.98245224534158,74.54949973066661,74.9805908203125,121923600
2020-01-16,AAPL,75.52247441714353,76.03063354644571,75.16122656820497,75.91984558105469,108829200
2020-01-17,AAPL,76.16792404225187,76.76277929851412,75.86207008807327,76.7603759765625,137816400
2020-01-21,AAPL,76.3894803308505,76.83019952815127,76.10288974668396,76.24016571044922,110843200
2020-01-22,AAPL,76.72423978617735,77.06381371935198,76.41838585398544,76.51231384277344,101832400
2020-01-23,AAPL,76.56530142477,76.96026202494508,76.01860816134078,76.88079071044922,104472000
2020-01-24,AAPL,77.12644008388187,77.86819933392093,76.46896614550444,76.65922546386719,146537600
2020-01-27,AAPL,74.67233390344245,75.08415437016195,73.4248264992336,74.40501403808594,161940000
2020-01-28,AAPL,75.2840767149778,76.68089922753784,75.18533472345831,76.5099105834961,162234000
2020-01-29,AAPL,78.13793790519387,78.95676515736241,77.39858197163568,78.11144256591797,216229200
2020-01-30,AAPL,77.19626294921763,78.05121329496869,76.76517176985938,77.99822998046875,126743200
2020-01-31,AAPL,77.29017484753824,77.71163064497078,74.24606365244907,74.53987884521484,199588400
2020-02-03,AAPL,73.28517374937778,75.49842038984059,72.78424642943136,74.335205078125,173788400
2020-02-04,AAPL,75.93670624597806,76.97951249486786,75.53211041551288,76.78925323486328,136616400
2020-02-05,AAPL,77.91393700101683,78.21257356762338,76.81334075627086,77.41542053222656,118826800
2020-02-06,AAPL,77.6851684350144,78.32337167005116,77.12884718583062,78.32096099853516,105425600
2020-02-07,AAPL,77.82126159942887,78.0699069624119,76.76632925971391,77.25637817382812,117684000
2020-02-10,AAPL,75.84416334192943,77.62330627441406,75.76450341427329,77.62330627441406,109348800
2020-02-11,AAPL,78.11816550122239,78.19058359645562,76.93769897957516,77.15496063232422,94323200
2020-02-12,AAPL,77.60398368209574,78.9920538114317,77.60398368209574,78.98722839355469,113730400
2020-02-13,AAPL,78.26060628866534,78.7506551305069,78.05782821966719,78.42475891113281,94747600
2020-02-14,AAPL,78.39339174368679,78.69273717542127,77.9371428343582,78.444091796875,80113600
2020-02-18,AAPL,76.1289859933218,77.18875064072564,75.94793341167819,77.00769805908203,152531200
2020-02-19,AAPL,77.24912913343354,78.35234502696264,77.24912913343354,78.12300872802734,93984000
2020-02-20,AAPL,77.88401513292217,78.37164756799683,76.81700838375629,77.32154083251953,100566000
2020-02-21,AAPL,76.91597690115918,77.35774940247184,74.95578178960817,75.57135772705078,129554000
2020-02-24,AAPL,71.75960997813098,73.43011814732492,69.8211400810818,71.98169708251953,222195200
2020-02-25,AAPL,72.65037937541128,73.03179362770307,69.07277807692655,69.54351043701172,230673600
2020-02-26,AAPL,69.16934036398257,71.90927139616765,69.16209855410392,70.646728515625,198054800
2020-02-27,AAPL,67.85854496748809,69.04142098650374,65.89351637245633,66.02870178222656,320605600
2020-02-28,AAPL,62.10347552395671,67.20915879544067,61.88862284247871,65.99006652832031,426510000
2020-03-02,AAPL,68.14337454443714,72.76866613954134,67.04257525684778,72.13377380371094,341397200
2020-03-03,AAPL,73.30699080209732,73.38665070115958,68.99310485052062,69.84284973144531,319475600
2020-03-04,AAPL,71.561635057031,73.24180090646557,70.76259027435336,73.08247375488281,219178400
2020-03-05,AAPL,71.33957264179317,72.31242862903635,70.3474076125405,70.71192932128906,187572800
2020-03-06,AAPL,68.07579869358199,70.20497969740977,67.88992061879122,69.77286529541016,226176800
2020-03-09,AAPL,63.67018706247143,67.13191312620091,63.48913439783881,64.25438690185547,286744800
2020-03-10,AAPL,66.9025682079639,69.14761776690831,65.02685833500999,68.88207244873047,285290000
2020-03-11,AAPL,66.96293286366341,67.8875051992336,65.62796418784407,66.48977661132812,255598800
2020-03-12,AAPL,61.78481034349421,65.17894285229022,59.86806602728879,59.923587799072266,418474000
2020-03-13,AAPL,63.94538830639056,67.5736832780311,61.06302571813862,67.10294342041016,370732000
2020-03-16,AAPL,58.40757727472599,62.5428168089279,57.93684117686896,58.47034454345703,322423600
2020-03-17,AAPL,59.74978379495811,62.187957132183904,57.55059758461941,61.04129409790039,324056000
2020-03-18,AAPL,57.88132191691277,60.350878847985236,57.24160039100893,59.54700469970703,300233600
2020-03-19,AAPL,59.72081496454535,61.03646337436918,58.56690646649194,59.09075164794922,271857200
2020-03-20,AAPL,59.67011183513416,60.7926402539027,55.03999474688709,55.33933639526367,401693200
2020-03-23,AAPL,55.05931255400759,55.16070158535809,51.32479999006741,54.16370391845703,336752800
2020-03-24,AAPL,57.05813231967632,59.79323446043245,56.56084169108887,59.59769821166992,287531200
2020-03-25,AAPL,60.53192552123785,62.34245170831376,58.97487373705756,59.269386291503906,303602000
2020-03-26,AAPL,59.51079529315195,62.44625922344338,59.472169846872056,62.38832473754883,252087200
2020-03-27,AAPL,61.014739603264104,61.76791740598874,59.638740277699725,59.8053092956543,204216800
2020-03-30,AAPL,60.529517371062305,61.68342585318123,60.206033868463194,61.512027740478516,167976400
2020-03-31,AAPL,61.702735358357586,63.366001623216455,60.83368129501873,61.38649368286133,197002000
2020-04-01,AAPL,59.505973395261975,60.04188955581618,57.726830460711994,58.15652847290039,176218400
2020-04-02,AAPL,58.018915768998035,59.18006600388776,57.188487147319506,59.126956939697266,165934000
2020-04-03,AAPL,58.6127685713981,59.31283722451452,57.68819275537644,58.277217864990234,129880000
2020-04-06,AAPL,60.56812074968202,63.5156546468286,60.201190178307634,63.36116027832031,201820400
2020-04-07,AAPL,65.37206847487805,65.58933753055518,62.52350996388426,62.62731170654297,202887200
2020-04-08,AAPL,63.42635444288139,64.54405384793799,63.06184016051964,64.23023223876953,168895200
2020-04-09,AAPL,64.86511973614601,65.19584133375365,63.899505790640596,64.69371795654297,161834800
2020-04-13,AAPL,64.77096719479518,66.07213548949194,64.17228391165321,65.9635009765625,131022800
2020-04-14,AAPL,67.59297682109842,69.58455560243435,67.12223707141726,69.29486846923828,194994800
2020-04-15,AAPL,68.17235045630129,69.12106449233013,67.7450688913163,68.66239929199219,131154400
2020-04-16,AAPL,69.37453866907585,69.57249130619873,68.16027936470277,69.20796966552734,157125200
2020-04-17,AAPL,68.72516946310567,69.27074378183441,66.83497575491855,68.26891326904297,215250000
2020-04-20,AAPL,67.09810395402242,67.99853426971617,66.83255863780644,66.85186767578125,130015200
2020-04-21,AAPL,66.69497985985144,66.92914162387588,64.0757495798799,64.78547668457031,180991600
2020-04-22,AAPL,66.05041994300701,67.08604320648949,65.7100474299754,66.65151977539062,116862400
2020-04-23,AAPL,66.59598178954948,68.01543553598502,66.35457829164004,66.39320373535156,124814400
2020-04-24,AAPL,66.91704122865521,68.31959472449138,66.86875759043463,68.3099365234375,126161200
2020-04-27,AAPL,68.02751680090847,68.68896753125865,67.58092613126625,68.35824584960938,117087600
2020-04-28,AAPL,68.81932145434843,69.00037411858965,67.15847120269908,67.25019836425781,112004800
2020-04-29,AAPL,68.73482721743544,69.92736120107678,68.53204914375017,69.45903778076172,137280800
2020-04-30,AAPL,69.99736587702316,71.10058178322025,69.60870972779222,70.92435455322266,183064000
2020-05-01,AAPL,69.10174168301795,72.17963585405194,69.00518177066984,69.78250122070312,240616800
2020-05-04,AAPL,69.80666159250394,70.89780288941466,69.11866006272429,70.76985931396484,133568000
2020-05-05,AAPL,71.2285148811078,72.66245223551824,71.08367131021836,71.83202362060547,147751200
2020-05-06,AAPL,72.5321011645588,73.20320267035598,72.14827044329485,72.5731430053711,142333600
2020-05-07,AAPL,73.1983559121912,73.6690955962119,72.8966015934725,73.32388305664062,115215200
2020-05-08,AAPL,73.98231154076618,75.122398042806,73.65553308459083,75.06914520263672,133838400
2020-05-11,AAPL,74.57775917368724,76.74416477518758,74.36958632362644,76.25037384033203,145946400
2020-05-12,AAPL,76.93296900656856,77.38319884408511,75.25793879153254,75.37896728515625,162301200
2020-05-13,AAPL,75.558059449884,76.47788009711478,73.39407018460184,74.46880340576172,200622400
2020-05-14,AAPL,73.70875405354802,74.98681427799113,72.98742178260825,74.92630004882812,158929200
2020-05-15,AAPL,72.70181680027588,74.52934407916516,72.66792527667609,74.48335266113281,166348400
2020-05-18,AAPL,75.80498930633232,76.61103581678174,75.11512542110488,76.23826599121094,135178400
2020-05-19,AAPL,76.25522103808397,77.0999976554672,75.76626852775506,75.79773712158203,101729600
2020-05-20,AAPL,76.65460843756124,77.34204942619355,76.6158784313997,77.27185821533203,111504800
2020-05-21,AAPL,77.13387754437865,77.67366726497515,76.4585365069764,76.69575500488281,102688800
2020-05-22,AAPL,76.43432834001963,77.27185079219365,76.33266854723075,77.1895523071289,81803200
2020-05-26,AAPL,78.3054252019707,78.48454498542678,76.6110265113562,76.66670227050781,125522000
2020-05-27,AAPL,76.52388732434491,77.14596806852482,75.78560919845494,77.000732421875,112945200
2020-05-28,AAPL,76.6763980387844,78.29092158030248,76.40045688271769,77.0346450805664,133560800
2020-05-29,AAPL,77.27668110998019,77.73658783652532,76.60376308600569,76.95958709716797,153532400
2020-06-01,AAPL,76.91360886615988,78.02707250180976,76.78289602270274,77.90604400634766,80791200
2020-06-02,AAPL,77.63976650286615,78.2909002875674,77.19922108217762,78.26669311523438,87642800
2020-06-03,AAPL,78.58623426753769,78.95900415271024,78.01497584988421,78.69757843017578,104491200
2020-06-04,AAPL,78.52087329742372,78.81859867793425,77.64704369151033,78.01981353759766,87560400
2020-06-05,AAPL,78.26911213372232,80.30238892913404,78.24006648317224,80.24187469482422,137250400
2020-06-08,AAPL,79.93931540745123,80.75020774515244,79.23009024878114,80.71631622314453,95654400
2020-06-09,AAPL,80.3968056767083,83.65730597576551,80.36533708864444,83.26517486572266,147712400
2020-06-10,AAPL,84.21162466782144,85.87455499385788,83.77350211039672,85.40738677978516,166651600
2020-06-11,AAPL,84.55295489821151,84.9765547725525,81.20530885584053,81.30696868896484,201662400
2020-06-12,AAPL,83.44189962926336,84.18743203095863,80.90030081571983,82.00891876220703,200146000
2020-06-15,AAPL,80.66547714891838,83.67424321088224,80.5032957450343,83.02310943603516,138808800
2020-06-16,AAPL,85.07333742619001,85.49452156139306,83.44187587324252,85.2234115600586,165428800
2020-06-17,AAPL,85.96651946571197,86.02703369979835,84.9837688951085,85.10479736328125,114406400
2020-06-18,AAPL,85.06123476532262,85.55503301794639,84.53112944713651,85.1386947631836,96820400
2020-06-19,AAPL,85.8430918789263,86.30783714893171,83.54596609025744,84.65216827392578,264476000
2020-06-22,AAPL,85.04428539322777,87.00978658675993,84.99829398313842,86.86697387695312,135445200
2020-06-23,AAPL,88.10875691220691,90.1371959593026,87.68999560053155,88.72116088867188,212155600
2020-06-24,AAPL,88.35079901624333,89.26819705246864,86.78226710315806,87.15503692626953,192623200
2020-06-25,AAPL,87.30994555491553,88.35078749388231,86.55230611311778,88.31205749511719,137522400
2020-06-26,AAPL,88.20797597788908,88.42824869367755,85.4509437109353,85.59860229492188,205256800
2020-06-29,AAPL,85.50661981464565,87.66577111516035,85.02976731524565,87.57136535644531,130646000
2020-06-30,AAPL,87.15988171149978,88.58802392767775,87.14052040168764,88.3023910522461,140223200
2020-07-01,AAPL,88.37984827441205,88.9220535759505,88.08696138066959,88.13536834716797,110737200
2020-07-02,AAPL,89.04066652590694,89.67485466688348,88.02160865174983,88.13536834716797,114041600
2020-07-06,AAPL,89.56109054157537,90.96017971455592,89.52962194946613,90.49301147460938,118655600
2020-07-07,AAPL,90.87061453958542,91.6476154008952,90.10087509241899,90.21221923828125,112424400
2020-07-08,AAPL,91.18770707353977,92.34473915860562,91.10056271828748,92.31327056884766,117092000
2020-07-09,AAPL,93.20403412942578,93.2572869587544,91.66455533300416,92.71024322509766,125642800
2020-07-10,AAPL,92.30600122922262,92.93051232943125,91.69602034280251,92.8724136352539,90257200
2020-07-13,AAPL,94.17470651308925,96.77924249240976,92.2309888780557,92.44400024414062,191649200
2020-07-14,AAPL,91.82671884066302,94.16498980895781,90.89480551473416,93.97377014160156,170989200
2020-07-15,AAPL,95.84487913129125,96.09419752364778,93.42430934647335,94.62007141113281,153198000
2020-07-16,AAPL,93.49452529827339,94.31025628529977,92.85791414474407,93.45579528808594,110577600
2020-07-17,AAPL,93.90600170117715,94.06091431617955,92.79495374103925,93.2669677734375,92186800
2020-07-20,AAPL,93.35411067179673,95.37044189094031,93.01038653957822,95.23246765136719,90318000
2020-07-21,AAPL,96.02158957813295,96.09662665534265,93.66879530005893,93.9181137084961,103433200
2020-07-22,AAPL,93.62037185613211,94.86212529718233,93.53323489247579,94.18194580078125,89001600
2020-07-23,AAPL,93.91568143989768,93.99314144318696,89.08664931990235,89.8951187133789,197004400
2020-07-24,AAPL,88.09663844239333,90.01614846898383,86.31267234298356,89.67242431640625,185438800
2020-07-27,AAPL,90.73262697532834,91.88965891007823,90.50993871626743,91.79767608642578,121214000
2020-07-28,AAPL,91.36925259131361,91.54595685387366,90.28483461346657,90.28968048095703,103625600
2020-07-29,AAPL,90.7713632677891,92.20434377285328,90.73505619988047,92.02037811279297,90329200
2020-07-30,AAPL,91.19496376791191,93.23792519284922,90.78830982976133,93.13384246826172,158130000
2020-07-31,AAPL,99.61612680199143,103.03397001244983,97.62157236005555,102.88389587402344,374336800
2020-08-03,AAPL,104.7622549635953,108.09053834247213,104.4645296144692,105.47632598876953,308151200
2020-08-04,AAPL,105.66511972582127,107.26995848073891,104.94378735797679,106.18070220947266,173071600
2020-08-05,AAPL,105.90235611566642,106.88510690463526,105.43760344433963,106.56558990478516,121776800
2020-08-06,AAPL,106.89722436885218,110.7773982628993,106.30902755903897,110.28359985351562,202428800
2020-08-07,AAPL,109.80586800423681,110.26175680038186,106.98082124977309,107.77619934082031,198045600
2020-08-10,AAPL,109.21901552378732,110.35873735584337,106.69708588297902,109.34268951416016,212403600
2020-08-11,AAPL,108.60796447088038,109.10507306907006,105.83141158748525,106.09088134765625,187902400
2020-08-12,AAPL,107.1796439994117,109.8737492325435,106.9856522603481,109.61670684814453,165598000
2020-08-13,AAPL,110.99408465160128,112.55817011651827,110.50667052619417,111.55667114257812,210082000
2020-08-14,AAPL,111.38208775805406,111.54698151987802,109.65068105796512,111.45726013183594,165565200
2020-08-17,AAPL,112.57756555807367,112.60181637912858,110.54062239475888,111.16625213623047,119561600
2020-08-18,AAPL,110.91890789561272,112.51693852673742,110.58426581680665,112.09257507324219,105633600
2020-08-19,AAPL,112.49995954797271,113.64452867430332,112.13864675565405,112.23321533203125,145538000
2020-08-20,AAPL,112.27446284451047,114.83762028422797,112.25748652761663,114.72364807128906,126907200
2020-08-21,AAPL,115.6814742972318,121.11817961837231,115.6693525872738,120.6356201171875,338054800
2020-08-24,AAPL,124.83319799639226,124.91807958440302,120.21612802925294,122.07847595214844,345937600
2020-08-25,AAPL,120.95329109467639,121.42130160395935,119.35768029886763,121.07695770263672,211495600
2020-08-26,AAPL,122.39127306939878,123.17937664467517,121.32672345710665,122.7234878540039,163022400
2020-08-27,AAPL,123.32486169573068,123.657076446734,120.11424426928406,121.25639343261719,155552400
2020-08-28,AAPL,122.22880256231407,122.64589153107447,120.83689273182479,121.05998992919922,187630000
2020-08-31,AAPL,123.74922926791106,127.06653708598974,122.2166692582802,125.1653823852539,225702700
2020-09-01,AAPL,128.7737011544299,130.75245576113278,126.61066398001222,130.15106201171875,151948100
2020-09-02,AAPL,133.45865195686625,133.8369410345014,123.1866360174791,127.45451354980469,200119000
2020-09-03,AAPL,123.09935129507485,124.97139321089942,116.88181705951085,117.25040435791016,257599600
2020-09-04,AAPL,116.46474218511382,119.98574406174012,107.56038329847304,117.32801818847656,332607200
2020-09-08,AAPL,110.52849400857393,115.41716207276087,109.29663073421304,109.43242645263672,231366600
2020-09-09,AAPL,113.73911382379356,115.56266164657546,111.79916649731042,113.79730987548828,176940500
2020-09-10,AAPL,116.74602745349068,116.88182317054356,109.12203408038299,110.08230590820312,182274400
2020-09-11,AAPL,111.12986314395623,111.77004920348398,106.69708456311906,108.63703155517578,180860300
2020-09-14,AAPL,111.27537379227499,112.44904097306566,109.41302623599448,111.89615631103516,140150100
2020-09-15,AAPL,114.7769823425134,115.26196916143692,110.1987055878256,112.07075500488281,184642000
2020-09-16,AAPL,111.77006975767836,112.51694623083202,108.6758513682307,108.76314544677734,154679000
2020-09-17,AAPL,106.42549948987329,108.83102975873638,105.44582412860575,107.0268783569336,178011000
2020-09-18,AAPL,107.08509211161683,107.5506753180143,102.9045006607274,103.6319808959961,287104900
2020-09-21,AAPL,101.40106341982381,106.88141694986336,100.00429875934016,106.77471923828125,195713800
2020-09-22,AAPL,109.29662320835186,109.47121874863322,105.88231946545223,108.45274353027344,183055400
2020-09-23,AAPL,108.26846907252015,108.74375412227577,103.56409061974239,103.9035873413086,150718700
2020-09-24,AAPL,102.01212791770884,106.93959588038079,101.84723417179123,104.97055053710938,167743300
2020-09-25,AAPL,105.17424837255975,109.06384497371614,104.4370662899755,108.90864562988281,149981400
2020-09-28,AAPL,111.5566650919616,111.85735453793174,109.39362072171006,111.50816345214844,137672400
2020-09-29,AAPL,111.11050109828263,111.84767585373268,110.15992352372166,110.664306640625,99382200
2020-09-30,AAPL,110.37330565840851,113.73911550361659,110.20841190929694,112.33264923095703,142675200
2020-10-01,AAPL,114.10770215411938,114.18530182393523,112.35205217632898,113.2832260131836,116120400
2020-10-02,AAPL,109.50032515653433,111.90586307346008,108.85044458473479,109.62641906738281,144712000
2020-10-05,AAPL,110.48970949498322,113.14743540361185,110.14051836534591,113.00193786621094,106243800
2020-10-06,AAPL,112.2259566607193,112.63335124814374,108.87955028037823,109.7622299194336,161498200
2020-10-07,AAPL,111.17838574960963,112.08046156708008,110.70309331868141,111.62457275390625,96849000
2020-10-08,AAPL,112.75944851761336,112.90494606027923,111.14928853931941,111.51788330078125,83477200
2020-10-09,AAPL,111.81854423083884,113.48689983988513,111.4693531777682,113.45780181884766,100506900
2020-10-12,AAPL,116.45503667336371,121.42130453731181,115.6984583933761,120.66472625732422,240226800
2020-10-13,AAPL,121.5085786649449,121.62497815056649,116.0573322604358,117.46379089355469,262330500
2020-10-14,AAPL,117.36681956932418,119.33586502763562,116.028258506117,117.55111694335938,150712000
2020-10-15,AAPL,115.15527240046332,117.56080289760202,114.60238771843201,117.08551788330078,112559200
2020-10-16,AAPL,117.63838547908625,117.90028246955836,115.24254973816036,115.44624328613281,115393800
2020-10-19,AAPL,116.35804996814461,116.8042370043639,112.18716729027952,112.49755859375,120639300
2020-10-20,AAPL,112.71093501778782,115.40746797741103,112.15805033404632,113.98160552978516,124423700
2020-10-21,AAPL,113.16683302863848,115.14558032107824,112.95343762450592,113.36083221435547,89946000
2020-10-22,AAPL,113.92340448698165,114.49569279996962,111.14927920105526,112.27445220947266,101988000
2020-10-23,AAPL,112.89523260157101,113.05043193781697,110.84858760677534,111.58576965332031,82572600
2020-10-26,AAPL,110.58671585421544,113.05045021305911,109.49064071564872,111.59548950195312,111850700
2020-10-27,AAPL,112.02225897491293,113.75851276167866,111.10078693291935,113.09893035888672,92276800
2020-10-28,AAPL,111.59546536731106,111.96405267029793,107.76406521649079,107.8610610961914,143937800
2020-10-29,AAPL,108.99595640558233,113.41903447764516,108.83105523861934,111.85737609863281,146129200
2020-10-30,AAPL,107.72525497153092,108.62733062614099,104.48554702075934,105.59131622314453,190272600
2020-11-02,AAPL,105.83383085542181,107.356689266343,104.09757704674024,105.50403594970703,122866900
2020-11-03,AAPL,106.3673230400161,108.14236934595198,105.46524717293197,107.1239013671875,107624400
2020-11-04,AAPL,110.71278263905,112.11924135480659,108.97652906147681,111.49845886230469,138235500
2020-11-05,AAPL,114.40838224963099,116.02824377297978,113.3608163942021,115.4559555053711,126387100
2020-11-06,AAPL,114.96528648231298,115.82033327578648,112.83737692583377,115.32479858398438,114457900
2020-11-09,AAPL,117.08348880826458,118.53124107554257,112.75966168887598,113.02200317382812,154515300
2020-11-10,AAPL,112.27382528066764,114.25597883957684,110.8940807658282,112.68191528320312,138023400
2020-11-11,AAPL,113.86732789743012,116.23814181960135,113.13859256042241,116.10211181640625,112295000
2020-11-12,AAPL,116.22841881317535,117.1126137436234,115.20818648034917,115.83003997802734,103162300
2020-11-13,AAPL,116.0535360017511,116.27701069114,114.52805029862242,115.8786392211914,81581900
2020-11-16,AAPL,115.54828228699445,117.55959167779801,114.80011721095168,116.88916015625,91183000
2020-11-17,AAPL,116.16040329852451,117.24864320805052,115.58712770640344,116.00493621826172,74271000
2020-11-18,AAPL,115.24706694247119,116.42275908285534,114.65436159878705,114.68350982666016,76322100
2020-11-19,AAPL,114.25597458875419,115.68429695756758,113.49809106564801,115.27620697021484,74113000
2020-11-20,AAPL,115.27620565626937,115.40251710432108,113.96448361868471,114.0130615234375,73604300
2020-11-23,AAPL,113.85760341347095,114.2851304944073,110.5248536828197,110.62201690673828,127959300
2020-11-24,AAPL,110.68033950800988,112.56533009298217,109.39775804807978,111.90460968017578,113874200
2020-11-25,AAPL,112.27382503154757,113.43979858279869,111.90459439029078,112.7402114868164,76499200
2020-11-27,AAPL,113.26489496698315,114.15880846315034,112.92481998616722,113.2843246459961,46691300
2020-11-30,AAPL,113.65356330256418,117.54015173092947,113.49809620715159,115.67459106445312,169410200
2020-12-01,AAPL,117.57901628913943,119.96926723797301,116.60736920035771,119.24053192138672,127728200
2020-12-02,AAPL,118.56035832864589,119.87208764992158,117.46239993689542,119.5903091430664,89004200
2020-12-03,AAPL,120.01784962535093,120.27047995352808,118.74499426371094,119.45429992675781,78967600
2020-12-04,AAPL,119.12392660773527,119.37655691588907,118.07454601670749,118.78385162353516,78260400
2020-12-07,AAPL,118.84215122001115,121.03807568238211,118.78385476777048,120.24132537841797,86712000
2020-12-08,AAPL,120.84375108576852,121.43645640289948,119.6000365852931,120.85346221923828,82225500
2020-12-09,AAPL,120.99923960331449,122.37897701891501,117.56932574896247,118.32720947265625,115089200
2020-12-10,AAPL,117.08347755039478,120.35793100204793,116.74340254220034,119.74578857421875,81312200
2020-12-11,AAPL,118.95876836655133,119.27941372539408,117.13207427816091,118.93933868408203,86939800
2020-12-14,AAPL,119.1239599787293,119.85269546890882,118.09401619146142,118.32720947265625,79184500
2020-12-15,AAPL,120.81460252887871,124.27367140820184,120.61055751786674,124.25423431396484,157243700
2020-12-16,AAPL,123.79757294273104,124.73034594931227,122.97166689471923,124.18622589111328,98208600
2020-12-17,AAPL,125.24529842903367,125.90602613060179,124.40968137555939,125.05097198486328,94359800
2020-12-18,AAPL,125.30361605465058,125.43964605507787,122.5441344465272,123.0688247680664,192541500
2020-12-21,AAPL,121.47530568083864,124.67202522679207,119.94982017477122,124.59429168701172,121251600
2020-12-22,AAPL,127.87847449783371,130.59908932336018,125.97403967211778,128.1408233642578,168904800
2020-12-23,AAPL,128.41290674198933,128.6752408300138,127.07202876522139,127.24693298339844,88223700
2020-12-24,AAPL,127.59666123656527,129.6759847359409,127.38289776059788,128.2282257080078,54930100
2020-12-28,AAPL,130.19097883452193,133.44598718799116,129.7245776284665,132.81442260742188,124486200
2020-12-29,AAPL,134.13588116304936,134.85489050709643,130.53106400488656,131.04603576660156,121047300
2020-12-30,AAPL,131.73594502265215,132.13432398091498,129.6177461619134,129.92868041992188,96452100
2020-12-31,AAPL,130.27841448791915,130.91970498226274,127.98532727499882,128.92782592773438,99116600
2021-01-04,AAPL,129.73430670995643,129.82175137838865,123.1659711614339,125.74083709716797,143301900
2021-01-05,AAPL,125.23557674034254,128.00477652137644,124.78861261288198,127.29546356201172,97664900
2021-01-06,AAPL,124.09876065496377,127.3343470647896,122.79674977159817,123.01051330566406,155088000
2021-01-07,AAPL,124.72059417067166,127.89788362114454,124.23477073043473,127.2080078125,109578200
2021-01-08,AAPL,128.67520026141898,128.86954151504634,126.53757990692247,128.3059844970703,105158200
2021-01-11,AAPL,125.52707332046941,126.47928319135579,124.85663454489163,125.3230209350586,100384500
2021-01-12,AAPL,124.85664288048969,126.0129052139805,123.26314235039197,125.14813995361328,91951100
2021-01-13,AAPL,125.10925086160563,127.72298342309901,124.84691687059603,127.17886352539062,88636800
2021-01-14,AAPL,127.09145562889725,127.28578210198899,125.1092870553467,125.25504302978516,90221800
2021-01-15,AAPL,125.1287025525268,126.52787663913662,123.39917203606663,123.53520202636719,111598500
2021-01-19,AAPL,124.15706500945309,125.0607045202907,123.34088500532488,124.20565032958984,90757300
2021-01-20,AAPL,125.01214395162096,128.7335548533042,124.90526215662156,128.28659057617188,104319500
2021-01-21,AAPL,130.00635537983658,135.70991781539036,129.80230301173157,132.9893035888672,120150900
2021-01-22,AAPL,132.41603478545585,135.88482124174027,131.1917650617903,135.12693786621094,114459400
2021-01-25,AAPL,139.0135690829673,140.97628571065687,132.6686993609781,138.86781311035156,157611700
2021-01-26,AAPL,139.52854031294,140.20869037046396,137.3617564370404,139.10101318359375,98390600
2021-01-27,AAPL,139.363363343346,140.20870656534407,136.42899920964183,138.03221130371094,140843800
2021-01-28,AAPL,135.56417353512813,137.96414245615455,132.82412228395296,133.20306396484375,142621100
2021-01-29,AAPL,131.97878957386544,132.8629917399109,126.51813918014763,128.21852111816406,177523800
2021-02-01,AAPL,129.9577892114423,131.54157860190338,127.21773749244758,130.33673095703125,106239800
2021-02-02,AAPL,131.8816527763116,132.4452098565485,130.79341280132044,131.1626434326172,83305400
2021-02-03,AAPL,131.91076929503612,131.92049525214782,129.82173452529324,130.1423797607422,89880900
2021-02-04,AAPL,132.43550657690793,133.5043095225396,130.7739834636992,133.49459838867188,84183100
2021-02-05,AAPL,133.65516390896917,133.7232731231055,132.20524094162676,133.08102416992188,75693800
2021-02-08,AAPL,132.37067302189544,133.27566293088242,131.29053239728702,133.2270050048828,71297200
2021-02-09,AAPL,132.94477197557092,134.1708861386868,132.19549648512387,132.35118103027344,76774200
2021-02-10,AAPL,132.80853804149436,133.3048279995829,130.7844904817518,131.74786376953125,73046600
2021-02-11,AAPL,132.24416393424985,132.72098784651604,130.17147291387968,131.49488830566406,64280000
2021-02-12,AAPL,130.7359039411324,131.88415404983218,130.09365480491843,131.72845458984375,60145100
2021-02-16,AAPL,131.84520181246612,132.35120265140839,129.21782237561078,129.60707092285156,80576300
2021-02-17,AAPL,127.7192867880388,128.6631943239758,125.98717117222641,127.3203125,97918500
2021-02-18,AAPL,125.72438263501022,126.50286477250336,123.982542030246,126.22067260742188,96856700
2021-02-19,AAPL,126.73642239782728,127.19378012757379,125.33515742569439,126.3763656616211,87668800
2021-02-22,AAPL,124.56640502266376,126.23041094448011,122.22124015432108,122.61048126220703,103916400
2021-02-23,AAPL,120.43072920624994,123.30136816472337,115.20518512538801,122.47423553466797,158273000
2021-02-24,AAPL,121.57899955251936,122.1823162213377,118.94190197736167,121.97796630859375,111039900
2021-02-25,AAPL,121.32598240071049,123.05809741548158,117.29735317502876,117.73524475097656,148199500
2021-02-26,AAPL,119.29222499597206,121.49143122307309,117.93961772875939,117.99800872802734,164560400
2021-03-01,AAPL,120.42100448300808,124.48855870917815,119.48683030882653,124.35232543945312,116307900
2021-03-02,AAPL,124.95566267357219,125.25732102772348,121.64712415132996,121.75416564941406,102260900
2021-03-03,AAPL,121.45248092660913,122.32827149061751,118.56237577745944,118.77645874023438,112966300
2021-03-04,AAPL,118.47481493176636,120.27504677444026,115.4290174341431,116.89839172363281,178155000
2021-03-05,AAPL,117.72553558561702,118.65970985611862,114.40726400079701,118.15369415283203,153766600
2021-03-08,AAPL,117.67687524164398,117.74499188213018,113.08384627126932,113.22981262207031,154376600
2021-03-09,AAPL,115.827968557669,118.77645723226702,115.59442688495044,117.83255004882812,129525800
2021-03-10,AAPL,118.41643235397203,118.88351576641335,116.23668501538924,116.75243377685547,111943300
2021-03-11,AAPL,119.24357564260735,119.89555031815932,117.99800986717743,118.6791763305664,103026500
2021-03-12,AAPL,117.16111263936789,117.9103955487277,115.95447204511132,117.77416229248047,88105100
2021-03-15,AAPL,118.14395874848536,120.6642817142442,117.18058534747087,120.65454864501953,92403800
2021-03-16,AAPL,122.31853968534864,123.79765430298438,121.36490683570095,122.1920394897461,115227900
2021-03-17,AAPL,120.71293967926185,122.47424657756945,119.04893377660937,121.40383911132812,111932600
2021-03-18,AAPL,119.57440947336566,119.86634216018179,117.08327826271949,117.28762817382812,121229700
2021-03-19,AAPL,116.67459352140682,118.16343408346621,116.46051051329101,116.76216888427734,185549500
2021-03-22,AAPL,117.09299086284075,120.53776181396455,117.02487423771213,120.07067108154297,111912300
2021-03-23,AAPL,120.01229458916613,120.89781076796868,118.8543044696532,119.24354553222656,95467100
2021-03-24,AAPL,119.51602254128295,119.59387224546333,116.84000020937296,116.85945892333984,88530500
2021-03-25,AAPL,116.32426633816141,118.38723908571315,115.79879193762964,117.34601593017578,98844700
2021-03-26,AAPL,117.11247500179746,118.21208173439534,115.72094299418823,117.9493408203125,94071200
2021-03-29,AAPL,118.37748900748083,119.28247132989765,117.48223975334861,118.12448120117188,80819200
2021-03-30,AAPL,116.87891806940085,117.16111766205535,115.66254435493632,116.67456817626953,85671900
2021-03-31,AAPL,118.37751748454296,120.19720821125276,117.89096789144921,118.86406707763672,118323800
2021-04-01,AAPL,120.33340326273564,120.83941138090094,119.19487200459282,119.69115447998047,75089100
2021-04-05,AAPL,120.53776349572522,122.76616086910339,119.75928140554619,122.51315307617188,88651200
2021-04-06,AAPL,123.09701127942607,123.71006091586875,122.26987869637169,122.81481170654297,80171300
2021-04-07,AAPL,122.44504366920103,124.4788169278638,121.77360301243874,124.45935821533203,83466700
2021-04-08,AAPL,125.48109929933943,126.88236408117511,125.06267390248307,126.8531723022461,88844600
2021-04-09,AAPL,126.3082809200934,129.46111286986317,125.98715639774359,129.4221954345703,106686700
2021-04-12,AAPL,128.9550531527241,129.27617752860823,127.11589707143067,127.70948791503906,91420000
2021-04-13,AAPL,128.87723269707828,131.0375136441806,128.38094270892825,130.81369018554688,91266500
2021-04-14,AAPL,131.31000899099288,131.36839256751463,128.11824478906962,128.47828674316406,87222800
2021-04-15,AAPL,130.22012045971883,131.36837019796266,130.04495491166549,130.88182067871094,89347100
2021-04-16,AAPL,130.6871670710185,131.04720886250462,129.69460217348174,130.55093383789062,84922400
2021-04-19,AAPL,129.91846854593953,131.82574950678435,129.75304346412022,131.2126922607422,94264200
2021-04-20,AAPL,131.38782793049364,131.88410306298763,128.26417368348118,129.52920532226562,94812300
2021-04-21,AAPL,128.79940473993418,130.15201197134868,127.76792201144299,129.9087371826172,68847100
2021-04-22,AAPL,129.46110142550572,130.54124205126504,127.87495994409139,128.3907012939453,84566500
2021-04-23,AAPL,128.60478264515086,131.48514771146148,128.60478264515086,130.70668029785156,78657500
2021-04-26,AAPL,131.20295824690538,131.42676689058607,129.9671181870508,131.09591674804688,66905100
2021-04-27,AAPL,131.3781122600293,131.76736083305914,130.5023289552631,130.77479553222656,66015800
2021-04-28,AAPL,130.69694575341165,131.38785269000346,129.5000379446019,129.98658752441406,107760100
2021-04-29,AAPL,132.7988386951313,133.38270410909877,128.88697605750357,129.88926696777344,151101000
2021-04-30,AAPL,128.23502143741464,129.9671369612886,127.54412926632877,127.92363739013672,109839500
2021-05-03,AAPL,128.48799878924353,130.46340362512916,128.28365629304724,128.97454833984375,75135100
2021-05-04,AAPL,127.66087574180307,127.9528084470389,123.29165535400072,124.41072082519531,137564700
2021-05-05,AAPL,125.72440711319194,126.94078104975206,124.52749931714487,124.65400695800781,84000900
2021-05-06,AAPL,124.44965376287253,126.25961883490083,123.71009630596178,126.24989318847656,78128300
2021-05-07,AAPL,127.54628780481441,127.94592476658238,126.21086763240989,126.92244720458984,78973300
2021-05-10,AAPL,126.14263220253412,126.26933982071908,123.60827160938823,123.64726257324219,88071200
2021-05-11,AAPL,120.381847398056,123.08190661407825,119.67027531129933,122.73100280761719,126142800
2021-05-12,AAPL,120.28437120843128,121.49306133403097,119.16340517343434,119.67027282714844,112172300
2021-05-13,AAPL,121.43459040557941,122.96495055227784,121.12267010296466,121.81474304199219,105861300
2021-05-14,AAPL,123.06244016058305,124.66103284772763,122.67253787272075,124.23213958740234,81918000
2021-05-17,AAPL,123.6180179933794,123.72524128199667,122.00967610088587,123.08190155029297,74244600
2021-05-18,AAPL,123.3646094337638,123.78375308679564,121.62955208202142,121.69778442382812,63342900
2021-05-19,AAPL,120.050447495282,121.76600548369002,119.75801895076617,121.54181671142578,92612000
2021-05-20,AAPL,122.06818662946591,124.49531683623646,121.94146411990351,124.09566497802734,76857100
2021-05-21,AAPL,124.59280216593018,124.76825782596866,122.04869881375613,122.26314544677734,79295400
2021-05-24,AAPL,122.82849985689472,124.70977148763245,122.76026751533502,123.89097595214844,63092900
2021-05-25,AAPL,124.59280739844195,125.08019086281091,123.13067931563903,123.69603729248047,72009500
2021-05-26,AAPL,123.7544858646491,124.17362943012175,123.22811900776954,123.64726257324219,56575900
2021-05-27,AAPL,123.24764397847942,124.41734339161216,121.92198067731965,122.11692810058594,94625600
2021-05-28,AAPL,122.3995899273286,122.6237861257757,121.40534630909178,121.46382904052734,71311100
2021-06-01,AAPL,121.92198599710954,122.18516577367905,120.81076927511776,121.14218139648438,67637100
2021-06-02,AAPL,121.14216055572481,122.07792145343016,120.9179717914318,121.9024658203125,59278900
2021-06-03,AAPL,121.53206925104124,121.6977752920281,120.02120080570538,120.42085266113281,76229200
2021-06-04,AAPL,120.93746915555829,122.97470451422886,120.72302254551224,122.71151733398438,75169300
2021-06-07,AAPL,122.98444744531308,123.1306617200527,121.67828344764422,122.72126770019531,71057600
2021-06-08,AAPL,123.40360489150423,125.21665168991701,123.02345219665295,123.54006958007812,74403800
2021-06-09,AAPL,123.99817082964145,124.52453767386459,123.32558973367314,123.9201889038086,56877900
2021-06-10,AAPL,123.81297704481983,124.95344236430199,122.7602506959565,122.92595672607422,71186400
2021-06-11,AAPL,123.33536251537065,124.22239035571975,122.91621888119515,124.13465881347656,53522400
2021-06-14,AAPL,124.59276457227712,127.24408300420586,123.8617007821636,127.18560028076172,96906500
2021-06-15,AAPL,126.6592498003718,127.30258955054586,126.1231333418934,126.3668212890625,62746300
2021-06-16,AAPL,127.07842216944793,127.58529740869534,125.21665702603657,126.86397552490234,91815000
2021-06-17,AAPL,126.52279301183641,129.20336059736883,126.37657131032402,128.46253967285156,96721700
2021-06-18,AAPL,127.40985624306948,128.18964604081222,126.95172155645028,127.16616821289062,108953300
2021-06-21,AAPL,127.01021243070467,129.0669401319559,125.94773612079095,128.959716796875,79663300
2021-06-22,AAPL,128.79400746985203,130.69477120433336,128.2968743499232,130.5972900390625,74783600
2021-06-23,AAPL,130.39256533356104,130.92868185123652,129.8661909803765,130.32432556152344,60214200
2021-06-24,AAPL,131.0553765632134,131.24058178501798,129.57374966230876,130.04164123535156,68711000
2021-06-25,AAPL,130.09039090512184,130.50952706925113,129.45679326652197,129.7492218017578,70783700
2021-06-28,AAPL,130.04166969629122,131.8352098315601,129.98318695524438,131.3770751953125,62111300
2021-06-29,AAPL,131.39658519851488,133.0439186165466,130.95794973108042,132.88795471191406,64556100
2021-06-30,AAPL,132.73195190270366,133.94064949902392,132.43952338561445,133.50201416015625,63261400
2021-07-01,AAPL,133.15110203776288,133.86266668828733,132.33229922059724,133.80418395996094,52485800
2021-07-02,AAPL,134.41828334809892,136.46526832234767,134.27207651002422,136.42628479003906,78852600
2021-07-06,AAPL,136.53350195950557,139.53572463895688,136.53350195950557,138.43426513671875,108181800
2021-07-07,AAPL,139.91589835234652,141.2318195282519,139.0581266890823,140.91990661621094,104911600
2021-07-08,AAPL,138.00536723887996,140.42274763655988,137.11833949517367,139.6234588623047,105575500
2021-07-09,AAPL,139.1458132863032,141.97258743167365,139.04833216120844,141.44622802734375,99890800
2021-07-12,AAPL,142.51847096001342,142.62569425576672,140.36426288116348,140.8516387939453,76299700
2021-07-13,AAPL,140.3934939298509,143.7369001800956,140.00359917768813,141.9628448486328,100827100
2021-07-14,AAPL,144.3607540301203,145.79364043052715,143.95134516697595,145.3842315673828,127050800
2021-07-15,AAPL,145.47197634550716,146.21278242197315,143.37625087333885,144.7311553955078,106820300
2021-07-16,AAPL,144.7116519617399,145.9788173432772,142.19679065127386,142.69390869140625,93251400
2021-07-19,AAPL,140.12060468938105,140.43253247911716,138.09311867670348,138.85342407226562,121434600
2021-07-20,AAPL,139.83790622702588,143.3860023478585,139.35053030452949,142.45997619628906,96350000
2021-07-21,AAPL,141.8556653977963,142.4405225803077,140.97839449756518,141.72894287109375,74993500
2021-07-22,AAPL,142.2553100922622,144.4582442706814,142.12858757198936,143.09359741210938,77338200
2021-07-23,AAPL,143.82463382519293,144.96509166825837,143.210535419876,144.8091278076172,71447400
2021-07-26,AAPL,144.52647939059113,146.04709009069717,143.97086362595675,145.22830200195312,72434100
2021-07-27,AAPL,145.35498894389306,145.44272791296905,141.87513262554674,143.0643310546875,104818600
2021-07-28,AAPL,141.1538434950934,143.2593115153304,138.94115215326465,141.31954956054688,118931200
2021-07-29,AAPL,141.0368336570977,142.8498725143642,140.92961036922324,141.9628448486328,56699500
2021-07-30,AAPL,140.73467853831747,142.63544169374407,140.47149137109437,142.17730712890625,70440600
2021-08-02,AAPL,142.6646895204393,143.2397895751834,141.582714310116,141.8459014892578,62880000
2021-08-03,AAPL,142.12856645538005,144.30225894055675,141.51446802349406,143.63943481445312,64786600
2021-08-04,AAPL,143.55173491626834,144.05859526042843,142.58672505684436,143.23980712890625,56368300
2021-08-05,AAPL,143.2690486927029,144.10733603044793,142.4795019309908,143.34703063964844,46397700
2021-08-06,AAPL,142.8686463484262,143.61056217962263,142.16577244694983,142.66363525390625,54126800
2021-08-09,AAPL,142.72223685529076,143.21034301067533,142.05841963396023,142.61485290527344,48908700
2021-08-10,AAPL,142.95650446957146,144.1962980261516,141.8436232545715,142.13648986816406,69023100
2021-08-11,AAPL,142.57580253562702,143.22986295766566,142.0681679932176,142.39031982421875,48493500
2021-08-12,AAPL,142.71249604702388,145.50446416374155,142.37081574173467,145.3482666015625,72282600
2021-08-13,AAPL,145.42638655047446,145.88520764627282,144.74304073624972,145.5532989501953,59375000
2021-08-16,AAPL,145.00657783567002,147.59354953492934,142.98582599022765,147.52520751953125,103296000
2021-08-17,AAPL,146.65636676617194,148.07187159409528,145.5434853619502,146.61732482910156,92229700
2021-08-18,AAPL,146.2366215497856,147.13473517673972,142.67343732669485,142.87844848632812,86326000
2021-08-19,AAPL,141.58005455752308,144.4794059910355,141.06266328178802,143.2103271484375,86960300
2021-08-20,AAPL,143.93275769698107,144.96754045087513,143.28845394220284,144.6649169921875,60549600
2021-08-23,AAPL,144.78206681885666,146.61735100093347,144.37205937525184,146.14877319335938,60131800
2021-08-24,AAPL,145.8949130199866,147.27137582254224,145.6020463753851,146.0608673095703,48606400
2021-08-25,AAPL,146.24639198416384,146.7442698916124,144.28421022511418,144.8308868408203,58991300
2021-08-26,AAPL,144.82110951404735,145.57278230599707,144.00107981111,144.03036499023438,48597200
2021-08-27,AAPL,143.97180225819312,145.2115961914639,143.33727014912955,145.06517028808594,55802400
2021-08-30,AAPL,145.45564049048158,149.83883931473636,145.07491826892314,149.47763061523438,90956700
2021-08-31,AAPL,149.02861147557854,149.1652806367618,147.6911901527622,148.21835327148438,86453100
2021-09-01,AAPL,149.19453621732464,151.29338682527435,148.71618680019012,148.88214111328125,80313700
2021-09-02,AAPL,150.20976298790652,151.03954929712242,148.77472989529102,149.9949951171875,71115500
2021-09-03,AAPL,150.10239938899159,150.9517142276546,149.44833892893834,150.6295623779297,57808700
2021-09-07,AAPL,151.2836211735212,153.51914078415754,150.71741625258127,152.96270751953125,82278300
2021-09-08,AAPL,153.24580029178898,153.30437064554417,150.31716343749,151.4202880859375,74420200
2021-09-09,AAPL,151.79126431107525,152.39651120399355,150.28788894400816,150.40504455566406,57305700
2021-09-10,AAPL,151.3128888573864,151.7814665359228,145.16274910531013,145.42633056640625,140893200
2021-09-13,AAPL,147.04686479158386,147.81806596111582,145.21158088499752,145.9925537109375,102404300
2021-09-14,AAPL,146.77355269563384,147.47642687466802,143.4153793726529,144.59658813476562,109296300
2021-09-15,AAPL,145.02608811276684,145.88515965134906,142.88818092204215,145.4849090576172,83281300
2021-09-16,AAPL,144.90896023332135,145.42635157507343,143.71798000246844,145.25062561035156,68034100
2021-09-17,AAPL,145.27992686740734,145.27992686740734,142.29270460935308,142.5855712890625,129868800
2021-09-20,AAPL,140.37932278347847,141.39457695669392,137.90950701335717,139.53977966308594,123478900
2021-09-21,AAPL,140.50621829477157,141.1602935933769,139.38358019514303,140.0181121826172,75834000
2021-09-22,AAPL,141.01387841720836,142.94677480134484,140.28171911608493,142.38058471679688,76404300
2021-09-23,AAPL,143.16155428115266,143.58133339351843,142.17558503852095,143.3372802734375,64838200
2021-09-24,AAPL,142.19510285111807,143.96204492535793,142.09747565204063,143.4251251220703,53477900
2021-09-27,AAPL,142.00959923062172,142.48794860245857,140.39885495340664,141.91197204589844,74150700
2021-09-28,AAPL,139.8424227657557,141.30674132874793,138.31953384357482,138.5343017578125,108972300
2021-09-29,AAPL,139.08098176355122,141.013878143942,138.65144592439347,139.4324188232422,74602000
2021-09-30,AAPL,140.24265523549735,140.94552924628812,137.91926531672686,138.134033203125,89056700
2021-10-01,AAPL,138.5245544569587,139.52029542569983,135.80092800506898,139.2567138671875,94639600
2021-10-04,AAPL,138.3878720570302,138.82717957779718,134.98090012736012,135.8302001953125,98322000
2021-10-05,AAPL,136.17189733013998,138.85648190904183,136.044984928838,137.75335693359375,80861100
2021-10-06,AAPL,136.15236065284557,138.7686030429388,135.07852092806354,138.62217712402344,83221100
2021-10-07,AAPL,139.6569450430087,140.78935501402486,139.32503639848235,139.8814697265625,61732700
2021-10-08,AAPL,140.60387247260306,140.75029837603776,139.16883903566588,139.50074768066406,58773200
2021-10-11,AAPL,138.88573944232053,141.36531233280488,138.43667519346084,139.4128875732422,64452200
2021-10-12,AAPL,139.82286975119803,139.84239816609858,137.68496264197734,138.14378356933594,73035900
2021-10-13,AAPL,137.88022678873125,138.0364094315763,135.88874541033104,137.55807495117188,78762700
2021-10-14,AAPL,138.7295267040612,140.45742659800283,138.14379338196727,140.34027099609375,69907100
2021-10-15,AAPL,140.35003767716657,141.453147377337,140.09621296187518,141.3945770263672,67940300
2021-10-18,AAPL,140.03762503249558,143.3469835092285,139.75453007307178,143.0638885498047,85589200
2021-10-19,AAPL,143.51295730034732,145.62157933226285,143.06390800766076,145.22132873535156,76378900
2021-10-20,AAPL,145.16276563549152,146.18779152686344,144.59656071553547,145.70944213867188,58418800
2021-10-21,AAPL,145.2701339545865,146.08039186170322,144.35249211048287,145.9241943359375,61421000
2021-10-22,AAPL,146.12922747617256,146.6075619891813,145.1042015405824,145.15301513671875,58883400
2021-10-25,AAPL,145.14324421012236,145.8168331110648,144.10846150842693,145.1042022705078,50720600
2021-10-26,AAPL,145.77780790953028,147.25188335627817,145.46541277347194,145.76805114746094,60893400
2021-10-27,AAPL,145.80706700277705,146.16826078037482,144.95776708428832,145.3092041015625,56094900
2021-10-28,AAPL,146.25610577875034,149.52640741666096,146.15847860921852,148.94068908691406,100077900
2021-10-29,AAPL,143.7179733088264,146.37327190681347,142.92724374395107,146.23660278320312,124953200
2021-11-01,AAPL,145.44586537540286,146.13896771640327,144.28417043944881,145.4165802001953,74588300
2021-11-02,AAPL,145.12375118515345,147.96453308347574,145.113979527006,146.45140075683594,69122000
2021-11-03,AAPL,146.81257403590004,148.35499132920407,146.25614074482093,147.88641357421875,54511500
2021-11-04,AAPL,147.97425010568048,148.80402155525002,147.05660823548425,147.36900329589844,60394600
2021-11-05,AAPL,148.49327073720926,148.7963357946924,146.7041933888627,147.89691162109375,65463900
2021-11-08,AAPL,148.02402320404659,148.18044870579655,146.80197694204415,147.07571411132812,55020900
2021-11-09,AAPL,146.84107977637362,148.0435691533501,146.70421118808,147.43743896484375,56787900
2021-11-10,AAPL,146.66511965093986,146.7726603269792,144.54364896685252,144.61207580566406,65187100
2021-11-11,AAPL,145.62882237351127,146.0882980655143,144.37743321812488,144.5631866455078,41000000
2021-11-12,AAPL,145.11066161989166,147.03660782102534,144.18190939663026,146.6357879638672,63804000
2021-11-15,AAPL,147.00727451410145,148.48351596746593,146.08829332480207,146.6455535888672,59222800
2021-11-16,AAPL,146.58690654221206,148.102247003654,146.00031832566742,147.62319946289062,59256200
2021-11-17,AAPL,147.62318884522813,151.53373689410836,147.61341784542643,150.05751037597656,88807000
2021-11-18,AAPL,150.27259510761894,155.12166644396783,149.62735108476016,154.3395538330078,137827700
2021-11-19,AAPL,154.12445397592487,157.41910052968012,153.02950540265965,156.95960998535156,117305600
2021-11-22,AAPL,158.06437288139423,161.99447854129045,157.3995867561447,157.4191436767578,117467900
2021-11-23,AAPL,157.51687668201387,158.18167763297342,155.5029467463392,157.80039978027344,96041900
2021-11-24,AAPL,157.1551823252834,158.5140974575523,156.07000441983408,158.31857299804688,69463600
2021-11-26,AAPL,156.00155632601601,156.8618668141861,152.8633347292546,153.3032684326172,76959800
2021-11-29,AAPL,155.80603121042097,157.5853380225465,155.23899986098183,156.65658569335938,88748200
2021-11-30,AAPL,156.41215841772612,161.8184901598309,156.34371666317804,161.60340881347656,174048100
2021-12-01,AAPL,163.7346542506034,166.49159798116264,160.85062784337472,161.08526611328125,152052500
2021-12-02,AAPL,155.1901268526862,160.52801734787488,154.27114554315142,160.0978546142578,136739200
2021-12-03,AAPL,160.35206691181173,161.27104831929452,156.1482237273482,158.22080993652344,118023100
2021-12-06,AAPL,160.61599065605895,164.12571914002814,160.6062196554979,161.6229705810547,107497000
2021-12-07,AAPL,165.29885432698077,167.74294665807957,164.57539762665544,167.3518829345703,120405400
2021-12-08,AAPL,168.2806769394803,172.02502878126478,166.88264814477856,171.16470336914062,116998900
2021-12-09,AAPL,170.9984899495763,172.7973384356804,170.03062395661757,170.65631103515625,108923700
2021-12-10,AAPL,171.29179439045112,175.61294836881706,170.78341894665584,175.4369659423828,115402700
2021-12-13,AAPL,177.06961358561998,178.0570365302883,171.6046261840087,171.8099365234375,153237000
2021-12-14,AAPL,171.33091243496327,173.76523433574428,168.3589020297747,170.43148803710938,139380400
2021-12-15,AAPL,171.19399748026692,175.48582285763158,168.45661118755606,175.29029846191406,131063300
2021-12-16,AAPL,175.27074544292535,177.08915070687198,166.93150372687032,168.40773010253906,150185800
2021-12-17,AAPL,166.12990322695052,169.59074770607975,165.8952798165429,167.31285095214844,195432700
2021-12-20,AAPL,164.51674516713837,166.76531314131543,163.7150906232475,165.95387268066406,107499100
2021-12-21,AAPL,167.72338564818043,169.3267095815399,165.33794920445052,169.1214141845703,91185900
2021-12-22,AAPL,169.17031112645324,171.9272548095711,168.300214735498,171.71217346191406,92135300
2021-12-23,AAPL,171.9174833311616,172.89512039322665,171.35045204505695,172.33786010742188,68356600
2021-12-27,AAPL,173.12975263201184,176.3852860059842,173.1102106304085,176.29730224609375,74919600
2021-12-28,AAPL,176.13107184612667,177.27490525734726,174.5375188860444,175.280517578125,79144300
2021-12-29,AAPL,175.31967594887476,176.5906072567406,174.15628532669507,175.36856079101562,62348900
2021-12-30,AAPL,175.4565079119385,176.53191454419968,174.10736412193012,174.21490478515625,59773000
2021-12-31,AAPL,174.10735949284833,175.22186501048878,173.29591904054473,173.5989990234375,64062300
2022-01-03,AAPL,173.85319685203027,178.79026689432098,173.73588518068755,177.93971252441406,104487900
2022-01-04,AAPL,178.54586564233023,178.84893075193062,175.1143499260673,175.68138122558594,99310400
2022-01-05,AAPL,175.5934060632604,176.14088047095728,170.7345483186125,171.00828552246094,94537600
2022-01-06,AAPL,168.83793801323478,171.37980064842037,167.80164498917833,168.15359497070312,96904000
2022-01-07,AAPL,169.02367835082143,170.24572473108867,167.2052727402814,168.3197784423828,86709100
2022-01-10,AAPL,165.29890311477462,168.6424206204467,164.40924966346103,168.33935546875,106765600
2022-01-11,AAPL,168.46643037323963,171.26245812752686,166.99997473942338,171.16470336914062,76138300
2022-01-12,AAPL,172.18144710369126,173.21774007794218,170.91053076473975,171.60464477539062,74805200
2022-01-13,AAPL,171.84906951188285,172.6702811972984,167.9482916298187,168.33935546875,84505800
2022-01-14,AAPL,167.50832321300913,169.89375992557677,167.26391395832079,169.19964599609375,80440800
2022-01-18,AAPL,167.67452813175186,168.6814931182034,165.6214992398613,166.00277709960938,90956700
2022-01-19,AAPL,166.19831524532339,167.25416515581253,162.22911080921511,162.5126190185547,94815000
2022-01-20,AAPL,163.24583471657064,165.8854518373375,160.50844792121475,160.83106994628906,91420500
2022-01-21,AAPL,160.74309086318223,162.61038131219433,158.67050497614542,158.77804565429688,122848900
2022-01-24,AAPL,156.44148123567246,158.67049246380245,151.2404450916643,158.0056915283203,162294600
2022-01-25,AAPL,155.424720331175,159.1201868610098,153.50856023591945,156.2068328857422,115798400
2022-01-26,AAPL,159.84366081362626,160.7137572085088,154.29068942101793,156.11886596679688,108275300
2022-01-27,AAPL,158.81711052646853,160.1760252131081,154.7403664665498,155.6593475341797,121954600
2022-01-28,AAPL,162.00422657695262,166.5404614570555,159.15929945417386,166.52090454101562,179935700
2022-01-31,AAPL,166.3547206203823,171.0864802658057,165.71924760028926,170.87139892578125,115541600
2022-02-01,AAPL,170.1186576369502,170.93009836904955,168.45667724529795,170.7052459716797,86213900
2022-02-02,AAPL,170.84207875406224,171.94681342176997,169.45383589849953,171.90769958496094,84914300
2022-02-03,AAPL,170.57810026310062,172.2987509371964,168.27087633720052,169.03343200683594,89418100
2022-02-04,AAPL,168.05460511567154,170.4235148216532,167.07572223889366,168.74961853027344,82465400
2022-02-07,AAPL,169.20965988540354,170.2766384169295,167.33999039041194,168.03500366210938,77251200
2022-02-08,AAPL,168.10351922686326,171.64708470161528,167.8098514342005,171.1380615234375,74829200
2022-02-09,AAPL,172.33228001362485,172.9196005956565,171.20655609241282,172.5574188232422,71285000
2022-02-10,AAPL,170.4626223841964,171.7743215374217,167.92731993059743,168.4852752685547,90865900
2022-02-11,AAPL,168.69081397274465,169.42497580838133,164.49139990842886,165.0787353515625,98670700
2022-02-14,AAPL,163.83558309476697,165.99892030677,163.04269054419584,165.31370544433594,86185500
2022-02-15,AAPL,167.3595849608588,169.29776862360237,166.65478818594016,169.14114379882812,62527400
2022-02-16,AAPL,168.22097415914394,169.67949961629867,166.4589825612284,168.90618896484375,61177400
2022-02-17,AAPL,167.4182971510757,168.27971865617212,164.91235997613748,165.31370544433594,69589300
2022-02-18,AAPL,166.23387859788448,166.93866044821442,162.68052937533312,163.76708984375,82772700
2022-02-22,AAPL,161.4960419882263,163.16993775264925,158.72580252665216,160.84999084472656,91162800
2022-02-23,AAPL,162.04421705709984,162.64133603328534,156.37649344425944,156.6897430419922,90009200
2022-02-24,AAPL,149.357894860665,159.41102239990326,148.79014121364656,159.3033447265625,141147500
2022-02-25,AAPL,160.38012393186045,161.6330924831591,157.47284137265066,161.36880493164062,91974200
2022-02-28,AAPL,159.61659142915732,161.92675492011216,158.99989062280463,161.63308715820312,95056600
2022-03-01,AAPL,161.2219862371019,163.08187242749526,158.54964050687724,159.753662109375,83474400
2022-03-02,AAPL,160.91852050375005,163.82580321014547,159.50892707803538,163.04269409179688,79724800
2022-03-03,AAPL,164.91236813214016,165.34307890598984,162.0540324670775,162.71966552734375,76678400
2022-03-04,AAPL,161.01643666085187,162.05405003585454,158.67690737340956,159.72430419921875,83737200
2022-03-07,AAPL,159.91026569329455,161.53521443024337,155.68148559760553,155.93600463867188,96418800
2022-03-08,AAPL,155.46614292973925,159.44040392728598,152.50991327214726,154.1152801513672,131148300
2022-03-09,AAPL,158.06996768709067,159.95921898709753,156.04368834876885,159.50892639160156,91454900
2022-03-10,AAPL,156.8170319120158,157.0030220461292,152.6861450287311,155.17251586914062,105342000
2022-03-11,AAPL,155.57382899544626,155.9164439341305,151.23738556277695,151.4625244140625,96970100
2022-03-14,AAPL,148.25179027503273,150.86540543880508,146.93030751756515,147.43931579589844,108732100
2022-03-15,AAPL,147.713390079557,152.28478532825997,147.20438184151632,151.81491088867188,92964300
2022-03-16,AAPL,153.73350876565036,156.62120932527256,151.19820652447248,156.21986389160156,102300200
2022-03-17,AAPL,155.26055517399735,157.6000837703935,154.30125449850178,157.2281036376953,75615400
2022-03-18,AAPL,157.1204422875064,161.0066074424884,156.3862803303168,160.5171661376953,123511700
2022-03-21,AAPL,160.0571133745572,162.8371517415441,159.5676719986422,161.88763427734375,95811400
2022-03-22,AAPL,162.01486028186812,165.84229498697943,161.42753966012307,165.25497436523438,81532000
2022-03-23,AAPL,164.44248019289995,168.9942779440516,164.1096487837443,166.6156005859375,98062700
2022-03-24,AAPL,167.4476727675763,170.46263328488442,166.61563143205333,170.3941192626953,90131400
2022-03-25,AAPL,170.20812239603873,171.57855215101324,169.1019802060181,171.03038024902344,80546200
2022-03-28,AAPL,168.53422465828777,172.0190445148475,168.36781639958284,171.8917999267578,90371900
2022-03-29,AAPL,172.95877935054617,175.22977935165113,172.6161644453855,175.18084716796875,100589400
2022-03-30,AAPL,174.77948791199498,175.8171010585222,172.96854916161706,174.01596069335938,92633200
2022-03-31,AAPL,174.08448573079536,174.27047582290578,170.7171270473916,170.92269897460938,103049300
2022-04-01,AAPL,170.35494237968112,171.18699858724577,168.30908127405286,170.6290283203125,78751300
2022-04-04,AAPL,170.8835430731966,174.72076108227714,170.75628355518236,174.67181396484375,76468400
2022-04-05,AAPL,173.7516811601631,174.53479031608524,170.73672061862993,171.3632049560547,73401800
2022-04-06,AAPL,168.72023795719042,169.96342328033663,166.53733352192953,168.20143127441406,89058800
2022-04-07,AAPL,167.5455515170426,169.69909027693134,166.26321768469555,168.50485229492188,77594700
2022-04-08,AAPL,168.15243700693318,168.15243700693318,165.6269183292227,166.4981231689453,76575500
2022-04-11,AAPL,165.1472853633742,165.46052001953282,162.0050657338506,162.24978637695312,72246700
2022-04-12,AAPL,164.4718899777678,166.2828141709391,163.12102695263263,164.11949157714844,79265200
2022-04-13,AAPL,163.85517369033073,167.42808955183875,163.24827119923606,166.80160522460938,70618900
2022-04-14,AAPL,167.01694559853848,167.65322825491936,161.55477886000992,161.79949951171875,75329400
2022-04-18,AAPL,160.45844346214486,163.08185675186522,160.11584349387897,161.58416748046875,69023900
2022-04-19,AAPL,161.5352440651779,164.27611889634176,160.44868355818875,163.86497497558594,67723800
2022-04-20,AAPL,165.19623667762264,165.31371275678185,162.59242008519655,163.69854736328125,67929800
2022-04-21,AAPL,165.343047199771,167.9077145784473,162.4063996901802,162.90562438964844,87227800
2022-04-22,AAPL,162.94480808191494,164.32502122927878,158.08954369720692,158.3734130859375,84882400
2022-04-25,AAPL,157.71755627231695,159.72426854560663,155.113739965227,159.44039916992188,96046400
2022-04-26,AAPL,158.82366005111888,158.91175587715887,153.41044189268345,153.48875427246094,95623200
2022-04-27,AAPL,152.61759051221244,156.41564486229873,152.0987839265491,153.26365661621094,88063200
2022-04-28,AAPL,155.88706244158715,161.04577820352466,155.57381282317428,160.18435668945312,130216800
2022-04-29,AAPL,158.4223359956449,162.69026417943107,153.92926902509257,154.32081604003906,131747600
2022-05-02,AAPL,153.40072515321864,154.8886162063275,150.03336604127583,154.62432861328125,123055300
2022-05-03,AAPL,154.81029731534235,157.31624964341847,153.01895506893698,156.11221313476562,88966500
2022-05-04,AAPL,156.29818841895514,162.964376768375,155.8968429541357,162.51409912109375,108256500
2022-05-05,AAPL,160.38994926297363,160.6150881198339,151.67788357069364,153.45945739746094,130525300
2022-05-06,AAPL,152.93986371222095,156.3023722983105,151.14587460582203,154.18487548828125,116124600
2022-05-09,AAPL,151.8810971374127,152.7633948486293,148.50880608897836,149.0675811767578,131577900
2022-05-10,AAPL,152.45950928453797,153.65550196924158,149.92046680625165,151.46937561035156,115366700
2022-05-11,AAPL,150.4792343504193,152.39085681137783,142.94056542836282,143.6169891357422,142689800
2022-05-12,AAPL,139.96040581157675,143.3228989996902,136.06853101088905,139.75453186035156,182602000
2022-05-13,AAPL,141.74458368466105,145.18551933414366,140.29371306035543,144.21499633789062,113990900
2022-05-16,AAPL,142.68570084334092,144.61693408926746,141.34265112461745,142.67588806152344,86643800
2022-05-17,AAPL,145.9305738468132,146.8226694807634,143.7934664467187,146.3031005859375,78336300
2022-05-18,AAPL,143.9601314929513,144.46008977155722,137.14688920750964,138.04879760742188,109742900
2022-05-19,AAPL,137.127274568989,138.87224434894858,133.91182362893935,134.64706420898438,136095600
2022-05-20,AAPL,136.3528515735585,137.93116906609265,130.00037534307543,134.8823699951172,137426100
2022-05-23,AAPL,135.07840236616943,140.4407585737006,134.941158046499,140.29371643066406,117726300
2022-05-24,AAPL,138.0389654521871,139.1761411372566,134.62745335548652,137.5978240966797,104132700
2022-05-25,AAPL,135.70580258630076,138.99968110716551,135.61757730341805,137.7546844482422,92482700
2022-05-26,AAPL,134.68628135538745,141.49950829001511,134.44120114221013,140.95053100585938,90601500
2022-05-27,AAPL,142.52887188890233,146.7344424649416,142.40142537012454,146.6952362060547,90978500
2022-05-31,AAPL,146.1364342695409,147.69514080945274,143.9503080341332,145.91094970703125,103718400
2022-06-01,AAPL,146.95007745203338,148.753879037452,144.77376414576858,145.78350830078125,74286600
2022-06-02,AAPL,144.9208398093746,148.2931460840145,143.96992734384497,148.2343292236328,72348100
2022-06-03,AAPL,144.0091352358549,145.05808578629097,141.6171647882395,142.51905822753906,88570300
2022-06-06,AAPL,144.13656879270374,145.6462712304333,142.0484806619193,143.2640838623047,71598400
2022-06-07,AAPL,141.5093091448792,146.06779474236185,141.26422895235845,145.78350830078125,67808200
2022-06-08,AAPL,145.6560729457736,146.9206802540853,144.55811838609154,145.04827880859375,53950200
2022-06-09,AAPL,144.18560463111925,145.0384790561678,139.72514139394366,139.83297729492188,69473000
2022-06-10,AAPL,137.51940103001422,137.98995082700978,134.36276684809005,134.431396484375,91437900
2022-06-13,AAPL,130.25522177759234,132.53937106937602,128.85337019356888,129.2847137451172,122207100
2022-06-14,AAPL,130.5101288143863,131.25516732822615,128.89259032192393,130.14739990234375,84784300
2022-06-15,AAPL,131.6472513597461,134.63723228518424,129.55917858108418,132.7648162841797,91533000
2022-06-16,AAPL,129.48076322339185,129.78466025494586,126.50057984100815,127.5005111694336,108123900
2022-06-17,AAPL,127.5103548974603,130.4611156124141,127.25546187351353,128.9710235595703,134520300
2022-06-21,AAPL,130.79442925101708,134.36279718069025,130.69640612370614,133.1962127685547,81000500
2022-06-22,AAPL,132.13743964836019,135.04899374439105,131.27476747959807,132.68643188476562,73409200
2022-06-23,AAPL,134.1275183400123,135.86267563561398,132.96093402675356,135.54898071289062,72433800
2022-06-24,AAPL,137.14689423988725,139.1173489130396,137.01946268880786,138.8722686767578,89116800
2022-06-27,AAPL,139.89179587794544,140.6662578013618,138.19584483125837,138.8722686767578,70207900
2022-06-28,AAPL,139.3330131628478,140.59762053174873,134.61767206581916,134.7353057861328,67083400
2022-06-29,AAPL,134.75490940956817,137.90173093297278,133.98044756827542,136.4900665283203,66242400
2022-06-30,AAPL,134.5490335635321,135.64698810352084,131.1375212724895,134.0294647216797,98964500
2022-07-01,AAPL,133.36284196732555,136.3038045198631,132.9903302157903,136.1959686279297,71051600
2022-07-05,AAPL,135.05880629688934,138.82323473193733,134.2353254229341,138.7742156982422,73353800
2022-07-06,AAPL,138.56834136394644,141.28381901974345,138.30365057809186,140.10743713378906,74064300
2022-07-07,AAPL,140.47017616296918,143.66603189279604,140.4603783389641,143.469970703125,66253700
2022-07-08,AAPL,142.40140757015126,144.64635079248632,142.1465295229667,144.14637756347656,64547800
2022-07-11,AAPL,142.80334848304327,143.7542609845207,140.95054251842944,142.0190887451172,63141600
2022-07-12,AAPL,142.8916164350657,145.5286829248616,142.1955967417716,142.98965454101562,77588800
2022-07-13,AAPL,140.1760748610569,143.5679764107693,139.32318560371215,142.6268768310547,71185600
2022-07-14,AAPL,141.24459562470227,146.01875222020254,140.4309277214179,145.54820251464844,78140700
2022-07-15,AAPL,146.83244295612025,147.89119117713278,145.28353435270415,147.2147674560547,76259900
2022-07-18,AAPL,147.77357228115997,148.58724039251226,143.81306761767442,144.17579650878906,81420900
2022-07-19,AAPL,145.0090823866063,148.25394254490203,144.01896354895925,148.02847290039062,82982400
2022-07-20,AAPL,148.14610577429508,150.69494637561027,147.41086501912858,150.0283203125,64823400
2022-07-21,AAPL,151.45958316742,152.50853373902038,148.94996398855773,152.29286193847656,65086600
2022-07-22,AAPL,152.3320525114364,153.2045374479934,150.3910214648786,151.05763244628906,66675400
2022-07-25,AAPL,150.97923186102722,151.98896129458768,149.28328071900498,149.94009399414062,53623900
2022-07-26,AAPL,149.2636538636445,150.07732200029463,147.83239373585778,148.6166534423828,55138700
2022-07-27,AAPL,149.57735592146827,154.23387992265205,149.16562296270044,153.70449829101562,78620700
2022-07-28,AAPL,153.8907653704556,154.53778073211737,151.37134852302864,154.2534942626953,81378700
2022-07-29,AAPL,158.0669235799792,160.40988958103017,156.36116008489938,159.31192016601562,101786900
2022-08-01,AAPL,157.84148924790597,160.37071938994356,157.72385550686172,158.33164978027344,67829400
2022-08-02,AAPL,156.94940053816907,159.21393969022574,156.48864846428177,156.8611602783203,59907000
2022-08-03,AAPL,157.67481177613547,163.311657015849,157.58658648416494,162.8607177734375,82507500
2022-08-04,AAPL,162.7430429706028,163.8998292386339,161.19413438441296,162.54698181152344,55474100
2022-08-05,AAPL,160.22041274781424,162.81205403488926,160.01425282506756,162.3212127685547,56697000
2022-08-08,AAPL,163.32259159975072,164.73621747907336,161.19234134357185,161.85006713867188,60276900
2022-08-09,AAPL,161.0155852740051,162.78261696114208,160.25968547297944,161.8990936279297,63135500
2022-08-10,AAPL,164.60853143111325,166.23812814464867,163.8428202002786,166.1399688720703,70170500
2022-08-11,AAPL,166.9449356294848,167.85790820975464,165.10919401506573,165.40370178222656,57149200
2022-08-12,AAPL,166.70936592550703,169.01631131920942,166.2970460032489,168.94760131835938,68039400
2022-08-15,AAPL,168.3781703061028,170.2139116101504,168.2112860947607,170.017578125,54091700
2022-08-16,AAPL,169.61511402434292,170.52808660786044,168.51563433427114,169.86053466796875,56377100
2022-08-17,AAPL,169.6053281206725,172.9234055360259,169.40899457207655,171.35272216796875,79542000
2022-08-18,AAPL,170.56732446959606,171.69625328732099,169.94885973714076,170.95999145507812,62290100
2022-08-19,AAPL,169.8605242913159,170.5575254675204,168.1720291679761,168.37818908691406,70346300
2022-08-22,AAPL,166.58174239756778,166.74862666169574,164.07844847706937,164.50057983398438,69026800
2022-08-23,AAPL,164.0195474098714,165.61969500518398,163.597416059393,164.1667938232422,54147100
2022-08-24,AAPL,164.2551587296091,165.03068148199358,163.20475103663767,164.4613037109375,53841500
2022-08-25,AAPL,165.68839353539587,167.0234825149317,165.26627719342727,166.91549682617188,51218200
2022-08-26,AAPL,167.44563181749547,167.91683533755338,160.5640262370915,160.6229248046875,78961000
2022-08-29,AAPL,158.1981828757406,159.91612783706887,156.89255788690747,158.42398071289062,73314000
2022-08-30,AAPL,159.1601794345339,159.58229569538483,154.83095626158936,155.99916076660156,77906200
2022-08-31,AAPL,157.37351363125413,157.63857209111154,154.261582013457,154.34011840820312,87991100
2022-09-01,AAPL,153.77076113952282,155.5181549609377,151.83684522830168,155.06658935546875,74229900
2022-09-02,AAPL,156.82379496598037,157.42262194968552,152.13135334781393,152.95596313476562,76957800
2022-09-06,AAPL,153.60386838160778,154.21250676362826,150.8747921160952,151.69940185546875,73714800
2022-09-07,AAPL,151.9841081371773,153.80021196934476,150.79626559392008,153.1032257080078,87449600
2022-09-08,AAPL,151.80741774838046,153.4959132532277,149.88331299426738,151.63072204589844,84923800
2022-09-09,AAPL,152.62219009337275,154.92915012061422,151.91537744584716,154.4873809814453,68028800
2022-09-12,AAPL,156.66668367811604,161.25113848543674,156.38200238561726,160.43634033203125,104956000
2022-09-13,AAPL,156.97104316313002,157.59931943362142,150.56065692569356,151.0220489501953,122656600
2022-09-14,AAPL,151.95465448242936,154.22235404144755,150.79627611743592,152.4651336669922,87965400
2022-09-15,AAPL,151.81721471946022,152.3964188629796,148.60712326254628,149.5789794921875,90481100
2022-09-16,AAPL,148.4402429431555,148.57767791761873,145.6522527794473,147.9395751953125,162278800
2022-09-19,AAPL,146.57501740526791,151.7288507316376,146.36887246061372,151.6503143310547,81474200
2022-09-20,AAPL,150.59011171978128,155.18439428665013,150.27598106267698,154.0260009765625,107689800
2022-09-21,AAPL,154.4579373320565,155.83230196535132,150.78645397951445,150.9042510986328,101696800
2022-09-22,AAPL,149.58880860884872,151.64052177438083,148.14573389948876,149.9422149658203,86652500
2022-09-23,AAPL,148.4206031759059,148.69547312127722,145.83877299693037,147.6745147705078,96029900
2022-09-26,AAPL,146.91864756165486,150.95336436223522,146.89900971197227,148.00831604003906,93339400
2022-09-27,AAPL,149.94222342090066,151.88595100420483,147.20332025510484,148.98016357421875,84442700
2022-09-28,AAPL,144.93560783080054,147.8806554147203,142.18689375661808,147.09530639648438,146691400
2022-09-29,AAPL,143.4238179924611,144.03245634378814,138.103085707034,139.8701171875,128138200
2022-09-30,AAPL,138.69211755301987,140.4787870882612,135.47219979960417,135.6685333251953,124925300
2022-10-03,AAPL,135.67834355315813,140.44932105441077,135.16786446408517,139.84066772460938,114311700
2022-10-04,AAPL,142.37343574191996,143.5416405102459,141.61753589548164,143.42384338378906,87830100
2022-10-05,AAPL,141.43101553965928,144.6803824609242,140.39041942925496,143.71832275390625,79471000
2022-10-06,AAPL,143.13914221609966,144.83744897574383,142.55995305808347,142.76609802246094,68402200
2022-10-07,AAPL,139.9290298735793,140.47878470691822,136.8956342636469,137.52391052246094,85925600
2022-10-10,AAPL,137.84786987304688,139.29094450363405,136.03176603772727,137.84786987304688,74899000
2022-10-11,AAPL,137.337365394685,138.76081689569904,135.68814610919395,136.43421936035156,77033700
2022-10-12,AAPL,136.58150689181417,137.78897231294513,135.62927355780315,135.80596923828125,70433700
2022-10-13,AAPL,132.51729962379363,140.9597584515342,131.90864640933543,140.37075805664062,113224000
2022-10-14,AAPL,141.66661609125816,141.87277603175662,135.65872326737428,135.84524536132812,88598000
2022-10-17,AAPL,138.48598615048115,140.282452315822,137.7006369919499,139.8014373779297,85250900
2022-10-18,AAPL,142.825015544548,144.0128431743189,138.03439937209953,141.11688232421875,99136600
2022-10-19,AAPL,139.09461918905455,142.29489928414645,138.90809708603376,141.22486877441406,61758300
2022-10-20,AAPL,140.40025572638473,143.21768011702426,140.0370229627389,140.7634735107422,64522000
2022-10-21,AAPL,140.2530052619691,145.14179598739213,140.03703386545854,144.57241821289062,86548600
2022-10-24,AAPL,144.4938810962025,147.47818995640918,143.32567626964715,146.7124786376953,75981900
2022-10-25,AAPL,147.34069898538402,149.69674559166967,146.62407507055755,149.5494842529297,74732300
2022-10-26,AAPL,148.19482861119383,149.2059606049606,145.32830191392304,146.61431884765625,88194300
2022-10-27,AAPL,145.35773474859954,146.3197794029668,141.48990330767347,142.1476287841797,109180200
2022-10-28,AAPL,145.4853576495381,154.61500878306214,145.11232844918345,152.8872528076172,164762400
2022-10-31,AAPL,150.35449330723716,151.4147121907347,149.1372016307876,150.53118896484375,97943200
2022-11-01,AAPL,152.23934967138234,152.60256746450293,146.39834080336652,147.89048767089844,80379300
2022-11-02,AAPL,146.22162239502856,149.3826416112209,142.34397906464244,142.37342834472656,93604600
2022-11-03,AAPL,139.45781809061094,140.18426855678922,136.20845130657773,136.33607482910156,97918500
2022-11-04,AAPL,139.71869406725023,140.2890164015465,132.13737261509453,136.07061767578125,140814800
2022-11-07,AAPL,134.82177198830993,136.827719829141,133.40580174577732,136.6015625,83374600
2022-11-08,AAPL,138.06669154902085,139.06965789658196,135.19542542837,137.171875,89908500
2022-11-09,AAPL,136.18857977969958,136.23774833279379,132.3438299914245,132.61915588378906,74917800
2022-11-10,AAPL,138.8828241062473,144.41885375976562,137.17185789658723,144.41885375976562,118854000
2022-11-11,AAPL,143.3864383750097,147.5064994693465,141.9606252113591,147.20167541503906,93979700
2022-11-14,AAPL,146.4838305708861,147.77196548965426,144.9695233350431,145.8053436279297,73374100
2022-11-15,AAPL,149.67960607049233,151.02673737922098,146.08068410249945,147.53598022460938,89868300
2022-11-16,AAPL,146.64119143040293,147.36883205309908,144.83188757505272,146.30685424804688,64218300
2022-11-17,AAPL,143.98623783804743,148.95196191687904,143.71091192910288,148.20465087890625,80389400
2022-11-18,AAPL,149.76810292744864,150.15159363499748,147.4671586821555,148.76512145996094,74829600
2022-11-21,AAPL,147.6540145740021,147.8605015253363,145.25473282614936,145.53988647460938,58724100
2022-11-22,AAPL,145.65788443814483,147.909660354169,144.47789906303868,147.6736602783203,51804100
2022-11-23,AAPL,146.95582360996656,149.29610855403772,146.8476588015229,148.54879760742188,58301400
2022-11-25,AAPL,145.8348427804778,146.3953372169929,144.66470036386627,145.63818359375,35195900
2022-11-28,AAPL,142.71777000634125,144.19273663104678,140.98714790150922,141.81312561035156,69246000
2022-11-29,AAPL,141.8819517027843,142.39327767480953,138.007718580844,138.81402587890625,83763800
2022-11-30,AAPL,139.04016787618127,146.23801151936658,138.20436253781247,145.5595245361328,111380900
2022-12-01,AAPL,145.73656252403373,146.64120704597443,144.16325857031342,145.8348846435547,71250400
2022-12-02,AAPL,143.52411441944975,145.53006273642814,143.21927533321448,145.34323120117188,65447400
2022-12-05,AAPL,145.3038811249747,148.4013049961633,143.33725898348703,144.1829071044922,68826400
2022-12-06,AAPL,144.61558740538712,144.84174478338647,139.55152565219004,140.52500915527344,64727200
2022-12-07,AAPL,139.81699890501977,140.97729872796708,137.6635453309665,138.58786010742188,69721100
2022-12-08,AAPL,139.98417924727298,141.12482380942538,138.7452125702619,140.2693328857422,62128300
2022-12-09,AAPL,139.96449489513216,143.14060047218985,138.54852454565471,139.78750610351562,76097000
2022-12-12,AAPL,140.3184631007223,142.08842573001988,138.70583381716978,142.07859802246094,70462700
2022-12-13,AAPL,147.00502505789572,147.46718252429508,141.8328135242381,143.0422821044922,93886200
2022-12-14,AAPL,142.9242617747897,144.21239680146076,138.80418622868987,140.81997680664062,82291200
2022-12-15,AAPL,138.75503452609877,139.43352160827794,133.7598121718234,134.2219696044922,98931900
2022-12-16,AAPL,134.40882419317708,135.35279464023196,131.49821613912175,132.26519775390625,160156900
2022-12-19,AAPL,132.85516655290323,132.94366095306307,129.12842399506934,130.160888671875,79592600
2022-12-20,AAPL,129.19725476241064,131.02621414919912,127.72228799900502,130.09207153320312,77432800
2022-12-21,AAPL,130.76068907847488,134.52677190815584,130.53453175568677,133.18946838378906,85928000
2022-12-22,AAPL,132.10786913644063,132.31435609146064,128.12545567267372,130.0232391357422,77852100
2022-12-23,AAPL,128.73507853958517,130.21004508793624,127.47644161865645,129.65939331054688,63814900
2022-12-27,AAPL,129.18740012847,129.21689825725943,126.57178934548489,127.85992431640625,69007800
2022-12-28,AAPL,127.50592408651033,128.84322752624018,123.76934712426143,123.93650817871094,85438400
2022-12-29,AAPL,125.8540011982905,128.30244404039559,125.59834568207035,127.44696807861328,75703700
2022-12-30,AAPL,126.26698223669045,127.78127473228464,125.30333405560762,127.76160430908203,77034200
2023-01-03,AAPL,128.10576142344397,128.71540946850325,122.09773035328112,122.98271179199219,112117500
2023-01-04,AAPL,124.77234386397704,126.51280869797894,122.99255318811515,124.25119018554688,89113600
2023-01-05,AAPL,125.00834271164995,125.63766124201173,122.67790010774006,122.93355560302734,80962700
2023-01-06,AAPL,123.90702590791659,128.11558844506558,122.80571484542136,127.45677185058594,87754700
2023-01-09,AAPL,128.2925949020793,131.18353181246084,127.72227268810083,127.9779281616211,70790800
2023-01-10,AAPL,128.0860756971166,129.06938662217883,125.9817909176488,128.54823303222656,63896200
2023-01-11,AAPL,129.0595847172529,131.28186245070447,128.28277553296553,131.26220703125,69458900
2023-01-12,AAPL,131.64565949039473,132.01930740516633,129.24637865052426,131.18350219726562,71379600
2023-01-13,AAPL,129.82655147153693,132.6683196907436,129.46273119909978,132.510986328125,57809700
2023-01-17,AAPL,132.5798345273993,134.99877137842552,131.89151977321038,133.6713104248047,63646600
2023-01-18,AAPL,134.5366071318126,136.29672707490226,132.776472184589,132.95347595214844,69672800
2023-01-19,AAPL,131.8423392118264,133.97612225756075,131.53751520588366,133.01248168945312,58280400
2023-01-20,AAPL,133.02230476612493,135.71658218378784,131.97999755468973,135.56907653808594,80223600
2023-01-23,AAPL,135.81492969380113,140.92815961902411,135.59860004292767,138.75503540039062,81760300
2023-01-24,AAPL,137.96832463738252,140.77076618930514,137.95849693167568,140.15127563476562,66435100
2023-01-25,AAPL,138.53869500355867,140.0529874380773,136.49340619294276,139.4925079345703,65799300
2023-01-26,AAPL,140.78064047196506,141.8426182007582,139.53183124401355,141.55746459960938,54105100
2023-01-27,AAPL,140.7708371263728,144.77290596887224,140.69217042868402,143.49459838867188,70555800
2023-01-30,AAPL,142.54077586673455,143.12092578303154,140.46598895897412,140.6134796142578,64015300
2023-01-31,AAPL,140.31851198443744,141.93114182979278,139.90552306108117,141.88197326660156,65874500
2023-02-01,AAPL,141.56728874190614,144.16322923439725,138.96152054070433,143.00291442871094,77663600
2023-02-02,AAPL,146.41502317640206,148.65697138188685,145.6972102432423,148.30299377441406,118339000
2023-02-03,AAPL,145.55954560277002,154.75351068440185,145.36288637728777,151.92156982421875,154357300
2023-02-06,AAPL,150.02379246889225,150.5449461888697,148.2636570715711,149.1977996826172,69858300
2023-02-07,AAPL,148.12601874914395,152.6394141710747,148.12601874914395,152.069091796875,83322600
2023-02-08,AAPL,151.31190929849808,152.0002240332312,148.64712974900903,149.38461303710938,64120100
2023-02-09,AAPL,151.21359681759392,151.75442098443708,147.90967054867934,148.35215759277344,56007100
2023-02-10,AAPL,147.1900447411898,149.04148154329528,146.9536843926681,148.71649169921875,57450700
2023-02-13,AAPL,148.65743217523777,151.91715888947925,148.62788900472555,151.51339721679688,62199000
2023-02-14,AAPL,149.8096612758476,151.43461079325414,148.56880303013764,150.87326049804688,61707600
2023-02-15,AAPL,150.78463194852628,153.13833305811258,150.5581292969133,152.97091674804688,65573800
2023-02-16,AAPL,151.17852906062296,153.95570692832584,151.02097051495025,151.37550354003906,68167900
2023-02-17,AAPL,150.03616431892533,150.6762863218937,148.55894582557343,150.23312377929688,59144100
2023-02-21,AAPL,147.91882364629484,149.00212332766463,146.15601601247863,146.22494506835938,58867200
2023-02-22,AAPL,146.60905183832952,147.67265128501415,144.92503065136498,146.64845275878906,51011300
2023-02-23,AAPL,147.810473815914,148.0566768897737,145.0037677901394,147.13095092773438,48394200
2023-02-24,AAPL,144.87576101262292,144.9545478123535,143.50687229977612,144.48184204101562,55469600
2023-02-27,AAPL,145.46664446890208,146.90446214048941,145.21058363066865,145.67344665527344,44998500
2023-02-28,AAPL,144.8166705381309,146.8158385647427,144.6000106018143,145.17120361328125,50547000
2023-03-01,AAPL,144.6000382811085,144.9939573168816,142.80767210613058,143.10311889648438,55479000
2023-03-02,AAPL,142.18720807379,144.48182259076125,141.71448733904464,143.6939697265625,52238100
2023-03-03,AAPL,145.79164167073546,148.81502337863614,145.09243318314816,148.73623657226562,70732300
2023-03-06,AAPL,151.4543124625378,153.926201531547,151.1293375512549,151.49371337890625,87558000
2023-03-07,AAPL,151.3656586110283,151.69064849711955,148.83469862838186,149.2975616455078,56182000
2023-03-08,AAPL,150.48919246419973,151.13917230662574,149.52408044265695,150.54827880859375,47204800
2023-03-09,AAPL,151.22781194000862,152.19292402611515,147.94838436334126,148.30291748046875,53833600
2023-03-10,AAPL,147.92869544727571,148.64760438030467,145.3681768808884,146.24465942382812,68572400
2023-03-13,AAPL,145.56510332314932,150.81415467329558,145.4567733693173,148.18470764160156,84457100
2023-03-14,AAPL,148.98242012042218,151.07021762009597,147.82034869008896,150.27252197265625,73695900
2023-03-15,AAPL,148.89380784086057,150.92251923505987,147.64309172837056,150.66647338867188,77167900
2023-03-16,AAPL,149.84910153746466,154.08379908219612,149.3369947344381,153.48306274414062,76161100
2023-03-17,AAPL,153.70954970993674,154.35952962100535,151.9368840556802,152.6459503173828,98944600
2023-03-20,AAPL,152.71489092530072,155.42312546588803,151.80885014610277,155.00949096679688,73641400
2023-03-21,AAPL,154.93067719913012,156.97907354545168,154.1625097854557,156.86090087890625,73938300
2023-03-22,AAPL,156.88062840402722,159.67749219321786,155.41325242402124,155.43295288085938,75701800
2023-03-23,AAPL,156.41774787367245,159.09643867673987,155.28520465118157,156.51622009277344,67622100
2023-03-24,AAPL,156.44731907052963,157.9048374069247,155.4526638252611,157.8162078857422,59196500
2023-03-27,AAPL,157.5108907515981,158.3282868109909,155.4723219600322,155.8760986328125,52390300
2023-03-28,AAPL,155.57080817581272,156.08291480553032,153.61102618902072,155.2556610107422,45992200
2023-03-29,AAPL,156.94957673019417,158.60406968566105,156.929891297985,158.3283233642578,51305700
2023-03-30,AAPL,159.07676882534926,160.0024950198449,158.8207229739758,159.8941650390625,49501700
2023-03-31,AAPL,159.9729235769942,162.4940408365555,159.45097422374334,162.3955535888672,68749800
2023-04-03,AAPL,161.7751332479675,163.76444342844442,161.725889623748,163.64627075195312,56976200
2023-04-04,AAPL,164.06977129650792,164.3061166832112,162.60239523685718,163.114501953125,46278300
2023-04-05,AAPL,162.2380152446489,162.54330471265868,159.34266411557562,161.27288818359375,51511700
2023-04-06,AAPL,159.96309788102116,162.45468749786315,159.53963569062748,162.15924072265625,45390100
2023-04-10,AAPL,158.96843186504725,159.5691680908203,157.6487867222166,159.5691680908203,47716900
2023-04-11,AAPL,159.88428065231392,159.89412336543904,158.0722146254148,158.35781860351562,47644200
2023-04-12,AAPL,158.77145737665472,159.59869619161648,157.35332510698044,157.66847229003906,50133100
2023-04-13,AAPL,159.17525665056672,163.28192316496492,158.9684394039646,163.04556274414062,68445600
2023-04-14,AAPL,162.09025757823102,163.79399372639534,161.33196290458474,162.7008514404297,49386500
2023-04-17,AAPL,162.5826774005875,162.8781241294329,161.53877864877254,162.72055053710938,41516200
2023-04-18,AAPL,163.57733566867122,164.86743742961687,163.13415809407996,163.94171142578125,49923000
2023-04-19,AAPL,163.28194323734553,165.6061017331643,163.02588232654637,165.0841522216797,47720200
2023-04-20,AAPL,163.5675258869679,165.32049116381157,163.04557639594412,164.1190185546875,52456400
2023-04-21,AAPL,162.54327607753027,163.92200731179602,161.99178358382397,162.51373291015625,58337300
2023-04-24,AAPL,162.49404087672,163.08493430890758,161.40089854610392,162.81903076171875,41949600
2023-04-25,AAPL,162.68116189989732,163.78414697340926,161.24332919160244,161.28273010253906,48714100
2023-04-26,AAPL,160.58352244501583,162.7698073781101,160.32747660698578,161.27288818359375,45498800
2023-04-27,AAPL,162.6811671878293,165.9999802574992,162.6811671878293,165.85226440429688,64902300
2023-04-28,AAPL,165.93106728858945,167.27041291997128,165.33033104891717,167.1029815673828,55275900
2023-05-01,AAPL,166.70902333840385,167.86125191507637,166.07874407354768,167.01431274414062,52472900
2023-05-02,AAPL,167.50673256610264,167.76279339985444,164.99545801480568,165.9802703857422,48425700
2023-05-03,AAPL,166.925713661642,168.32414556576836,164.6212560883793,164.90684509277344,65136000
2023-05-04,AAPL,162.38573893481126,164.50307988258416,161.81454585901537,163.27206420898438,81235400
2023-05-05,AAPL,168.38322333782398,171.65280778469676,168.1665634032941,170.93389892578125,113453200
2023-05-08,AAPL,169.86046198141287,171.20966537396347,169.49608615179136,170.86497497558594,55962800
2023-05-09,AAPL,170.42176761942747,170.90431601807424,168.99379282252266,169.1612091064453,45326900
2023-05-10,AAPL,170.39223444016065,171.38688948895523,169.28923440637098,170.9240264892578,53724500
2023-05-11,AAPL,171.20964753246403,171.93839911576495,169.5551548305296,171.1111602783203,49514700
2023-05-12,AAPL,171.21962961924467,171.653548851867,168.6358569767775,170.1841583251953,45533100
2023-05-15,AAPL,170.76601261404946,170.815324358024,169.09937498339835,169.6910858154297,37266700
2023-05-16,AAPL,169.61219003463674,170.74628490689332,169.42481443623242,169.6910858154297,42110300
2023-05-17,AAPL,169.3360433616003,170.53916250241704,168.06386972955488,170.302490234375,57951600
2023-05-18,AAPL,170.60819152451643,172.81722786089622,170.19400003291315,172.62985229492188,65496700
2023-05-19,AAPL,173.951317433895,173.951317433895,172.52136743505932,172.7383270263672,55809500
2023-05-22,AAPL,171.57466634347682,172.2945846931845,171.0519949677244,171.7916259765625,43570900
2023-05-23,AAPL,170.73639628329747,170.98293990870613,168.91196743614205,169.18809509277344,50747300
2023-05-24,AAPL,168.7246024757336,170.03621645106807,168.16249079935005,169.4642333984375,45143500
2023-05-25,AAPL,170.02637505144457,171.49576564962197,169.31632809947834,170.59835815429688,56058300
2023-05-26,AAPL,170.92379413047703,173.33991896491864,170.71669083708804,173.00460815429688,54835000
2023-05-30,AAPL,174.51347436884586,176.51540772383512,174.1288668535482,174.84877014160156,55964400
2023-05-31,AAPL,174.87834951174753,176.87042648421155,174.3162227478627,174.79945373535156,99625300
2023-06-01,AAPL,175.24320228346932,177.62974272201325,174.4838437196236,177.60015869140625,68901800
2023-06-02,AAPL,178.52716847079088,179.26679934554073,176.78163539298924,178.44827270507812,61996900
2023-06-05,AAPL,180.10507993454968,182.3929972823034,175.57852688511534,177.0972442626953,121946500
2023-06-06,AAPL,177.4818481362361,177.62976831057978,174.97695616659206,176.73236083984375,64848400
2023-06-07,AAPL,175.97302631817985,178.70473461267676,174.86851540394252,175.36160278320312,61944600
2023-06-08,AAPL,175.44043301517675,178.33978837820231,175.00652888652115,178.0735321044922,50214900
2023-06-09,AAPL,178.9907186665087,179.71062202681557,178.1327514419261,178.45819091796875,48900000
2023-06-12,AAPL,178.76388932505995,181.34766218390052,178.468033910057,181.24903869628906,54274900
2023-06-13,AAPL,180.27273686584886,181.60406367252176,179.91771337450308,180.7756805419922,54929100
2023-06-14,AAPL,180.8348467124019,181.84074910193183,179.50351991974284,181.40682983398438,57462900
2023-06-15,AAPL,181.4166932611595,183.94129793003785,181.23917400121888,183.43833923339844,65433200
2023-06-16,AAPL,184.14842314443067,184.40483823272672,181.72244147160723,182.3634490966797,101256200
2023-06-20,AAPL,181.86043752572817,183.52707478677846,181.86043752572817,182.45213317871094,49799100
2023-06-21,AAPL,182.34367850052172,182.84663717983523,180.0656175699355,181.41668701171875,49515700
2023-06-22,AAPL,181.19974867789384,184.4639845971855,181.13070922445527,184.4146728515625,51245300
2023-06-23,AAPL,182.98470820219737,184.96691381940127,182.45216546765664,184.0990753173828,53117000
2023-06-26,AAPL,184.2470177435845,185.45015206010262,182.66913223239737,182.70858764648438,48088700
2023-06-27,AAPL,183.32000947784528,185.78544616190248,183.10304984582174,185.4600067138672,50730800
2023-06-28,AAPL,185.33178721386028,187.27455239917202,185.00636283468697,186.633544921875,51216800
2023-06-29,AAPL,186.4658979165552,187.4422162021352,186.32783407243755,186.96884155273438,46347300
2023-06-30,AAPL,188.9806695476879,191.7912585176698,188.6157746627016,191.28831481933594,85213200
2023-07-03,AAPL,191.10093714903454,191.19956064074086,189.10885998965753,189.7991943359375,31458200
2023-07-05,AAPL,188.92148652956726,190.31198136153697,187.98460856583768,188.68479919433594,46920300
2023-07-06,AAPL,187.2153769807983,189.36524537083605,186.5842258571581,189.15814208984375,45094300
2023-07-07,AAPL,188.7636804868427,190.0062550438309,187.60985803081866,188.04376220703125,46815000
2023-07-10,AAPL,186.6434031135775,187.36332142042107,184.4540942539423,186.0023956298828,59922200
2023-07-11,AAPL,186.5447760995126,186.68283993061024,184.02017173211044,185.47970581054688,46638100
2023-07-12,AAPL,187.0575799007695,189.04965668897157,185.864317131752,187.14634704589844,60750200
2023-07-13,AAPL,187.8662603208446,188.54672319895087,187.15621340871894,187.90570068359375,41342300
2023-07-14,AAPL,187.59998771190843,188.53685056119244,187.00829198764853,188.0536346435547,41616200
2023-07-17,AAPL,189.24688249449068,191.63343805134278,189.15813040004866,191.30799865722656,50520200
2023-07-18,AAPL,190.67689955865484,191.64334662878233,189.75974918921614,191.0516357421875,48288200
2023-07-19,AAPL,190.43029994672796,195.48936484547627,189.98650938817815,192.40264892578125,80507300
2023-07-20,AAPL,192.39279363664537,193.75371936128715,189.83860510668907,190.45989990234375,59581200
2023-07-21,AAPL,191.41651794617295,192.2744851317762,188.58618628535973,189.286376953125,71951700
2023-07-24,AAPL,190.73605347791477,192.2153155367517,189.59208720760122,190.08517456054688,45377800
2023-07-25,AAPL,190.65714646634552,191.75180092732498,190.25281124926505,190.94313049316406,37283200
2023-07-26,AAPL,190.99243214213982,192.9351972994816,190.64728006234532,191.8109588623047,47471900
2023-07-27,AAPL,193.3099522093675,194.47363103189025,189.8879250921341,190.5486602783203,47460200
2023-07-28,AAPL,191.97857736749035,193.911485900383,191.45590611556165,193.12254333496094,48291400
2023-07-31,AAPL,193.3493708168966,193.7734336784224,192.560428204252,193.73397827148438,38824100
2023-08-01,AAPL,193.52690392813534,194.0101198390568,192.58016971551623,192.90560913085938,35175100
2023-08-02,AAPL,192.34347668203839,192.48154051645844,189.19759252290805,189.91749572753906,50389300
2023-08-03,AAPL,188.92147165885288,189.7103992851957,188.05363321247987,188.52699279785156,61235200
2023-08-04,AAPL,182.95510234495143,184.78938756590674,179.4048680308995,179.47390747070312,115956800
2023-08-07,AAPL,179.6119861039443,180.59816071157974,174.89807268327345,176.37733459472656,97576100
2023-08-08,AAPL,177.20572916857282,177.77771228390873,175.12490000933562,177.314208984375,67823000
2023-08-09,AAPL,178.36938092489027,178.42854898853972,174.56274666920834,175.7264404296875,60378500
2023-08-10,AAPL,176.99859377509202,178.25103959448677,175.1445959609342,175.5094757080078,54686900
2023-08-11,AAPL,175.10464195853916,176.38838822312198,174.34425781198718,175.56875610351562,52036700
2023-08-14,AAPL,175.74649049543365,177.44500246999712,175.09473274674426,177.21788024902344,43675600
2023-08-15,AAPL,176.6451282666605,177.23762299403361,174.8379899652799,175.2329864501953,43622600
2023-08-16,AAPL,174.91696892783438,176.30934114560378,174.29483523239298,174.3639678955078,46964900
2023-08-17,AAPL,174.92689581745674,175.29226839022536,171.31261851419777,171.8261260986328,66062900
2023-08-18,AAPL,170.14737119397137,172.91239237884375,169.8116226038202,172.3100128173828,61172200
2023-08-21,AAPL,172.88274314562352,173.92949746098708,171.56935789788312,173.6431121826172,46311900
2023-08-22,AAPL,174.8478727981476,175.46012191641384,174.04799506153495,175.0157470703125,42038900
2023-08-23,AAPL,176.28962468028294,179.28176749229362,176.1019960768648,178.8571319580078,52722800
2023-08-24,AAPL,178.41277199096436,178.8374075605793,173.8109887437673,174.17637634277344,54945800
2023-08-25,AAPL,175.16388093182096,176.91175631972774,173.62337343895007,176.37850952148438,51449600
2023-08-28,AAPL,177.8400098200833,178.33376298082638,176.31925671498092,177.9387664794922,43820700
2023-08-29,AAPL,177.4548654120463,182.58989476243158,177.25736718090633,181.81964111328125,53003900
2023-08-30,AAPL,182.62942352828824,185.50307057198083,182.43192527543482,185.30555725097656,60813900
2023-08-31,AAPL,185.49317264844964,186.75717945843076,185.1376697913831,185.52279663085938,60794500
2023-09-01,AAPL,187.12258052751662,187.54720101813678,185.92769123419916,187.09295654296875,45766500
2023-09-05,AAPL,185.92771395695013,187.60647191514923,185.26608644093676,187.32997131347656,45280000
2023-09-06,AAPL,186.04618648324464,186.4905763861184,179.20277485131902,180.62478637695312,81755800
2023-09-07,AAPL,172.99134398653018,175.98350189646143,171.37183427986267,175.34161376953125,112488800
2023-09-08,AAPL,176.12176201867752,177.98814840122637,175.56874581023814,175.95387268066406,65551300
2023-09-11,AAPL,177.82026144859472,178.0473836718388,175.1243584797436,177.11912536621094,58953100
2023-09-12,AAPL,177.24749835360407,177.87950173703112,172.6358460753217,174.09735107421875,90370200
2023-09-13,AAPL,174.30471474035696,175.08485308011382,171.80632524830068,172.03346252441406,84267900
2023-09-14,AAPL,171.82612118103754,173.89989073979382,171.41137028291678,173.5443878173828,60895800
2023-09-15,AAPL,174.2750911398521,174.29484548306786,171.64833608181547,172.82345581054688,109259500
2023-09-18,AAPL,174.2751007250675,177.13887792290447,173.9689761950564,175.74649047851562,67257600
2023-09-19,AAPL,175.3021409914078,177.38578010579235,174.91701409671836,176.83277893066406,51826900
2023-09-20,AAPL,177.0203732393163,177.45487842056565,173.20859833310675,173.2974853515625,58436200
2023-09-21,AAPL,172.36925276684747,174.0973890433764,171.68787090976878,171.75698852539062,63149100
2023-09-22,AAPL,172.48773574692532,174.8676297137013,171.87548661966315,172.60623168945312,56725400
2023-09-25,AAPL,172.02361011818323,174.7590070374673,171.97423178505466,173.880126953125,46172700
2023-09-26,AAPL,172.63586851438868,173.01111068359924,169.51534481079926,169.8115997314453,64588900
2023-09-27,AAPL,170.4633463371719,170.87809720821267,166.93795639924983,168.3007049560547,66921800
2023-09-28,AAPL,167.22430983558627,169.88070413963854,165.52579782856736,168.5574493408203,56294400
2023-09-29,AAPL,169.870831028669,170.90771561508154,168.21181267677895,169.07095336914062,51861100
2023-10-02,AAPL,169.0808338409062,172.12235512412923,168.79444856905252,171.5792236328125,52164500
2023-10-03,AAPL,170.1078129668395,171.46070671019788,168.68581669291316,170.24606323242188,49594600
2023-10-04,AAPL,168.9524578917983,172.03348795172127,168.8339619515459,171.4903564453125,53020300
2023-10-05,AAPL,171.61871413723316,173.2579782200924,170.52258153582127,172.7247314453125,48527900
2023-10-06,AAPL,171.6285909459562,175.76624458491796,171.016326818613,175.27249145507812,57266700
2023-10-09,AAPL,174.6010122921434,176.81303215553828,173.6036362062995,176.7537841796875,42390800
2023-10-10,AAPL,175.8748846750232,177.47464011941017,175.72674968355904,176.1612548828125,43698000
2023-10-11,AAPL,175.9736185461729,177.60301297187604,175.3811238107674,177.5536346435547,47551100
2023-10-12,AAPL,177.82026707710477,180.06189553412176,176.80312172309905,178.4522705078125,56743100
2023-10-13,AAPL,179.1533924067404,179.6570151987734,175.91437292525092,176.61550903320312,51427100
2023-10-16,AAPL,174.54176320804768,176.8426550206093,174.3047562379969,176.48715209960938,52517000
2023-10-17,AAPL,174.44299912050275,176.19088966345473,172.61612132571108,174.93675231933594,57549400
2023-10-18,AAPL,173.3863659573123,175.36137864838344,172.9222367694585,173.6431121826172,54764400
2023-10-19,AAPL,173.84062376512662,175.6181383369893,173.0012523479638,173.26788330078125,59302900
2023-10-20,AAPL,173.11972583296543,173.22835212793277,170.4830858385587,170.7200927734375,64244000
2023-10-23,AAPL,168.77470794688867,171.8359684831129,167.80694090892598,170.83859252929688,55980100
2023-10-24,AAPL,170.88797493724758,171.50022404547477,169.30795876796012,171.27310180664062,43816600
2023-10-25,AAPL,169.73261037900426,170.89786073622298,168.5179666183954,168.9623565673828,57157000
2023-10-26,AAPL,168.24143389027685,169.23882483986895,163.60015755926395,164.80491638183594,70625300
2023-10-27,AAPL,164.82468576422622,166.8490767618186,164.7456834493569,166.11831665039062,58499100
2023-10-30,AAPL,166.90833803254793,169.03147079181505,166.76020302980592,168.16246032714844,51131000
2023-10-31,AAPL,167.23420217717043,168.76482492650203,165.80230595130433,168.63645935058594,44846000
2023-11-01,AAPL,168.86356825336904,172.0532092124064,167.99455793411695,171.7964630126953,56934900
2023-11-02,AAPL,173.32709544733643,175.55885407348563,173.2678474852133,175.3514862060547,77334800
2023-11-03,AAPL,172.06309922812656,174.61086723243213,171.1842192438163,174.44297790527344,79829200
2023-11-06,AAPL,174.1763842242903,177.1882666996337,174.0085099439187,176.9907684326172,63841300
2023-11-07,AAPL,176.94139988237026,180.1606805785339,176.7340319643902,179.54843139648438,70530000
2023-11-08,AAPL,180.07174904669054,181.15799675009242,179.32123474338437,180.60499572753906,49340300
2023-11-09,AAPL,180.67418930816274,181.8196853547634,179.53854783351557,180.1310577392578,53763500
2023-11-10,AAPL,181.9108804268445,184.48178544542026,181.475802800193,184.3136749267578,66133400
2023-11-13,AAPL,183.74018560328048,183.94782669363863,182.1482051958573,182.73159790039062,43627500
2023-11-14,AAPL,185.59912547957174,186.00454008995078,184.21480130754796,185.342041015625,60108400
2023-11-15,AAPL,185.74742671461323,187.37895245541037,185.6782029727857,185.90562438964844,53790500
2023-11-16,AAPL,187.44819173837502,188.8226331691939,186.53847581950137,187.5866241455078,54412900
2023-11-17,AAPL,188.12057839811112,188.24912816814668,186.4593894684262,187.5668487548828,50922700
2023-11-20,AAPL,187.76460727588125,189.76200213676566,187.75472463510502,189.30714416503906,46505100
2023-11-21,AAPL,189.2676114417462,189.37638084971888,187.61630503925363,188.5062255859375,38134500
2023-11-22,AAPL,189.3467095850447,190.77057938008178,188.6940931656517,189.16871643066406,39617700
2023-11-24,AAPL,188.7336553269539,188.76331834061182,187.13179223741543,187.84373474121094,24048300
2023-11-27,AAPL,187.79429075090235,188.5358962659671,186.7857030257735,187.66574096679688,40552600
2023-11-28,AAPL,187.65584993609482,188.9413024556769,187.2800983304318,188.26890563964844,38415400
2023-11-29,AAPL,188.76331653900834,189.93999969621768,186.85492560121705,187.2504425048828,43014200
2023-11-30,AAPL,187.71517468500207,188.18981305356235,186.08364867108205,187.82394409179688,48794400
2023-12-01,AAPL,188.1996843513192,189.4159130354433,187.11199034893104,189.09950256347656,45704800
2023-12-04,AAPL,187.85360043262926,187.92282418358675,185.35191925319242,187.30975341796875,43389500
2023-12-05,AAPL,188.081033613139,192.2241233156588,188.05135551468544,191.25509643554688,66628400
2023-12-06,AAPL,192.27358406476233,192.58011192579394,189.95977851245675,190.1674346923828,41089700
2023-12-07,AAPL,191.4627450433353,192.81740609388598,191.42318430562543,192.0955810546875,47477700
2023-12-08,AAPL,192.0263616366492,193.79633503305183,191.50229501018384,193.51947021484375,53406400
2023-12-11,AAPL,190.9485830810774,191.3243346926335,189.27749628821252,191.01779174804688,60943700
2023-12-12,AAPL,190.91889435682484,192.54053754746204,189.5741159727842,192.53065490722656,52696900
2023-12-13,AAPL,192.90640609677627,195.7838388648497,192.66910200901862,195.74429321289062,70404200
2023-12-14,AAPL,195.8036348613561,197.3857175620074,193.964452594447,195.8926239013672,66831600
2023-12-15,AAPL,195.3190970971854,196.17935458626624,194.79503045579114,195.35865783691406,128538400
2023-12-18,AAPL,193.8952224343076,194.4291868327445,192.21425301938103,193.6974639892578,55751900
2023-12-19,AAPL,193.96444926391277,194.7456004150459,193.69746706046115,194.7357177734375,40714100
2023-12-20,AAPL,194.69616113684165,195.46742966263125,192.6493377685547,192.6493377685547,52242800
2023-12-21,AAPL,193.90511142023345,194.87413831888384,191.33420648650613,192.50099182128906,46482500
2023-12-22,AAPL,192.99542315884526,193.22285972664613,190.8101672306993,191.43312072753906,37149600
2023-12-26,AAPL,191.4429660781885,191.71983089218512,190.67169765519787,190.8892364501953,28919300
2023-12-27,AAPL,190.33551208827305,191.3342019743918,188.9511728919884,190.9881134033203,48087700
2023-12-28,AAPL,191.96704448132198,192.48122849088116,191.00790021395272,191.41331481933594,34049900
2023-12-29,AAPL,191.72973752393827,192.2241411947973,189.5840274029703,190.3750762939453,42672100
2024-01-02,AAPL,185.05525771688224,186.3308274284663,181.83175174149957,183.56216430664062,82488700
2024-01-03,AAPL,182.15808112880916,183.79950485996184,181.37691491631995,182.187744140625,58414500
2024-01-04,AAPL,180.11122069139344,181.04070184894312,178.85544644389557,179.87391662597656,71983600
2024-01-05,AAPL,179.95306152436652,180.71443234786256,178.1534248404595,179.15211486816406,62379700
2024-01-08,AAPL,180.0519155054874,183.52263874374273,179.46852282651062,183.4830780029297,59144500
2024-01-09,AAPL,181.86141829199212,183.0776469225398,180.68473531069785,183.06776428222656,42841800
2024-01-10,AAPL,182.28664662503843,184.31368968460146,181.86145160567418,184.10604858398438,46792900
2024-01-11,AAPL,184.45212033242825,184.9564217479187,181.56480461990643,183.51275634765625,49128400
2024-01-12,AAPL,183.97748271061099,184.64987951630312,183.11722519297732,183.83905029296875,40477800
2024-01-16,AAPL,180.12114381484557,182.1976301200088,178.90489995610474,181.57469177246094,65603000
2024-01-17,AAPL,179.24109293861534,180.88250149305736,178.2819487070673,180.6352996826172,47317400
2024-01-18,AAPL,184.0071435872404,187.02300881659582,183.75005912545993,186.5187225341797,78005800
2024-01-19,AAPL,187.21090309791916,189.80157360580037,186.70661676571424,189.4159393310547,68903000
2024-01-22,AAPL,190.14764863184953,193.14373357255337,190.10808789018887,191.7198486328125,60133900
2024-01-23,AAPL,192.83719415255706,193.55901922053994,191.660511110776,192.99539184570312,42355600
2024-01-24,AAPL,193.23272951111284,194.18199120084623,192.16481576816378,192.32302856445312,53631300
2024-01-25,AAPL,193.03500076735907,194.07325165678844,190.94861634521232,191.9967498779297,54822100
2024-01-26,AAPL,192.09559590318426,192.58010181757646,189.7916731135176,190.26629638671875,44594000
2024-01-29,AAPL,189.86086444187634,190.04874022336423,187.45807019569023,189.58399963378906,47145600
2024-01-30,AAPL,188.80286821503816,189.65324309628332,185.37170567810733,185.93531799316406,55859400
2024-01-31,AAPL,184.94649475418208,185.0058358609704,182.28661602120093,182.33604431152344,55467800
2024-02-01,AAPL,181.93065217781273,184.857513201702,181.7625567551165,184.76852416992188,64885400
2024-02-02,AAPL,177.84690500460306,185.23329771545795,177.2437318686429,183.76986694335938,102551700
2024-02-05,AAPL,186.04407104136263,187.13176501057416,183.75992879401906,185.57933044433594,69668800
2024-02-06,AAPL,184.7685664877541,187.19114179840088,184.67957743559268,187.18125915527344,43490800
2024-02-07,AAPL,188.50623739169367,188.91165203661865,186.49895962721544,187.29000854492188,53439000
2024-02-08,AAPL,187.27020463334281,187.41851968576853,185.25304448034683,186.21218872070312,40962000
2024-02-09,AAPL,186.77650719907678,188.10321111496148,186.13296840440984,186.9745330810547,45155200
2024-02-12,AAPL,186.54880424779185,186.796321504533,184.9349868995182,185.29141235351562,41781900
2024-02-13,AAPL,183.92512331150874,184.360756090923,181.68755769129083,183.20236206054688,56529500
2024-02-14,AAPL,183.4796068721132,183.6875129162611,180.62820312290157,182.3212127685547,54630500
2024-02-15,AAPL,181.72716915991907,182.65783644316613,179.5490203671251,182.03408813476562,65434500
2024-02-16,AAPL,181.59845842120637,183.0142649801448,179.86583763061847,180.49948120117188,49752500
2024-02-20,AAPL,179.98463913307552,180.61828269677792,178.21242224791314,179.75692749023438,53665600
2024-02-21,AAPL,180.13315310757224,181.0737156195715,178.8658660184515,180.50938415527344,41371400
2024-02-22,AAPL,181.65785591778803,183.12316891523534,180.6479964148563,182.5390167236328,52292200
2024-02-23,AAPL,183.17267506039363,183.20237592421455,180.42028422645075,180.70741271972656,45119700
2024-02-26,AAPL,180.43017719516277,180.94500218994074,178.8559560281093,179.36090087890625,40867400
2024-02-27,AAPL,179.30151026553332,182.09349711935678,177.77679547469845,180.81631469726562,54318900
2024-02-28,AAPL,180.6974728870872,181.3014155316966,178.34111913385524,179.61830139160156,48953900
2024-02-29,AAPL,179.46984202762675,180.75693496542868,177.74711623943745,178.9550018310547,136682600
2024-03-01,AAPL,177.76690051629518,178.73716395290236,175.61845249589473,177.8758087158203,73563100
2024-03-04,AAPL,174.40064432483445,175.14319605787904,172.06408093389737,173.361083984375,81510100
2024-03-05,AAPL,169.06420089624305,170.33148818677603,167.93552268101038,168.43055725097656,95132400
2024-03-06,AAPL,169.36121186741923,169.53943215491887,167.00484265804033,167.4404754638672,68587700
2024-03-07,AAPL,167.47017484778516,169.0344857697736,166.81674075207243,167.32167053222656,71765100
2024-03-08,AAPL,167.3216847390924,171.97500667784078,167.2622830078253,169.0345001220703,76267000
2024-03-11,AAPL,171.22253935977105,172.64824117092596,170.34137853305091,171.034423828125,60139500
2024-03-12,AAPL,171.43045147590772,172.3017170819102,169.31170429451927,171.50965881347656,59825400
2024-03-13,AAPL,171.05423942259554,171.4700666239107,169.06419090034882,169.43052673339844,52488700
2024-03-14,AAPL,171.19284931228447,172.57893998999515,170.34138929390355,171.28195190429688,72913500
2024-03-15,AAPL,169.47010369924573,170.90570068359375,168.5988381717502,170.90570068359375,121752700
2024-03-18,AAPL,173.82643054023092,175.94517770513775,171.7967859641753,171.9947967529297,75604200
2024-03-19,AAPL,172.6086191723699,174.85607994565953,171.31163124958826,174.3313446044922,55215200
2024-03-20,AAPL,173.97492929704185,176.8956298828125,173.3511809805003,176.8956298828125,53423100
2024-03-21,AAPL,175.29172116809335,175.72735394947048,169.14338597139206,169.66812133789062,106181300
2024-03-22,AAPL,170.05426688241553,171.33146450930536,168.37115239719608,170.56910705566406,71160100
2024-03-25,AAPL,168.8760716915293,170.23246134793257,167.76718417070535,169.15328979492188,54288300
2024-03-26,AAPL,168.31174106723407,169.71763732680742,167.8959138727621,168.02462768554688,57388400
2024-03-27,AAPL,168.7176579392829,171.87598039200594,168.42063422483255,171.58885192871094,60273300
2024-03-28,AAPL,170.04437673388762,170.51960569647457,168.81668554767697,169.7770538330078,65672700
2024-04-01,AAPL,169.48991432845702,169.54931605122675,167.79688969325008,168.3414306640625,46240500
2024-04-02,AAPL,167.40089107386055,167.65830361021796,166.55932626663449,167.16326904296875,49329500
2024-04-03,AAPL,167.11374996517486,168.98497988400436,166.90584392266877,167.9652099609375,47691700
2024-04-04,AAPL,168.59883533803097,170.2126525655396,167.14344787597656,167.14344787597656,53704400
2024-04-05,AAPL,167.90579979250484,168.69785802201392,167.27215623034843,167.89590454101562,42104800
2024-04-08,AAPL,167.35138730592178,167.51969724864153,166.56923932419392,166.7771453857422,37425500
2024-04-09,AAPL,167.02466284236104,168.3909631058002,166.6781477036779,167.9850311279297,42373800
2024-04-10,AAPL,167.12365945587084,167.4107728345435,165.45044033625643,166.11378479003906,49709300
2024-04-11,AAPL,166.6682511911636,173.71755440871303,166.4900459805643,173.3017120361328,91070300
2024-04-12,AAPL,172.52944039553972,176.58872985356905,172.47994902506244,174.7967071533203,101670900
2024-04-15,AAPL,173.61848833629102,174.87588010863277,170.78689058947398,170.97500610351562,73531800
2024-04-16,AAPL,170.04433444727835,172.03436750787574,166.59889888763496,167.6978759765625,73711200
2024-04-17,AAPL,167.9256158132339,168.95528100035153,166.33160400390625,166.33160400390625,50901200
2024-04-18,AAPL,166.36129252101995,166.96523521407434,164.8959946340493,165.38111877441406,43122900
2024-04-19,AAPL,164.55939469854349,164.7474951408098,162.4505426435407,163.3614044189453,68149400
2024-04-22,AAPL,163.8762247169617,165.59893510418706,163.13367296874276,164.1930389404297,48116400
2024-04-23,AAPL,163.70794332424896,165.39105789202225,163.2822057253187,165.24253845214844,49537800
2024-04-24,AAPL,164.88609429896647,167.6186945681344,164.55938480415762,167.3414764404297,48251800
2024-04-25,AAPL,167.84640961058278,168.9156860278579,166.4801094484109,168.2028350830078,50558300
2024-04-26,AAPL,168.19293999888993,169.63843239437367,167.49987955768663,167.6186981201172,44838400
2024-04-29,AAPL,171.64826373021612,174.28185098854456,171.38095596804143,171.7769775390625,68169400
2024-04-30,AAPL,171.6086653165762,173.25218351807536,168.31173366197407,168.63845825195312,65934800
2024-05-01,AAPL,167.8959162536964,170.99483730573115,167.43058257791944,167.6186981201172,50383100
2024-05-02,AAPL,170.79680537480178,171.69777183075684,169.19289835753364,171.3116455078125,94214900
2024-05-03,AAPL,184.7963988764884,185.14292911827533,180.84603267784937,181.5588836669922,163224100
2024-05-06,AAPL,180.53910014061182,182.3707188474722,178.62825898838415,179.90545654296875,78569700
2024-05-07,AAPL,181.62815272879564,183.0637497391675,179.5193160584302,180.5885772705078,77305800
2024-05-08,AAPL,181.03414013837894,181.25195654794928,179.6480343404535,180.92523193359375,45057100
2024-05-09,AAPL,180.74701199258516,182.82616313989396,180.30148392023486,182.737060546875,48983000
2024-05-10,AAPL,183.3120385724197,183.50040923773955,180.5658387363955,181.47793579101562,50759500
2024-05-13,AAPL,183.84742393900163,185.4931713127623,183.03445892506747,184.68020629882812,72044800
2024-05-14,AAPL,185.89965779253163,186.6828817403559,184.6901339480471,185.82034301757812,52393600
2024-05-15,AAPL,186.2962297111884,189.01268886802714,185.76085876781028,188.09068298339844,70400000
2024-05-16,AAPL,188.83421956137332,189.45881387860598,188.03117836935675,188.20962524414062,52845200
2024-05-17,AAPL,187.8824709799172,189.1713095252472,187.55530322495105,188.2393798828125,41282900
2024-05-20,AAPL,187.70403175639103,190.2717851507536,187.38677266186554,189.3993377685547,44361300
2024-05-21,AAPL,189.44888573499304,191.07480055486454,189.28034753675723,190.6980743408203,42309400
2024-05-22,AAPL,190.61877317517173,191.16405275409193,188.63594934473116,189.26052856445312,34648500
2024-05-23,AAPL,189.3398501117122,189.35968258649532,185.02721720275102,185.2750701904297,51005900
2024-05-24,AAPL,187.19839293954828,188.94327235106317,186.4250777783575,188.34841918945312,36327000
2024-05-28,AAPL,189.86530324069457,191.3425125399711,187.4760118609873,188.35836791992188,52280100
2024-05-29,AAPL,187.98160889548626,190.5989356775744,187.88246165547932,188.65576171875,53068000
2024-05-30,AAPL,189.12173915319045,190.52954231443272,188.99286588586446,189.64718627929688,49889100
2024-05-31,AAPL,189.7959119633218,190.9162123421418,188.27905284340878,190.5989532470703,75158300
2024-06-03,AAPL,191.24334718637152,193.31540952983562,190.86662095571478,192.3636474609375,50080500
2024-06-04,AAPL,192.96841099700254,193.64257895328527,191.37223723797064,192.680908203125,47471400
2024-06-05,AAPL,193.72188613227584,195.20900403542353,193.19643901671662,194.18785095214844,54156800
2024-06-06,AAPL,194.0093836485974,194.8124248113502,192.50243342955554,192.8097686767578,41181800
2024-06-07,AAPL,192.97832848334124,195.24867030234284,192.47271383884646,195.1990966796875,53103900
2024-06-10,AAPL,195.20900753042525,195.60558138834554,190.49980075281104,191.4614715576172,97010200
2024-06-11,AAPL,191.98691085726122,205.38089548057218,191.96709351098235,205.3709716796875,172373300
2024-06-12,AAPL,205.58908283581826,218.30889945026047,205.1231180281253,211.24014282226562,198134300
2024-06-13,AAPL,212.8958066808934,214.888539245905,209.7827737762817,212.4001007080078,97862700
2024-06-14,AAPL,212.01342075889224,213.32207647635283,209.4853176281068,210.66510009765625,70122700
2024-06-17,AAPL,211.53757201804441,217.06965275202606,210.89316027395952,214.80923461914062,93728300
2024-06-18,AAPL,215.72133922684367,216.75241620599633,211.17076165562816,212.44967651367188,79943300
2024-06-20,AAPL,212.0927425591543,212.4000929584359,207.05638337080816,207.87924194335938,86172500
2024-06-21,AAPL,208.5831883662621,210.07030649667257,205.33135793131774,205.70809936523438,241805100
2024-06-24,AAPL,205.93610206103614,210.87332959032133,204.8158016590104,206.3524932861328,80727000
2024-06-25,AAPL,207.35380525957078,209.5646648210329,206.81844945769743,207.27450561523438,55549700
2024-06-26,AAPL,209.68363861405976,213.0147835489249,208.83102368645302,211.41860961914062,66213200
2024-06-27,AAPL,212.8462361886446,213.88722177256454,210.5263358320774,212.2613067626953,49772700
2024-06-28,AAPL,213.91695291908772,214.21437951883613,208.4939285392998,208.81117248535156,82542700
2024-07-01,AAPL,210.26855134899324,215.64200216221636,210.10001313722785,214.88853454589844,60402900
2024-07-02,AAPL,214.29369867156123,218.48738234159504,213.2527281692765,218.37832641601562,58046200
2024-07-03,AAPL,218.11061688690268,219.64730834960938,217.14894613859082,219.64730834960938,37369800
2024-07-05,AAPL,219.74645469045154,224.50523511983306,219.74645469045154,224.39617919921875,60412400
2024-07-08,AAPL,225.13973799267995,225.89322076278884,221.3327197032473,225.8634796142578,59085900
2024-07-09,AAPL,225.97252074204383,227.42989753320916,224.4259205051531,226.71607971191406,48076100
2024-07-10,AAPL,227.3307677065015,231.0783037422216,227.28119408246098,230.97915649414062,62627700
2024-07-11,AAPL,229.40280147827102,230.39421338925845,223.83107137940016,225.61561584472656,64710600
2024-07-12,AAPL,226.9540218514806,230.64207551688347,226.71607753741577,228.5601043701172,53046500
2024-07-15,AAPL,234.44910163171727,235.1926606193721,231.0882156126273,232.386962890625,62631300
2024-07-16,AAPL,232.98179160349451,234.24088892580107,230.3347237014565,232.8033447265625,43234300
2024-07-17,AAPL,227.4794799069808,229.47222770464353,224.6936146131452,226.9143829345703,57345900
2024-07-18,AAPL,228.3023493485251,228.46097889584826,220.36114484151935,222.25473022460938,66034600
2024-07-19,AAPL,222.88925101284036,224.85224251867803,221.36246807560826,222.3836212158203,49151500
2024-07-22,AAPL,225.06041535891617,225.82380677595344,221.174082433242,222.03662109375,48201800
2024-07-23,AAPL,222.44308791792702,224.9910238167192,220.76759935066607,223.0775909423828,39960300
2024-07-24,AAPL,222.07627816799848,222.86941075843336,215.26528287042115,216.6631622314453,61777600
2024-07-25,AAPL,217.0497975364767,218.95332167523742,212.77681471652627,215.62217712402344,51391200
2024-07-26,AAPL,216.82180047841348,217.60502442671483,214.15489978899527,216.08816528320312,41601300
2024-07-29,AAPL,215.09674706599597,217.41664743865044,213.8971319294418,216.36575317382812,36311800
2024-07-30,AAPL,217.3075942808937,218.43780333279796,214.26395224147618,216.9209442138672,41643800
2024-07-31,AAPL,219.5382417741392,221.8978068103832,218.73520059867647,220.17274475097656,50036300
2024-08-01,AAPL,222.44309097566543,222.55214689360594,215.15622233135366,216.48471069335938,62501000
2024-08-02,AAPL,217.2679231335739,223.66254232334134,215.84030263063204,217.97183227539062,105568600
2024-08-05,AAPL,197.38019703112641,211.66644653820467,194.31673780556494,207.4727783203125,119548600
2024-08-06,AAPL,203.53686913101606,208.18659343179937,199.34320096724198,205.45028686523438,69660500
2024-08-07,AAPL,205.12311510057037,211.80523672133984,204.61750047992084,208.01805114746094,63516400
2024-08-08,AAPL,211.27979376271134,212.36042911915672,207.03655197769595,211.4780731201172,47161100
2024-08-09,AAPL,210.27848952903548,214.91829038971974,210.1496011292121,214.3829345703125,42201600
2024-08-12,AAPL,214.46232494953352,217.8767166928247,213.99582080224636,215.9114532470703,38028100
2024-08-13,AAPL,217.380462936734,220.2390393048837,217.380462936734,219.6236572265625,44155300
2024-08-14,AAPL,218.92885985517657,221.37054778476931,218.06532277692483,220.07029724121094,41960600
2024-08-15,AAPL,222.92888658909135,223.67330627029455,221.10256546081067,223.04798889160156,46414000
2024-08-16,AAPL,222.25393109506462,225.1422830006272,221.98593577772976,224.3680877685547,44340200
2024-08-19,AAPL,224.0405257400108,224.30852103873067,221.38045847347976,224.20925903320312,40687800
2024-08-20,AAPL,224.0901616619868,225.47973889834265,223.7725353535306,224.82464599609375,30299000
2024-08-21,AAPL,224.8345868015738,226.28371522001356,223.37552309496598,224.71546936035156,34765500
2024-08-22,AAPL,226.09512887719345,226.64103964823346,222.23407290784718,222.85939025878906,43695300
2024-08-23,AAPL,223.98096305377334,226.52191275369313,222.66085720360698,225.1521759033203,38677300
2024-08-26,AAPL,225.07279660900764,225.58893181224732,222.22415556593285,225.4896697998047,30602200
2024-08-27,AAPL,224.31844891527626,227.14724957253156,223.21670725505913,226.33334350585938,35934600
2024-08-28,AAPL,226.22414704916858,228.14971479709,224.0008084384826,224.80479431152344,38052200
2024-08-29,AAPL,228.38796742499142,231.18697758967758,227.1770435151196,228.08026123046875,51906300
2024-08-30,AAPL,228.4772602189495,228.68568922028223,225.78741746908054,227.29611206054688,52990800
2024-09-03,AAPL,226.84946493362216,227.29611365629745,219.52437135882835,221.1124725341797,50190600
2024-09-04,AAPL,220.01075793789536,220.12986023982222,215.86185105944423,219.206787109375,43840200
2024-09-05,AAPL,219.9809527371486,223.80229748015876,219.87177059333374,220.72537231445312,36615400
2024-09-06,AAPL,222.28367202274,223.5640821152314,218.13478104858405,219.17697143554688,48423000
2024-09-09,AAPL,219.17700018247805,219.6236489368284,215.09757995493325,219.26632690429688,67180000
2024-09-10,AAPL,217.29111136152258,219.83206111139577,215.1174037589381,218.47225952148438,51591000
2024-09-11,AAPL,219.81222755985956,221.43008920211523,216.26878297144034,221.0032958984375,44587100
2024-09-12,AAPL,220.8444772424724,221.88666769221828,218.18442519080247,221.1124725341797,37455600
2024-09-13,AAPL,221.91644846858938,222.37301734416337,220.25887596851652,220.844482421875,36766600
2024-09-16,AAPL,214.92882889414335,215.60377723416104,212.32832783334672,214.71047973632812,59357400
2024-09-17,AAPL,214.14470101422842,215.2861383219032,212.90400170360138,215.1769561767578,45519300
2024-09-18,AAPL,215.9313221513165,221.05293280374121,215.92138686335736,219.04795837402344,59894900
2024-09-19,AAPL,223.31597824995185,228.11004268622213,222.95865620671253,227.16709899902344,66781300
2024-09-20,AAPL,228.2589097535001,231.3556905514529,225.92638886705737,226.5020751953125,318679900
2024-09-23,AAPL,225.64847983003366,227.74278104335218,224.12986496132828,224.7849578857422,54146000
2024-09-24,AAPL,226.94872814757065,227.64353192764617,224.05045616714196,225.67825317382812,43556100
2024-09-25,AAPL,223.2563961324406,225.59883710649478,222.35317851779175,224.68568420410156,42308700
2024-09-26,AAPL,225.608784129346,226.79985253593196,223.73284722402752,225.8271484375,36636700
2024-09-27,AAPL,226.76013618443497,227.81224676693589,225.60876359989413,226.09510803222656,34026000
2024-09-30,AAPL,228.3283747151782,231.266357421875,227.9412771261621,231.266357421875,54541900
2024-10-01,AAPL,227.81227091446172,227.94129335648356,222.0752779583648,224.5269012451172,63285000
2024-10-02,AAPL,224.2092739820147,225.67825786117984,221.36063294746157,225.0926513671875,32880600
2024-10-03,AAPL,223.46483520314058,225.12240767637772,221.65838486968212,223.9908905029297,34044200
2024-10-04,AAPL,226.20429410810965,226.3035561118749,222.46235586119454,225.11248779296875,37245100
2024-10-07,AAPL,222.8296172342201,224.01076551273388,219.68320530273118,220.04052734375,39505400
2024-10-08,AAPL,222.6311156567822,224.29860847272343,221.58892507419034,224.09017944335938,31855700
2024-10-09,AAPL,223.55414845411647,228.04052116337735,223.157130753936,227.8320770263672,33591100
2024-10-10,AAPL,226.0851807689644,227.7923841625437,225.47971892420364,227.33580017089844,28183500
2024-10-11,AAPL,227.5938974682738,227.70307961960657,225.6484741750507,225.85691833496094,31759200
2024-10-14,AAPL,226.99836439928595,230.00581860221664,226.89911753216435,229.5790252685547,39882100
2024-10-15,AAPL,231.87181141001133,235.72294688412148,230.64103225198252,232.1100311279297,64751400
2024-10-16,AAPL,229.87679699083486,230.39291705034768,228.1298824963092,230.05545043945312,34082200
2024-10-17,AAPL,231.69315867439417,232.11004699556463,228.8048220166126,230.4226837158203,32993800
2024-10-18,AAPL,234.4227083661851,234.4227083661851,232.2688559498539,233.25149536132812,46431500
2024-10-21,AAPL,232.70554934615632,235.08770100400858,232.70554934615632,234.72044372558594,36254500
2024-10-22,AAPL,232.14972869721714,234.46239402859047,230.8693336731526,234.10507202148438,38846600
2024-10-23,AAPL,232.33831918874512,233.3904297884605,226.06533615950997,229.0430145263672,52287000
2024-10-24,AAPL,228.26884002769643,229.10260155629064,226.710529416834,228.85446166992188,31109500
2024-10-25,AAPL,228.03061417648678,231.48471683213373,227.86188088691335,229.6881866455078,38802300
2024-10-28,AAPL,231.58399967772363,232.98349712196287,230.81972458948547,231.66339111328125,36087100
2024-10-29,AAPL,231.36564539627622,232.58648944554818,230.59145013134693,231.931396484375,35417200
2024-10-30,AAPL,230.87925826342104,231.7328600109945,227.8420287171323,228.387939453125,47070900
2024-10-31,AAPL,227.63358238786932,228.11994197442104,223.693120129287,224.22911071777344,64370100
2024-11-01,AAPL,219.32586653780092,223.67328184782377,218.6310779402587,221.25143432617188,65276700
2024-11-04,AAPL,219.34572401852256,221.13231895883285,218.0752491010658,220.35812377929688,44944500
2024-11-05,AAPL,220.14971259990074,222.28370958768312,219.49461965793014,221.7874298095703,28111300
2024-11-06,AAPL,220.95365355112233,224.38791581537038,219.54422098922427,221.06283569335938,54561100
2024-11-07,AAPL,222.95864433437472,226.18446269494834,222.89909318788202,225.7874298095703,42137700
2024-11-08,AAPL,225.72780810336752,227.20835428792034,224.9726384261151,225.51914978027344,38328800
2024-11-11,AAPL,223.57158868270503,224.26714170400084,220.0938084143074,222.8064727783203,42005600
2024-11-12,AAPL,223.12444853772337,224.15783943194586,221.9420008205612,222.8064727783203,40398300
2024-11-13,AAPL,222.58787261698694,225.2111120360391,221.34580821096,223.69082641601562,48566200
2024-11-14,AAPL,223.59146688403666,227.41701609796436,223.57158960851197,226.77114868164062,44923900
2024-11-15,AAPL,224.96270031544069,225.47940335635096,222.8462328667566,223.57159423828125,47923700
2024-11-18,AAPL,223.8199993254601,228.28149999782985,223.74050538640262,226.57241821289062,44633700
2024-11-19,AAPL,225.53901477922054,228.6988344551977,225.22105418122663,226.8307647705078,36211800
2024-11-20,AAPL,226.61215353970658,228.47027695087482,224.45593165289552,227.5461883544922,35169600
2024-11-21,AAPL,227.42697481306035,228.6988476019872,224.27710117470866,227.0692596435547,42108300
2024-11-22,AAPL,226.61216818417898,229.25528492407807,226.61216818417898,228.41067504882812,38168300
2024-11-25,AAPL,229.99057974831032,231.7692092379923,228.28149797848934,231.39161682128906,90152800
2024-11-26,AAPL,231.84870566104107,234.07449047305911,231.84870566104107,233.56771850585938,45986200
2024-11-27,AAPL,232.9814664022851,234.1937224347506,232.32565277909848,233.43853759765625,33498400
2024-11-29,AAPL,233.3192972938568,236.3002516789311,232.48463370489634,235.82330322265625,28481400
2024-12-02,AAPL,235.76369091824088,239.26133321145704,235.654388648958,238.06895446777344,48137100
2024-12-03,AAPL,238.28756099978403,241.21882985808793,237.3833345065081,241.10952758789062,38861000
2024-12-04,AAPL,241.32814402991647,242.56027739454964,239.7184333911867,241.46725463867188,44383900
2024-12-05,AAPL,242.44102079436578,242.9875169579372,240.59282850575005,241.49703979492188,40033900
2024-12-06,AAPL,241.36787220390693,243.07695387436263,240.5431396985891,241.29830932617188,36870600
2024-12-09,AAPL,240.29475369946152,245.67041216886827,240.21525975684386,245.1835174560547,44649200
2024-12-10,AAPL,245.32260336553807,246.63423054379348,243.78244060146582,246.197021484375,36914800
2024-12-11,AAPL,246.3858398593606,249.20780656351602,244.69662013013263,244.9251708984375,45205800
2024-12-12,AAPL,245.32260415969785,247.1608653940442,244.1202792424049,246.3858184814453,32777500
2024-12-13,AAPL,246.24671899982582,247.70737273801882,244.67674782957272,246.55474853515625,33155300
2024-12-16,AAPL,246.4156487620838,249.7841268474892,246.07779571830554,249.44627380371094,51694800
2024-12-17,AAPL,248.49234928857376,252.2185421189052,248.19425082976375,251.87075805664062,51356400
2024-12-18,AAPL,250.55917390522964,252.6657103008961,246.1672359539693,246.4752655029297,56774100
2024-12-19,AAPL,245.92875304737495,250.4001849209636,245.52135228225407,248.20420837402344,60882300
2024-12-20,AAPL,246.4653249902114,253.3811464831127,244.13025293349912,252.8743896484375,147495300
2024-12-23,AAPL,253.15260355822258,254.02700659111463,251.84097626600598,253.64942932128906,40858800
2024-12-24,AAPL,253.86804957710976,256.5707679464462,253.6693071300515,256.56085205078125,23234700
2024-12-26,AAPL,256.55086249805703,258.44874034869076,255.99442012888886,257.3755798339844,27237100
2024-12-27,AAPL,256.19314630806485,257.05764856283577,251.45343969164696,253.96737670898438,42355300
2024-12-30,AAPL,250.6287158030117,251.890657464443,249.15811581542044,250.59890747070312,35557500
2024-12-31,AAPL,250.83738041728796,251.6720440162376,247.84647977817443,248.8302001953125,39480700
2020-01-02,MSFT,150.0902625907942,151.93353980620552,149.6648931447306,151.82955932617188,22622100
2020-01-03,MSFT,149.6554558446236,151.19623925114328,149.409675916639,149.93902587890625,21116200
2020-01-06,MSFT,148.48326139124163,150.39271401985718,147.94444966772303,150.3265380859375,20813700
2020-01-07,MSFT,150.60069532153608,150.9315317648506,148.7101519070475,148.95591735839844,21634100
2020-01-08,MSFT,150.23203354534573,151.9997015405678,149.3056712613287,151.32855224609375,27746500
2020-01-09,MSFT,152.98276776943587,153.34197562938405,152.21710000371593,153.21908569335938,21385000
2020-01-10,MSFT,153.909144329844,154.2872472384287,152.35888490302304,152.5101318359375,20725900
2020-01-13,MSFT,152.90714658550698,154.3723206204449,152.43451073060453,154.34396362304688,21626500
2020-01-14,MSFT,154.44793405712338,154.64644744971824,152.86933213511907,153.25689697265625,23477400
2020-01-15,MSFT,153.72008555883195,154.9678511775123,153.6728335108503,154.2494354248047,21417900
2020-01-16,MSFT,155.35540348008348,157.14196634501582,155.05290962474845,157.07579040527344,23865400
2020-01-17,MSFT,158.25743559260854,158.30470207707603,156.37633913096872,157.9549560546875,34371700
2020-01-21,MSFT,157.55792890062875,158.9852988415093,157.3216109023326,157.38778686523438,29517200
2020-01-22,MSFT,158.2384898999051,158.3235753219564,156.61262128751815,156.63153076171875,24138800
2020-01-23,MSFT,157.09472547499433,157.6713418599453,156.22507713475247,157.59571838378906,19680800
2020-01-24,MSFT,158.3424825375192,158.36139201317255,155.44995298181732,156.00765991210938,24918100
2020-01-27,MSFT,152.33050491195482,154.43847085903872,151.4324998218429,153.39866638183594,32078100
2020-01-28,MSFT,154.81661422070258,156.6882483457103,154.14547932010373,156.40467834472656,24899900
2020-01-29,MSFT,158.65440861589227,159.51460937852576,156.62208010292088,158.8434600830078,34754500
2020-01-30,MSFT,164.52451931588942,164.52451931588942,161.44292477265313,163.3240203857422,51597500
2020-01-31,MSFT,162.7852531721158,162.9648426873359,160.29918387299614,160.91360473632812,36142700
2020-02-03,MSFT,161.1026818172844,164.94994534557068,161.07432481438784,164.83651733398438,30107000
2020-02-04,MSFT,167.44543856138947,170.75388971293165,166.6608612717509,170.26234436035156,36433300
2020-02-05,MSFT,173.95834366438353,174.11903811687424,168.64592151325192,170.0543670654297,39186300
2020-02-06,MSFT,171.06583483899962,173.75986517610264,170.20563405922817,173.58026123046875,27751400
2020-02-07,MSFT,172.8429278537335,175.47078190024337,172.49316753333272,173.8260040283203,33529100
2020-02-10,MSFT,173.53300042903595,178.50512495189932,173.22105900121804,178.37278747558594,35844300
2020-02-11,MSFT,180.21606177076302,180.2633282452073,173.45737421261373,174.34593200683594,53159900
2020-02-12,MSFT,175.42354764661337,175.6787750789202,171.89768776529226,174.60116577148438,47062900
2020-02-13,MSFT,173.06037316286404,176.03797374039397,172.86185972663358,173.65589904785156,35295800
2020-02-14,MSFT,173.2210544650253,175.26284498070825,172.65388562499024,175.2061309814453,23149500
2020-02-18,MSFT,175.4518949292075,177.42750947945905,175.3479144568941,176.9832305908203,27792200
2020-02-19,MSFT,178.25334748549824,178.3670852904449,176.746263717562,177.51402282714844,29997500
2020-02-20,MSFT,177.20127650994195,177.48563556100459,171.6563400981804,174.80320739746094,36862400
2020-02-21,MSFT,173.6183316037425,173.93112500826635,168.00704036902022,169.27716064453125,48572600
2020-02-24,MSFT,159.0214301307952,165.44787749750017,154.7181659403322,161.97872924804688,68311100
2020-02-25,MSFT,165.11610394922226,165.72272971041576,158.90765961105674,159.30577087402344,68073300
2020-02-26,MSFT,160.86022960459255,164.2250980795155,159.43844930371904,161.29623413085938,56206100
2020-02-27,MSFT,154.8035013421261,158.3200311084721,149.74195067287758,149.9315185546875,93174900
2020-02-28,MSFT,144.46236668665765,155.17311496563838,144.07374325016832,153.56175231933594,97012700
2020-03-02,MSFT,156.68969102388243,163.9028581761286,153.84612995671205,163.77963256835938,71030800
2020-03-03,MSFT,164.7369648639986,165.8743863348176,153.79872580292735,155.931396484375,71677000
2020-03-04,MSFT,159.70384194438486,161.79859008690633,156.98349255557616,161.6564178466797,49814400
2020-03-05,MSFT,157.39109568141728,161.95974258543,157.0498678014542,157.59962463378906,47817300
2020-03-06,MSFT,154.1304911008303,154.60441795195356,147.86517755045685,153.1447296142578,72821100
2020-03-09,MSFT,143.12593617364425,149.52394987677073,142.17808229169958,142.7657470703125,70419300
2020-03-10,MSFT,149.91255431457344,152.63288998051783,144.6235285924919,152.52862548828125,65354400
2020-03-11,MSFT,148.9362624974482,149.4765316073589,143.268086730117,145.6187744140625,56371600
2020-03-12,MSFT,137.72314498743467,145.4671079518946,131.35356699021355,131.80853271484375,93226400
2020-03-13,MSFT,139.80840891555962,153.46698304753858,133.3914358600728,150.54759216308594,92727400
2020-03-16,MSFT,132.69949300751503,141.56192921861285,127.96022540010378,128.3583221435547,87905900
2020-03-17,MSFT,132.69950524755737,139.8084073143908,127.96023720300174,138.92691040039062,81059800
2020-03-18,MSFT,130.8038008732288,138.386629909358,127.97920110693828,133.07864379882812,81593200
2020-03-19,MSFT,135.3250268458963,142.32017473485695,131.75161566628813,135.26815795898438,85922700
2020-03-20,MSFT,138.38667491726258,139.42932003407233,128.7754365666015,130.187744140625,84866200
2020-03-23,MSFT,129.8653715753067,133.239741372243,125.60951964088807,128.8890838623047,78975200
2020-03-24,MSFT,136.25392489001308,141.7988730099055,133.90325253114239,140.6045684814453,82516700
2020-03-25,MSFT,141.14488563874747,146.28225050950442,136.9079788119045,139.25865173339844,75638200
2020-03-26,MSFT,140.66146399847827,148.49074374282242,140.63302954842695,147.96942138671875,64568100
2020-03-27,MSFT,143.8368104074525,146.81307068348792,141.41978038772191,141.89370727539062,57042300
2020-03-30,MSFT,144.49081435919743,152.22530370208108,142.18752244275748,151.8745880126953,63420300
2020-03-31,MSFT,151.0878682333424,156.1873255730772,148.3959672991363,149.4860076904297,77927200
2020-04-01,MSFT,145.02159814322476,149.52390266074318,142.95528427536644,144.17800903320312,57969900
2020-04-02,MSFT,143.9410755182864,147.372301571524,142.51929484918563,147.1637725830078,49630700
2020-04-03,MSFT,147.0120818127518,149.1731866089132,144.25382469080233,145.8083038330078,41243300
2020-04-06,MSFT,151.95990642835253,157.8176351324215,149.3627821810192,156.6517791748047,67111700
2020-04-07,MSFT,160.7464507556182,161.13507411138252,154.74653714284065,154.9645538330078,62769000
2020-04-08,MSFT,157.03089277059914,157.97874630175247,154.97405234356808,156.51905822753906,48318200
2020-04-09,MSFT,157.68491641818002,158.64224329248236,154.81292133217562,156.52853393554688,51385100
2020-04-13,MSFT,155.7797882301745,156.9361711005346,153.83668491764462,156.87928771972656,41905300
2020-04-14,MSFT,160.18721260746707,164.68951592039883,159.2393592784288,164.64212036132812,52874300
2020-04-15,MSFT,162.2725509605704,164.5189740701982,160.4147658031758,162.91709899902344,40940800
2020-04-16,MSFT,165.21090401533556,168.0355040124014,163.883900147735,167.80801391601562,50479600
2020-04-17,MSFT,170.13974470150103,170.61367156696483,166.69903103004185,169.28668212890625,52765600
2020-04-20,MSFT,167.41936555024498,169.42881030865183,165.86488641460832,165.9312286376953,36669600
2020-04-21,MSFT,164.4525561880197,164.61368952191216,157.4479205116186,159.06875610351562,56203700
2020-04-22,MSFT,162.45265500207105,164.926553888929,161.9123858808334,164.47158813476562,34620200
2020-04-23,MSFT,165.0307923638797,165.93125039938644,161.99766370912621,162.48106384277344,32790800
2020-04-24,MSFT,163.08772995889328,165.4573645670676,161.80813594834027,165.44789123535156,34277600
2020-04-27,MSFT,167.3814490393067,167.67528131538185,164.26301733319343,164.97390747070312,33194400
2020-04-28,MSFT,166.43360972677016,166.5094397501478,160.55692031443468,160.95501708984375,34392700
2020-04-29,MSFT,164.18723229946127,168.41465204272475,162.91711171027274,168.1776885986328,51286600
2020-04-30,MSFT,170.61369687638864,170.99283263976193,167.0402837310312,169.86489868164062,53875900
2020-05-01,MSFT,166.6326372953001,169.324537588114,164.93597154192332,165.46678161621094,39370500
2020-05-04,MSFT,165.39100504648349,169.6658202264792,164.73698364883285,169.51416015625,30372900
2020-05-05,MSFT,171.20128547055504,174.0732802663321,170.51882982966782,171.333984375,36839200
2020-05-06,MSFT,172.58523555056811,174.59468114034433,172.15870419880838,173.021240234375,32139300
2020-05-07,MSFT,174.56623962588404,174.92642871255168,173.05915549446175,174.02597045898438,28316000
2020-05-08,MSFT,175.33402644708923,175.35298757649636,173.79850761650457,175.04966735839844,30877800
2020-05-11,MSFT,173.5993766766979,177.73201884699927,173.31503217434738,177.00218200683594,30892700
2020-05-12,MSFT,177.05905204204092,177.28652764537918,172.79371092227436,172.9927520751953,32038200
2020-05-13,MSFT,173.0307023368351,174.45248294032083,167.3340921291514,170.376708984375,44711500
2020-05-14,MSFT,168.2819700657037,171.26771844026905,166.5189612853163,171.11605834960938,41873900
2020-05-15,MSFT,169.72269569068143,177.30552593773953,167.7701192161601,173.60890197753906,46610400
2020-05-18,MSFT,176.06378684913727,176.49031802963836,174.36713545537643,175.26759338378906,35264500
2020-05-19,MSFT,175.38132561469354,176.86946249824126,173.92163764116737,174.05433654785156,26799100
2020-05-20,MSFT,175.66071783659345,176.64923929090085,174.83379305536764,176.46864318847656,31261300
2020-05-21,MSFT,176.2214721991391,177.4286028893225,174.21593052633386,174.3489990234375,29119500
2020-05-22,MSFT,174.1209441606144,175.3280752270581,173.50311455025968,174.4250946044922,20826900
2020-05-26,MSFT,177.11497503906327,177.2670574968158,172.1343978264107,172.5811309814453,36073600
2020-05-27,MSFT,171.27892425897863,172.98031573057037,167.85715639177917,172.80921936035156,39517100
2020-05-28,MSFT,171.7921496094042,175.03332046336706,171.44997147045677,172.41946411132812,33810200
2020-05-29,MSFT,173.68367206153434,175.1474401638824,171.47853469767063,174.1779327392578,42130400
2020-06-01,MSFT,173.50308105663945,173.94031445807596,172.47656081625482,173.7787322998047,22622400
2020-06-02,MSFT,175.12843859127653,175.84130876193302,172.37201306609043,175.75576782226562,30794600
2020-06-03,MSFT,175.67019636866664,176.73474433085303,174.49157933669008,176.18345642089844,27311000
2020-06-04,MSFT,175.17594339707023,176.6396969090423,173.2749565224485,173.8642578125,28761800
2020-06-05,MSFT,173.57914102484705,178.43616402505074,172.99933933390125,177.93240356445312,39893600
2020-06-08,MSFT,176.73475027225717,179.21553869876203,175.3090101306654,179.03494262695312,33211600
2020-06-09,MSFT,178.69279515847796,181.25912495422665,177.98942467972202,180.4036865234375,29783900
2020-06-10,MSFT,181.66784355961488,188.6919905733056,181.55377446710472,187.09515380859375,43872300
2020-06-11,MSFT,183.56880167969496,186.0685895505903,176.85832035143625,177.0484161376953,52854700
2020-06-12,MSFT,181.10703377682555,182.22862370226562,176.0123877928457,178.44566345214844,43373600
2020-06-15,MSFT,175.44210537773787,181.37319049220972,174.90031707971195,179.5862579345703,32770200
2020-06-16,MSFT,183.3407021258186,185.89753212160974,181.98150329725257,183.98704528808594,42556700
2020-06-17,MSFT,185.3747390455772,186.60088373551318,184.10108128516464,184.6238555908203,25687800
2020-06-18,MSFT,184.39578446432728,186.7625190840823,184.39578446432728,186.60093688964844,23061600
2020-06-19,MSFT,188.75848446971048,189.42382696188116,184.7474010839948,185.48878479003906,44441100
2020-06-22,MSFT,186.09708562146938,190.8210387060191,185.5648116688515,190.6404571533203,32818900
2020-06-23,MSFT,192.0852206558405,193.85313907898706,191.45789148879962,191.9141387939453,30917400
2020-06-24,MSFT,191.61948849260602,193.18779690970953,186.82899330343227,188.04562377929688,36740600
2020-06-25,MSFT,188.00761269061277,190.6784970410009,185.79296114833386,190.42185974121094,27803900
2020-06-26,MSFT,189.84202298518596,189.99410539418636,185.23213917645384,186.6103515625,54675800
2020-06-29,MSFT,186.08757487454244,188.70143141808995,183.96797890199298,188.6158905029297,26701600
2020-06-30,MSFT,188.08368255293655,194.28089052562854,187.95061402599853,193.43495178222656,34310300
2020-07-01,MSFT,193.083257178087,196.1343478236479,191.78108566908128,194.56602478027344,32061200
2020-07-02,MSFT,195.49747916723908,197.72164478695544,194.85115060490307,196.04876708984375,29315800
2020-07-06,MSFT,198.49156369076422,200.6777016892989,197.78819326414938,200.26898193359375,31897600
2020-07-07,MSFT,200.0313599594094,204.0424438056839,197.6931540036791,197.94027709960938,33600700
2020-07-08,MSFT,199.67019154758614,202.70225385814945,198.35850577769656,202.29354858398438,33600000
2020-07-09,MSFT,205.62027998475654,205.6678075649142,201.00088055902637,203.7097930908203,33121700
2020-07-10,MSFT,203.04443714124912,203.48167057647657,200.63018979121773,203.0919647216797,26177600
2020-07-13,MSFT,203.86187245686293,205.11653102704423,196.27693724789137,196.8187255859375,38135600
2020-07-14,MSFT,195.92522739229784,198.51057084084894,192.02819828875812,198.0353240966797,37591800
2020-07-15,MSFT,199.18538506340965,200.8677623619465,194.87965132747212,197.74063110351562,32179400
2020-07-16,MSFT,195.23135704153594,195.51650798920733,192.2943356382939,193.8246307373047,29940700
2020-07-17,MSFT,194.3474171263726,194.88919090755047,191.4198952550157,192.8361358642578,31635300
2020-07-20,MSFT,194.85111323535497,201.78971675367936,192.9596264759038,201.12437438964844,36884800
2020-07-21,MSFT,203.08243850870448,203.34857552033253,197.73115562552331,198.41551208496094,37990400
2020-07-22,MSFT,198.84323696936167,201.7897726158241,198.07333955618,201.26699829101562,49605700
2020-07-23,MSFT,196.93274275439686,200.47807930746816,192.14224758300097,192.512939453125,67457000
2020-07-24,MSFT,190.4978964459514,192.81710279590382,187.73195701203042,191.33433532714844,39827000
2020-07-27,MSFT,191.49595344640912,193.8721875294753,190.91615175000567,193.7581329345703,30160900
2020-07-28,MSFT,193.52995775174696,194.56599205550995,191.75253977158675,192.0186767578125,23251400
2020-07-29,MSFT,192.4749048026826,194.51845971898967,192.00915783651203,193.95767211914062,19632600
2020-07-30,MSFT,191.04922302902312,194.3379374288218,189.69002407556442,193.80564880371094,25079600
2020-07-31,MSFT,194.28083994092853,194.94619690576195,189.15768123265423,194.8606414794922,51044000
2020-08-03,MSFT,201.04837293552396,206.86538804440696,200.02183829806603,205.81983947753906,78983000
2020-08-04,MSFT,203.56718229287267,204.1374841693981,199.8982769624529,202.73074340820312,49280100
2020-08-05,MSFT,204.2610610698923,204.35611622762954,201.09593026524874,202.39810180664062,28806400
2020-08-06,MSFT,201.82779386667735,205.65828165484047,201.07691035504746,205.6392822265625,32656800
2020-08-07,MSFT,204.2134944476352,205.02140506303672,200.48754789134983,201.9608154296875,27820400
2020-08-10,MSFT,201.19096322321653,201.39057324547656,196.13434519873215,197.94027709960938,36716500
2020-08-11,MSFT,196.90421954309804,197.3699520347846,193.08323194975972,193.3113555908203,36446500
2020-08-12,MSFT,195.12679185865025,199.8697593440699,194.6135317826881,198.83372497558594,28013100
2020-08-13,MSFT,199.07136664712925,200.88681276479966,197.845221875211,198.3679962158203,22588900
2020-08-14,MSFT,198.42497595181933,199.21388713068794,197.23685932762749,198.55804443359375,17958900
2020-08-17,MSFT,199.2234376356791,200.73471877613036,198.57709453262723,199.86976623535156,20184800
2020-08-18,MSFT,200.1073868408774,201.84679161192986,198.85274301626632,201.01986694335938,21336200
2020-08-19,MSFT,201.50584336522607,202.08704665734177,199.37158555483816,199.8003387451172,27627600
2020-08-20,MSFT,199.6479048606196,204.85015233544874,199.0476561608477,204.44998168945312,26981500
2020-08-21,MSFT,203.76394899476904,206.0411196313536,202.8016350109078,202.96360778808594,36249300
2020-08-24,MSFT,204.65002085311673,205.34556891515348,202.40143298022446,203.60195922851562,25460100
2020-08-25,MSFT,203.03981539454313,206.38410735274064,203.03981539454313,206.25071716308594,23043700
2020-08-26,MSFT,207.59414589811615,211.60538860405137,207.0986904162652,210.7097625732422,39600800
2020-08-27,MSFT,212.36762114380463,220.2376708942696,209.04237476042434,215.8834228515625,57602200
2020-08-28,MSFT,217.40786085994776,219.75173330507883,215.88340386059215,218.10340881347656,26292900
2020-08-31,MSFT,216.28358445756368,217.90332645550527,213.7205740160353,214.8829803466797,28774200
2020-09-01,MSFT,214.86392605709895,216.7123432061148,213.83490987501472,216.5408477783203,25725500
2020-09-02,MSFT,217.207801074862,221.86694924784757,216.61707521022916,220.7140655517578,34080800
2020-09-03,MSFT,218.4464303584892,218.4845356074586,204.81199137013098,207.04151916503906,58400300
2020-09-04,MSFT,204.94537631657883,208.0514701428707,195.50321280100798,204.135498046875,59664100
2020-09-08,MSFT,196.75135022135257,200.11470143736412,192.6543458320582,193.09263610839844,52924300
2020-09-09,MSFT,197.79944426823292,204.697642740119,196.9419235287555,201.3152313232422,45679000
2020-09-10,MSFT,203.32560902386254,204.60236011002283,194.47418635865475,195.67469787597656,35461500
2020-09-11,MSFT,197.41832597706613,198.7808248995314,191.73969878966778,194.39797973632812,33620100
2020-09-14,MSFT,194.59809605561162,199.32393265789574,194.39800349010872,195.71286010742188,30375800
2020-09-15,MSFT,198.58073117424792,199.87652772915487,197.16106711664477,198.92373657226562,21823900
2020-09-16,MSFT,200.6768663903581,200.70544896164475,194.97917941167134,195.3698272705078,26328100
2020-09-17,MSFT,190.60588808814126,194.68383338131366,190.52014036683838,193.33087158203125,34011300
2020-09-18,MSFT,193.22603963005503,194.0359033488756,186.98525496432242,190.9298095703125,55225300
2020-09-21,MSFT,187.88086351056623,193.14027401034622,187.109105110719,192.97828674316406,39839700
2020-09-22,MSFT,195.3793420932357,198.27583520030763,192.5400286648774,197.6279296875,33517100
2020-09-23,MSFT,198.08527768743798,198.27584755147745,190.58681585985815,191.12037658691406,30803800
2020-09-24,MSFT,190.4153069509795,195.8652732003476,189.79598401356498,193.59762573242188,31202500
2020-09-25,MSFT,193.94062649521072,199.17144019967697,192.97829820351433,198.00904846191406,29437300
2020-09-28,MSFT,200.92458801246855,202.53480726710254,198.2377101829386,199.5525665283203,32004900
2020-09-29,MSFT,199.4668235840097,200.1528343424677,197.04672603654993,197.47547912597656,24221900
2020-09-30,MSFT,197.92332587898255,201.97268876487493,196.78950194478213,200.4005889892578,33829100
2020-10-01,MSFT,203.41136629321662,203.88776181773622,201.34381146141408,202.42999267578125,27158400
2020-10-02,MSFT,198.18057395365662,201.02942493807893,195.83670115325253,196.45602416992188,33154800
2020-10-05,MSFT,197.4374031029824,200.47680950300756,197.20872797016887,200.44822692871094,21331600
2020-10-06,MSFT,198.9618499090392,200.25763188349316,195.1506854050532,196.18922424316406,28554300
2020-10-07,MSFT,197.2849132698332,200.1909288915541,196.96096780077255,199.9241485595703,25681100
2020-10-08,MSFT,200.57204581462975,201.21995131159426,198.48544555341942,200.6387481689453,19925800
2020-10-09,MSFT,201.25807145801653,205.6694991548574,201.25807145801653,205.62185668945312,26458000
2020-10-12,MSFT,208.46119697504406,213.2918557250385,206.57467431845953,210.94798278808594,40461400
2020-10-13,MSFT,212.20569060310467,214.57814629808644,210.02379027040573,212.33908081054688,28950800
2020-10-14,MSFT,212.47241351746592,213.634819812789,208.78511664370075,210.43344116210938,23421700
2020-10-15,MSFT,206.85097224701303,209.9570662787995,205.81241880530467,209.2901153564453,22733100
2020-10-16,MSFT,209.75697373287338,211.79594628889316,208.96616984250753,209.2901153564453,26057900
2020-10-19,MSFT,210.01423617140503,211.80548829345503,203.6305379900933,204.10693359375,27625800
2020-10-20,MSFT,205.612335379117,207.10820994137202,203.03026493680252,204.51661682128906,22753500
2020-10-21,MSFT,203.05886431483884,206.67947393271433,203.05886431483884,204.65956115722656,22724900
2020-10-22,MSFT,203.8305991538514,205.86004890997927,201.70587900793112,204.7452850341797,22351500
2020-10-23,MSFT,204.87867200393134,206.06966089598714,203.09695727371624,206.0220184326172,18879600
2020-10-26,MSFT,203.75437998821897,206.12682049278558,198.27583123211025,200.162353515625,37111600
2020-10-27,MSFT,201.601041693105,204.53563968121463,200.40053028187518,203.18267822265625,36700300
2020-10-28,MSFT,197.8661428219542,198.9809067591582,192.5591035035503,193.11170959472656,51195600
2020-10-29,MSFT,194.43606581258936,197.57074179703807,193.769100483678,195.0553741455078,31432600
2020-10-30,MSFT,193.89301013017186,194.64570878486924,190.19617560413607,192.91163635253906,36953700
2020-11-02,MSFT,194.64569121058761,195.58895965178482,190.67255399086878,192.77822875976562,30842200
2020-11-03,MSFT,194.26456377162967,198.294865783627,193.53091060305985,196.6846466064453,27512000
2020-11-04,MSFT,203.91635870169142,208.01336340786992,202.391887100831,206.17446899414062,42311800
2020-11-05,MSFT,211.5577293870567,213.53953661910697,210.70974588983486,212.74871826171875,36080100
2020-11-06,MSFT,211.76735056508159,213.76821774632472,207.73704817031117,213.15843200683594,25231900
2020-11-09,MSFT,213.84446802922895,217.35073281065687,207.5941598268988,208.080078125,44395000
2020-11-10,MSFT,204.37370837033654,206.27929073276394,199.81936768721027,201.0484619140625,44045100
2020-11-11,MSFT,202.36330501469286,207.74656901719345,202.1822723760831,206.32691955566406,29440800
2020-11-12,MSFT,206.95577733475665,208.76607475027214,204.33560160583502,205.2693328857422,21593900
2020-11-13,MSFT,206.14587499770434,207.15583119845917,204.04973756653277,206.28878784179688,18621100
2020-11-16,MSFT,204.72622014915032,207.46074050757483,204.39275198534924,206.9748077392578,24953300
2020-11-17,MSFT,205.8982095031995,207.40360699084584,203.97356697130948,204.33563232421875,24154100
2020-11-18,MSFT,204.09680050082704,205.5488389638245,201.49842202030706,201.6417236328125,28372800
2020-11-19,MSFT,201.92827756449884,203.5044929955361,200.54310176428234,202.92176818847656,24792700
2020-11-20,MSFT,202.71159322047438,203.75285098407457,200.60996790062518,200.98252868652344,22843100
2020-11-23,MSFT,201.51749377618378,202.79757297783098,198.8522533741571,200.71505737304688,25683500
2020-11-24,MSFT,200.21833486403702,204.6699699133725,199.5209803548547,204.2974090576172,33979700
2020-11-25,MSFT,205.49147460908594,205.6634190108347,202.95997374000245,204.30691528320312,21012900
2020-11-27,MSFT,205.24314147743166,206.59964544209117,204.46934780485185,205.60614013671875,14512200
2020-11-30,MSFT,204.52665850131285,205.1571359367757,201.41241802939734,204.4980010986328,33064800
2020-12-01,MSFT,204.918345666345,207.60271092943285,203.8102252491727,206.54234313964844,30904500
2020-12-02,MSFT,205.27177229501723,205.83538729489786,203.28477651814012,205.73985290527344,23724500
2020-12-03,MSFT,205.0138819825868,206.70474189587586,204.0968012194373,204.66043090820312,25120900
2020-12-04,MSFT,204.64128501141468,205.74941981992606,203.6477798118867,204.7750244140625,24666000
2020-12-07,MSFT,204.7845850033911,205.90226749133078,203.46630068701492,204.70816040039062,24620000
2020-12-08,MSFT,204.40248092390664,207.24922820799597,203.37077062615214,206.35125732421875,23284100
2020-12-09,MSFT,205.53924307323217,205.60610548215897,201.76586805434036,202.32948303222656,32440600
2020-12-10,MSFT,202.30087296767672,203.55229500263158,200.9539165244717,201.1067657470703,26733300
2020-12-11,MSFT,200.65775387019116,203.7815420297955,199.75978302617932,203.72421264648438,30979400
2020-12-14,MSFT,203.57132614542627,206.54226434546936,203.36116218968058,204.62213134765625,28798400
2020-12-15,MSFT,205.54880373486253,205.78762513826916,202.74982388365729,204.55531311035156,27000600
2020-12-16,MSFT,205.14757883974474,210.2679101449516,205.11892143839012,209.4750213623047,35023300
2020-12-17,MSFT,210.03865554331327,211.01305100787835,208.17585140260252,209.60877990722656,32515800
2020-12-18,MSFT,208.81591796875,209.86673817152717,206.36084106081339,208.81591796875,63354900
2020-12-21,MSFT,207.82237587263162,213.98396480092967,207.56444469078173,212.6370086669922,37181900
2020-12-22,MSFT,212.7325592225708,215.5411013062933,211.93012279193636,213.92666625976562,22612200
2020-12-23,MSFT,213.1337656474204,213.5636412417296,210.92705829699878,211.13722229003906,18699600
2020-12-24,MSFT,211.51933959585654,213.6114174296126,211.30917559396767,212.7898712158203,10550600
2020-12-28,MSFT,214.41384178664234,215.92319472597202,213.04779042772108,214.9010467529297,17933500
2020-12-29,MSFT,216.19066325935648,217.02175699558643,213.5827378764795,214.1272430419922,17403200
2020-12-30,MSFT,215.15895141354764,215.54107436358564,211.56708314219108,211.76768493652344,20272300
2020-12-31,MSFT,211.78677219702652,213.02864614365694,209.8570915900007,212.47457885742188,20942100
2021-01-04,MSFT,212.5796787329613,213.0286640789787,205.20487359065424,207.9561004638672,37130100
2021-01-05,MSFT,207.54532561749676,208.7489946946385,206.05508254722616,208.15670776367188,23823000
2021-01-06,MSFT,202.6829748052678,206.8098162211592,202.46326316529786,202.7593994140625,35930700
2021-01-07,MSFT,204.46934784854162,209.53236504897438,204.1541163901864,208.52931213378906,27694500
2021-01-08,MSFT,208.90186433865418,210.71691586641606,207.32564880606074,209.79983520507812,22956200
2021-01-11,MSFT,208.70126684156315,209.12159487937964,207.0390644856078,207.7650909423828,23031300
2021-01-12,MSFT,206.81932437348303,207.392501541839,203.78152328009872,205.31951904296875,23249300
2021-01-13,MSFT,204.45024867204106,207.06772214925758,204.36426188128715,206.66650390625,20087100
2021-01-14,MSFT,206.2557551649048,207.73645103135723,203.22750100753655,203.49497985839844,29480800
2021-01-15,MSFT,203.97255724393224,204.91828052845557,202.54917664882714,203.14144897460938,31746500
2021-01-19,MSFT,204.1923183200217,207.27788704877008,203.12240300079074,206.7620391845703,30480900
2021-01-20,MSFT,207.9656955997527,215.69395347478093,207.57402496133145,214.3087921142578,37777300
2021-01-21,MSFT,214.65266756607497,216.18113032934212,212.47461760314508,214.9105987548828,30709400
2021-01-22,MSFT,216.92626393198466,219.7825732306377,215.70349948425073,215.84678649902344,30172700
2021-01-25,MSFT,218.87502253781977,219.5055145049017,214.19412913094075,219.26669311523438,33152100
2021-01-26,MSFT,221.49251241957313,223.7087673579532,219.7921052743459,221.94149780273438,49169600
2021-01-27,MSFT,227.3580012073378,229.6889006948132,219.8494548701194,222.4860382080078,69870600
2021-01-28,MSFT,225.07481292990053,231.7904687002361,224.57806039798888,228.24635314941406,49111200
2021-01-29,MSFT,225.43788939573474,227.3771183021634,221.00536409868295,221.5880889892578,42503100
2021-02-01,MSFT,224.54946135808032,231.65678952141076,222.03705522373815,228.93421936035156,33314200
2021-02-02,MSFT,230.51043029200613,231.47526355109804,228.0171341621031,228.8004608154297,25916300
2021-02-03,MSFT,228.85779186575422,234.13095819780892,228.5616410677944,232.13441467285156,27158100
2021-02-04,MSFT,231.80961934520695,232.36368677142988,229.6220070436973,231.1886749267578,25296100
2021-02-05,MSFT,231.3988051042703,232.40185780549683,229.66974066267514,231.37014770507812,18054800
2021-02-08,MSFT,232.27768473686635,232.78398493204895,230.04231996079577,231.6280975341797,22211900
2021-02-09,MSFT,231.0549435728777,233.81571861476473,230.58686291698683,232.8699951171875,23565000
2021-02-10,MSFT,234.04499444872175,234.92385553583864,230.11876967307288,231.9624786376953,22186700
2021-02-11,MSFT,233.83482672549016,234.1882777613112,231.32242073183644,233.55780029296875,15751100
2021-02-12,MSFT,233.02284628528176,234.3315976764022,231.87650629918292,234.03546142578125,16561100
2021-02-16,MSFT,234.07364754036084,235.12446761239,232.05799418510682,232.80311584472656,26728500
2021-02-17,MSFT,231.06048965921218,233.92336296711304,230.69664036520157,233.8180389404297,21653500
2021-02-18,MSFT,231.5200582564853,233.5594929778077,230.62001931004644,233.42544555664062,16925600
2021-02-19,MSFT,233.38715100673053,233.49247502338264,229.96891987453535,230.725341796875,25262600
2021-02-22,MSFT,227.3263114113373,227.8146239838804,222.51972787444564,224.54002380371094,36446900
2021-02-23,MSFT,220.53771150889756,224.84639771521285,219.0057283470669,223.35272216796875,30228700
2021-02-24,MSFT,220.23132914634272,225.20068336242525,219.26427363578588,224.5783233642578,26339700
2021-02-25,MSFT,222.21328121333582,224.61656504128703,218.19184422785054,219.25465393066406,39542200
2021-02-26,MSFT,221.68671096867462,225.3634533466254,219.78130875334585,222.50057983398438,37819200
2021-03-01,MSFT,225.87090575494236,227.37416554950934,223.2378196722922,226.86669921875,25324000
2021-03-02,MSFT,226.93367423037418,227.2113532573463,223.52502757011894,223.9271697998047,22812500
2021-03-03,MSFT,222.28990807796603,223.64953616836328,217.59821886567516,217.88546752929688,34029500
2021-03-04,MSFT,217.10032822667858,222.60587139092198,214.7257530035434,217.0907440185547,44727800
2021-03-05,MSFT,219.76213575150246,223.3527073519188,216.83223166317447,221.7537078857422,41872800
2021-03-08,MSFT,221.5334915341693,223.44846319176875,217.473760970506,217.7227020263672,35267400
2021-03-09,MSFT,222.97928734112668,225.37300172907223,221.82072314892886,223.8410186767578,33080500
2021-03-10,MSFT,226.9241044948039,226.9241044948039,222.17496912842194,222.538818359375,29746800
2021-03-11,MSFT,224.97085693103975,229.0018637332939,224.3484824311404,227.04859924316406,29907600
2021-03-12,MSFT,224.0612490943871,225.79431068260828,223.31441133153996,225.72727966308594,22653700
2021-03-15,MSFT,224.97085635878273,225.19107398861252,221.9547675055726,224.8272247314453,26034900
2021-03-16,MSFT,226.23476099250502,229.85405642506078,225.90921930197513,227.60397338867188,28092200
2021-03-17,MSFT,226.11027106399007,228.40824580326876,223.31441421643075,226.96243286132812,29562100
2021-03-18,MSFT,222.6729340017837,224.23364080219395,220.53774438759623,220.91116333007812,34833000
2021-03-19,MSFT,221.19836796447422,222.58671941704526,219.5993684724705,220.55685424804688,46430700
2021-03-22,MSFT,220.48027202322757,226.82839330995083,220.35579418679632,225.95709228515625,30127000
2021-03-23,MSFT,227.3932914605699,230.8019383245051,226.99114920685457,227.47946166992188,31638400
2021-03-24,MSFT,227.73803680966364,227.88165385671942,225.31559854881638,225.44964599609375,25620100
2021-03-25,MSFT,225.29638327764653,226.86665920740955,221.72496578441863,222.46221923828125,34061900
2021-03-26,MSFT,221.70585594983098,226.64648654164532,221.70585594983098,226.42625427246094,25479900
2021-03-29,MSFT,226.53156497693166,226.73264342608155,222.02181497962823,225.2389678955078,25227500
2021-03-30,MSFT,223.60165689388273,223.90805936160643,221.27497342116027,221.9930877685547,24792000
2021-03-31,MSFT,223.0079742706631,228.9348124634575,222.510077668584,225.7463836669922,43623500
2021-04-01,MSFT,228.33162726205853,232.51583530133811,227.92948500151644,232.0466766357422,30338000
2021-04-05,MSFT,232.4392400726803,239.333149299018,232.38179326413973,238.48098754882812,36910600
2021-04-06,MSFT,237.08306201915883,238.7969551907756,236.38410146861867,237.3224334716797,22931900
2021-04-07,MSFT,237.27453885214405,240.26188968522158,236.68090236866658,239.2756805419922,22719800
2021-04-08,MSFT,242.02370250858237,243.33545344847238,241.28643431291647,242.48329162597656,23625200
2021-04-09,MSFT,242.1194446802093,245.1068104974857,241.70773277335192,244.97276306152344,24326800
2021-04-12,MSFT,243.88124746804633,246.7154122470637,243.7950626307561,245.0302276611328,27148700
2021-04-13,MSFT,246.32282985291565,248.17077061108847,245.91108871216403,247.50051879882812,23837500
2021-04-14,MSFT,246.53344753840463,247.82602995681816,244.3120735305234,244.72378540039062,23070900
2021-04-15,MSFT,246.96433046053886,248.87930225500537,246.7728508131826,248.46759033203125,25627500
2021-04-16,MSFT,248.43881933651508,249.9037713098706,246.64832572687448,249.65481567382812,24878600
2021-04-19,MSFT,249.12823427121432,250.3633991429451,246.85899758557616,247.7398681640625,23209300
2021-04-20,MSFT,246.85899261240542,249.13781346064496,245.92064602191053,247.28028869628906,19722900
2021-04-21,MSFT,247.93138636220118,249.59740237748605,246.31323295097548,249.50164794921875,24030400
2021-04-22,MSFT,249.14736906186104,250.65062876395623,244.77166660182715,246.23663330078125,25606200
2021-04-23,MSFT,246.91645610073897,250.3921344174807,246.33237453675008,250.04742431640625,21462600
2021-04-26,MSFT,250.53574329781782,251.282581069,249.10909877572388,250.43040466308594,19763300
2021-04-27,MSFT,250.45905562601865,252.00062254561348,249.06113491406884,250.83248901367188,31014200
2021-04-28,MSFT,245.19296257106504,245.6334270987041,242.19604180812823,243.7375946044922,46903100
2021-04-29,MSFT,244.59936017389475,245.21215057985066,238.41399468652585,241.77476501464844,40589000
2021-04-30,MSFT,239.12250247688505,242.32050145587482,238.9884550529176,241.45875549316406,30945100
2021-05-03,MSFT,242.6268652675503,243.53648835085653,240.44379908775937,241.15234375,19626600
2021-05-04,MSFT,240.30024498306622,240.53004686585734,235.3117368601184,237.25543212890625,32756100
2021-05-05,MSFT,238.47141614100633,238.89271223968217,235.36917143271003,235.9915313720703,21901300
2021-05-06,MSFT,235.97240808645617,239.23743866343187,234.28723808386033,239.1129608154297,26491100
2021-05-07,MSFT,241.43006529011436,243.488668753516,240.49173319330328,241.72689819335938,27032900
2021-05-10,MSFT,240.2044814866749,241.02791993969205,236.61390938515967,236.67135620117188,29299900
2021-05-11,MSFT,234.15311934831823,236.1159678588581,232.25730184631848,235.76168823242188,33641600
2021-05-12,MSFT,231.8743396289335,233.9903897227852,227.948656527006,228.839111328125,36684400
2021-05-13,MSFT,231.5200809218459,235.15853006552896,231.15623162445522,232.69778442382812,29624300
2021-05-14,MSFT,235.13936672439027,238.58630687070132,235.05319650799913,237.60009765625,23901100
2021-05-17,MSFT,236.0680977160774,236.10639071490897,233.16691726968943,234.75633239746094,24970200
2021-05-18,MSFT,235.80001784180902,235.93406526132515,232.57328095548002,232.74563598632812,20168000
2021-05-19,MSFT,229.6650298465588,233.42703939757578,228.98365334584912,233.32147216796875,25739800
2021-05-20,MSFT,234.12762575703587,237.95680642050272,234.03165022443645,236.54605102539062,21800700
2021-05-21,MSFT,237.59208362345646,238.3214477349381,234.87614061014176,235.28880310058594,21863100
2021-05-24,MSFT,237.8032161031035,241.03740363053382,237.53450222431155,240.67271423339844,21411500
2021-05-25,MSFT,241.62289316938077,242.56339203327786,240.7111840410449,241.5749053955078,17704300
2021-05-26,MSFT,241.2964861088864,242.7456372087922,240.643899512118,241.3540802001953,17771600
2021-05-27,MSFT,241.04704531418864,241.3445489814195,239.2044292015683,239.2620086669922,24426200
2021-05-28,MSFT,240.88388744430432,241.920361705306,239.50192176296875,239.61708068847656,18270200
2021-06-01,MSFT,241.104626145466,241.16220561121608,237.00673129893212,237.42898559570312,23213300
2021-06-02,MSFT,238.1295578675878,239.22361157042198,235.9318441224372,237.3330078125,19406700
2021-06-03,MSFT,235.33682647405521,236.41168209445024,233.20629862376543,235.8070831298828,25307700
2021-06-04,MSFT,237.77444746130055,241.50766701250188,237.53452328797448,240.6823272705078,25281100
2021-06-07,MSFT,239.90497213832194,243.84932608170533,239.74182545986196,243.5806121826172,23079200
2021-06-08,MSFT,244.87625158398234,245.69199976341898,242.33304614702865,242.39064025878906,22455000
2021-06-09,MSFT,243.58062603040793,245.23130558654012,243.00481677554484,243.36949157714844,17937600
2021-06-10,MSFT,244.04124291847,247.0834793950277,243.4462357101778,246.87234497070312,24563600
2021-06-11,MSFT,247.5921468031884,248.0719951619915,246.26776064687272,247.49620056152344,18999700
2021-06-14,MSFT,247.50575689635525,249.47315257534447,246.45008473782653,249.4155731201172,19150500
2021-06-15,MSFT,249.30042636423005,249.5115608310335,247.29466357340826,247.94725036621094,18038900
2021-06-16,MSFT,248.94530582063734,250.07774084164856,244.16602059107635,247.00672912597656,27220000
2021-06-17,MSFT,245.74947520904087,251.2005439767201,245.69189576546484,250.38479614257812,27565500
2021-06-18,MSFT,249.1660416179004,251.7284152280359,248.32150389448208,248.97409057617188,37202200
2021-06-21,MSFT,249.34840535412337,252.89926559620372,247.52498746898814,252.04515075683594,26696100
2021-06-22,MSFT,252.13145962456645,255.07773483816592,251.82434972288047,254.80902099609375,24694100
2021-06-23,MSFT,255.26973345347702,256.0758752225199,253.77260884130868,254.57875061035156,19518700
2021-06-24,MSFT,255.43285975794427,257.0547494132898,254.77066673711718,255.94149780273438,21446900
2021-06-25,MSFT,255.50004490547056,256.4789249266626,254.08928968479023,254.3387908935547,25611100
2021-06-28,MSFT,255.46158719810424,258.06235624298955,255.19287337746232,257.8896179199219,19590000
2021-06-29,MSFT,258.03366875564717,260.7016246346419,257.17955385033815,260.4617004394531,19937800
2021-06-30,MSFT,259.7803139253489,260.42329434263524,258.7342479891088,259.9818420410156,21656500
2021-07-01,MSFT,258.7437788756873,260.8839127760859,258.7342018255398,260.6535949707031,16725300
2021-07-02,MSFT,261.8244857323976,266.7957080842182,261.517375730034,266.4598083496094,26458000
2021-07-06,MSFT,266.8244434060529,268.1104333301389,263.24476455954283,266.4693603515625,31565600
2021-07-07,MSFT,268.13925010791996,269.3772670421519,265.97993254914314,268.64788818359375,23260000
2021-07-08,MSFT,265.7401050538773,267.49636704168825,263.7919212302574,266.2391662597656,24618600
2021-07-09,MSFT,264.60757033893503,266.84365072149694,264.2236975236495,266.73809814453125,23916700
2021-07-12,MSFT,267.9090582245252,268.49445942428184,265.4330231920144,266.1432189941406,18931700
2021-07-13,MSFT,266.3350372176916,271.45023740575635,266.2103012391227,269.6556091308594,26120100
2021-07-14,MSFT,270.9704073941302,272.2276079057793,269.2429355174447,271.12396240234375,23113700
2021-07-15,MSFT,270.6345204272743,271.1239752085975,268.55196530906284,269.70361328125,22604200
2021-07-16,MSFT,270.7016516270204,272.6498347308158,268.19682804350134,269.4348449707031,26186800
2021-07-19,MSFT,267.688182240101,269.0701477729701,263.38875994905754,265.8455810546875,32935600
2021-07-20,MSFT,266.82448300692533,269.6459937608424,265.12583032349374,268.0625,26259700
2021-07-21,MSFT,267.6594129528652,270.173813707087,266.11431527092736,270.05865478515625,24364300
2021-07-22,MSFT,272.40037599811654,274.87641050496023,271.99731968429404,274.6076965332031,23384100
2021-07-23,MSFT,275.78804130305343,278.30244201944714,274.9531098439966,277.995361328125,22768100
2021-07-26,MSFT,277.3523869804331,278.0145801435692,275.0875164942922,277.4003601074219,23176100
2021-07-27,MSFT,277.76502450299625,277.9089731585834,271.54620828066527,274.99151611328125,33604100
2021-07-28,MSFT,277.34279811505564,278.45605003500003,272.39075859018243,274.6844482421875,33566900
2021-07-29,MSFT,274.703624957285,276.9877082127005,274.5500699423065,274.9531555175781,18168300
2021-07-30,MSFT,273.676715567838,275.1066542513288,272.46748837703086,273.42718505859375,20944800
2021-08-02,MSFT,274.8187628216139,275.212242025892,272.30436188036447,273.3408508300781,16267400
2021-08-03,MSFT,273.91665931799884,275.6537080927837,272.5538770462147,275.5481262207031,17879000
2021-08-04,MSFT,274.68438727940855,275.99916705627766,273.1776564498441,274.96270751953125,16191300
2021-08-05,MSFT,275.31782556305,277.9569917907823,274.569263222689,277.8514099121094,13900200
2021-08-06,MSFT,276.88206803398026,277.832158270537,276.0279240247651,277.79376220703125,16589300
2021-08-09,MSFT,278.07219419100153,279.79963700414334,276.2103797453838,276.70941162109375,16117600
2021-08-10,MSFT,277.16040859309794,277.5922838439448,273.70552373680465,274.8955383300781,18616600
2021-08-11,MSFT,275.6345110192113,277.0260831007816,274.3389144756151,275.385009765625,13955900
2021-08-12,MSFT,275.0778712144452,278.2832546943312,274.7995509694879,278.12969970703125,14561300
2021-08-13,MSFT,277.81303719840986,281.09518381779094,277.64026951768847,281.0472106933594,18249000
2021-08-16,MSFT,281.37341744639224,282.93772741778326,278.33116667356506,282.7265930175781,22507600
2021-08-17,MSFT,280.60574999790174,281.60381354222284,279.3485202964206,281.2679138183594,20075300
2021-08-18,MSFT,280.80629864325465,283.4793610477403,279.1043652829146,279.54669189453125,21813000
2021-08-19,MSFT,277.5852791245708,286.0275472712108,277.5372141574895,285.3544616699219,29850500
2021-08-20,MSFT,288.1909033414219,294.07548533155943,286.59475375852804,292.65240478515625,40817600
2021-08-23,MSFT,291.5851936801916,293.6524859694501,290.23905191116444,292.93133544921875,22830200
2021-08-24,MSFT,293.287107016583,293.89287816648005,290.3832847329818,290.97943115234375,18175800
2021-08-25,MSFT,292.59474421285233,292.8735972507259,288.86401745475416,290.3928527832031,20006100
2021-08-26,MSFT,289.4121138382239,290.7967251675743,287.4506055747187,287.585205078125,17666100
2021-08-27,MSFT,287.4890486022759,289.29673726337023,285.4121315880625,288.19097900390625,22605700
2021-08-30,MSFT,289.53705863519326,292.5178193402861,289.4793689535972,291.91204833984375,16348100
2021-08-31,MSFT,292.71012628359654,292.7870360747933,289.902434734155,290.267822265625,26285300
2021-09-01,MSFT,291.2197911507648,293.4505570216653,289.89286956645867,290.21978759765625,18983800
2021-09-02,MSFT,290.5756073825475,291.69096108011354,288.6332897832502,289.56597900390625,16285600
2021-09-03,MSFT,289.4121123902904,290.96019740569926,288.7102113426839,289.5563659667969,14747900
2021-09-07,MSFT,289.43139052137866,289.50830033860336,286.7294820320938,288.63330078125,17180400
2021-09-08,MSFT,288.248626330133,289.04668654196234,286.0274854074498,288.6620788574219,15046800
2021-09-09,MSFT,289.24866239641324,290.5178943078141,285.5755955060056,285.81597900390625,19927000
2021-09-10,MSFT,286.9410140892641,288.38331521441347,284.01794225939454,284.3352355957031,19633400
2021-09-13,MSFT,286.1044662823442,287.05640501689754,282.7679417050382,285.5660095214844,23652900
2021-09-14,MSFT,288.0371068920759,289.7967304480166,286.6332755453167,288.2582702636719,21853400
2021-09-15,MSFT,291.594827334741,293.57558514343583,290.2102159460255,293.0948181152344,28356300
2021-09-16,MSFT,292.07553887775646,293.565904644582,289.19093725653136,293.4793701171875,19550800
2021-09-17,MSFT,292.469819016164,292.7871123350573,288.0082870289444,288.335205078125,41372500
2021-09-20,MSFT,284.9313131787065,287.2293931677513,278.3832700003604,282.9794006347656,38278700
2021-09-21,MSFT,284.3159844038209,286.09482813249366,282.7583040538949,283.460205078125,22364100
2021-09-22,MSFT,285.3160036325235,288.6717480113228,283.18139690958066,287.0948181152344,26626300
2021-09-23,MSFT,287.35442848279695,289.32556135418525,286.085196618995,288.037109375,18604600
2021-09-24,MSFT,286.7582917069234,288.26787776636394,285.5082799167376,287.835205078125,14999000
2021-09-27,MSFT,284.7487769357981,285.06607033827675,281.6718554896588,282.85455322265625,23571700
2021-09-28,MSFT,278.6525374846611,279.59485135493725,271.87373461890644,272.6141052246094,43186200
2021-09-29,MSFT,274.1333463335849,275.73909166392633,272.1237438163445,273.0756530761719,26353700
2021-09-30,MSFT,274.71987639892257,276.7583238245585,270.7872057817873,271.07568359375,32343600
2021-10-01,MSFT,271.26797413672585,278.8256468235506,270.4699138080857,277.9794921875,30086300
2021-10-04,MSFT,276.3448372844205,276.68138001851474,269.46987576086445,272.2198486328125,31350700
2021-10-05,MSFT,273.1236812465694,279.2294271274474,273.1236812465694,277.65252685546875,24993000
2021-10-06,MSFT,274.78714430445336,282.3351909458261,274.52754072695535,281.8351745605469,28002600
2021-10-07,MSFT,283.8255329809802,285.229393421509,282.6140203768225,283.50823974609375,20430500
2021-10-08,MSFT,284.82553632433496,285.229393421509,282.46017145140775,283.50823974609375,17685700
2021-10-11,MSFT,281.65259355026353,286.50832922582435,281.4891198350352,282.9122009277344,19298600
2021-10-12,MSFT,283.97950161218665,284.07566089906516,281.1045237997955,281.6141357421875,17974100
2021-10-13,MSFT,283.56602852194857,285.8448596726452,282.2006371715357,284.91217041015625,23416300
2021-10-14,MSFT,287.700592428169,291.6044182903468,286.3736707555064,291.10443115234375,27262900
2021-10-15,MSFT,290.71014559366176,292.7389973101157,288.96014691464524,292.5082092285156,25384800
2021-10-18,MSFT,291.89281968974484,296.35432121688916,291.0466652595065,295.4697265625,22729300
2021-10-19,MSFT,296.48903662007575,297.4024763811832,295.4024984250073,296.3736572265625,17682100
2021-10-20,MSFT,297.31586265453666,297.7870341774877,294.3351019599555,295.5851135253906,16537100
2021-10-21,MSFT,295.3544316768825,299.0563143524255,294.5755620879851,298.80633544921875,16918100
2021-10-22,MSFT,298.46011490450775,299.1235756390308,295.960120910737,297.267822265625,17449300
2021-10-25,MSFT,297.4601644586546,297.49863403751334,294.6717215370627,296.2774963378906,17554500
2021-10-26,MSFT,299.03705370094167,300.3831953408259,296.7293781263278,298.1812744140625,28107300
2021-10-27,MSFT,303.8447708537641,313.55627098080305,303.8447708537641,310.7389831542969,52588700
2021-10-28,MSFT,311.85437724483006,312.3736139341763,308.9986194689687,311.8736267089844,26297900
2021-10-29,MSFT,311.6620115299265,319.2292792064878,311.44084815229064,318.8638916015625,34766000
2021-11-01,MSFT,318.6139133681184,318.7389174914313,313.81586777864834,316.7004699707031,27073200
2021-11-02,MSFT,317.60426323174084,320.6234937918966,317.3061900673543,320.3157958984375,26487100
2021-11-03,MSFT,321.05621499337065,322.017749048064,317.93122931561726,321.1523742675781,21500100
2021-11-04,MSFT,320.08507064099814,323.59466390839987,316.83508099254163,323.4985046386719,23992200
2021-11-05,MSFT,325.48885700223303,325.75808532637757,321.5561867864097,323.1330871582031,22570100
2021-11-08,MSFT,324.32538640649415,324.6619291544204,321.57541342152103,324.0273132324219,20897000
2021-11-09,MSFT,324.14275856066826,325.6908437786289,321.6620134005641,323.02740478515625,21307400
2021-11-10,MSFT,321.7004105931885,321.75810028088216,317.2292837348111,318.0754089355469,25500900
2021-11-11,MSFT,318.50815807964443,320.93121335247633,317.79663226365136,319.64276123046875,16849800
2021-11-12,MSFT,321.07544724155895,324.2581224444753,320.95044312615977,323.7677307128906,23831000
2021-11-15,MSFT,324.55612553078606,324.8830434999955,321.18113251879515,323.1426696777344,16723000
2021-11-16,MSFT,322.767777728909,327.56585311043665,322.60433335521935,326.4504699707031,20886800
2021-11-17,MSFT,326.49861134342495,329.6293143564149,325.59311335095464,326.6719970703125,19053400
2021-11-18,MSFT,325.7664394516795,329.87971962558396,324.7453511615108,328.7430114746094,22463500
2021-11-19,MSFT,330.06275288893943,332.4324456190178,329.63890158471446,330.5154724121094,21963400
2021-11-22,MSFT,331.9700474366429,336.8346949958714,327.0861445993955,327.3558654785156,31031100
2021-11-23,MSFT,324.6778802533964,326.98980687418253,321.31599723176595,325.2847595214844,30427600
2021-11-24,MSFT,323.9361753313232,325.74717091105794,321.65317557932343,325.50634765625,21661300
2021-11-26,MSFT,322.07705238453224,325.5256287318422,316.0757258160542,317.5784606933594,24217200
2021-11-29,MSFT,322.64540869619697,326.585274135935,322.4527383080336,324.27337646484375,28563500
2021-11-30,MSFT,323.01143434180807,325.38112702645924,316.9137728395476,318.4550476074219,42885600
2021-12-01,MSFT,322.82839247617034,326.8260526046821,317.2990999831267,317.9637451171875,33337600
2021-12-02,MSFT,318.1757424602907,321.2486502191634,315.76750938263973,317.3954772949219,30766000
2021-12-03,MSFT,319.8036737217345,320.48763300351385,306.3561099885442,311.1533203125,41779300
2021-12-06,MSFT,312.0587251594173,315.4302500765392,307.5119818095754,314.21649169921875,30032600
2021-12-07,MSFT,319.46658948224007,323.47386355690173,317.98310963695894,322.6261901855469,31021900
2021-12-08,MSFT,323.0017714613644,323.1847994820111,318.6573106513333,322.67425537109375,24761000
2021-12-09,MSFT,322.1348670016077,324.13850382611764,319.92891744874584,320.8729553222656,22214200
2021-12-10,MSFT,322.68393709248,330.4095372641144,322.5009090494943,329.9664306640625,38095700
2021-12-13,MSFT,328.17472556559255,331.17058275210826,326.6334505414845,326.94171142578125,28899400
2021-12-14,MSFT,320.9885647798209,322.35645407358095,312.2129483454999,316.2876892089844,44438700
2021-12-15,MSFT,316.54772931653724,322.8862143337398,312.5886088133381,322.36602783203125,35381100
2021-12-16,MSFT,323.3871030361662,324.39857838163,311.1629118249928,312.9739074707031,35034800
2021-12-17,MSFT,309.101507137352,312.993219650069,305.6047483392989,311.914306640625,47750300
2021-12-20,MSFT,308.3018684189948,310.9509237868727,305.9129209379131,308.1670227050781,28326500
2021-12-21,MSFT,311.42304210587787,315.7000659257097,308.06112911488344,315.2762145996094,24740600
2021-12-22,MSFT,316.24913921677904,321.36422365049356,313.7927533668709,320.96929931640625,24831500
2021-12-23,MSFT,320.5357805584728,324.04218156998655,320.5165252794348,322.4045715332031,19617800
2021-12-27,MSFT,323.14632143413695,329.908658361648,323.1174238146764,329.8797607421875,19947000
2021-12-28,MSFT,330.5540058070814,331.18978275080303,327.827899397402,328.7237548828125,15661500
2021-12-29,MSFT,328.7719682057402,331.6618479007126,327.21143787403537,329.39813232421875,15042000
2021-12-30,MSFT,329.35951889161,330.53473754796454,326.3829469974742,326.8645935058594,15994500
2021-12-31,MSFT,326.084284181864,326.9030596169077,323.52192157793206,323.97467041015625,18000800
2022-01-03,MSFT,323.04032300520043,325.5930436513956,317.6747737807834,322.46234130859375,28865100
2022-01-04,MSFT,322.5393874417457,322.89583055126775,314.1491135080895,316.93304443359375,32674300
2022-01-05,MSFT,313.89866197929246,314.1009746877151,304.3813512536725,304.76666259765625,40054300
2022-01-06,MSFT,301.6552144415301,307.0015085378214,300.05614444176234,302.3584289550781,39646100
2022-01-07,MSFT,302.61852137240913,304.88226603603744,298.7075537396608,302.5125732421875,32720000
2022-01-10,MSFT,298.1296207831316,303.1676551016723,293.50582490722064,302.7341613769531,44289500
2022-01-11,MSFT,301.8768462438373,304.98826465644487,298.51496217670007,303.4181213378906,29386800
2022-01-12,MSFT,307.93588346156525,311.538589841844,305.44092874443083,306.5872497558594,34372200
2022-01-13,MSFT,308.7064764785824,309.1014300948054,292.84104125820534,293.6116638183594,45366000
2022-01-14,MSFT,293.0819317744249,299.4107746285059,292.6002852144012,298.81353759765625,39846400
2022-01-18,MSFT,292.9085692050015,298.4282204045511,290.6640795954702,291.5406799316406,42333200
2022-01-19,MSFT,295.0470165949494,302.38730443677275,291.5887983066239,292.1956481933594,45933900
2022-01-20,MSFT,297.72500596711825,300.21028923440434,290.0860987267936,290.5292053222656,35380700
2022-01-21,MSFT,291.5792015826187,292.94706137271686,284.7590697196657,285.1636657714844,57984400
2022-01-24,MSFT,281.47429461593225,286.2040385232011,265.9170853754429,285.4912109375,85731500
2022-01-25,MSFT,280.81919810306823,284.1618263856482,274.70231034504417,277.9004211425781,72848600
2022-01-26,MSFT,296.6846403493407,297.17592925056107,282.27378342148563,285.8186950683594,90428900
2022-01-27,MSFT,291.55032568742257,296.0199908832467,286.9939382332395,288.8338317871094,53481300
2022-01-28,MSFT,289.2094904507192,297.1566583183815,283.64165765387617,296.9447326660156,49743700
2022-01-31,MSFT,297.6094269927924,300.91351540352434,295.124114232146,299.5649108886719,46444500
2022-02-01,MSFT,299.01585004253747,299.2277757254821,293.92966304924204,297.4264221191406,40950400
2022-02-02,MSFT,298.26436722098947,303.5528355137346,297.54189758985535,301.9537658691406,36636000
2022-02-03,MSFT,298.12957287633566,299.8057228648471,288.9493907856898,290.1920471191406,43730000
2022-02-04,MSFT,289.1901897878569,297.4648733158477,288.95900886982764,294.7098693847656,35096500
2022-02-07,MSFT,294.931467433284,296.5401504808717,288.89160075762936,289.903076171875,28533300
2022-02-08,MSFT,290.192026095255,294.343816714322,288.9397569117174,293.3805236816406,32421200
2022-02-09,MSFT,298.4956287595179,300.4800101974915,296.10668068130565,299.78643798828125,31284700
2022-02-10,MSFT,292.879679406839,297.77319603906335,289.6622835734979,291.2806091308594,45386200
2022-02-11,MSFT,292.06082398149493,293.12045222250043,283.4200840938403,284.2099914550781,39175600
2022-02-14,MSFT,282.98664750834394,285.8669143164562,280.6554943055546,284.1715087890625,36359500
2022-02-15,MSFT,288.9975672412042,289.7585476106749,286.11730093278925,289.440673828125,27058300
2022-02-16,MSFT,288.0120371225755,290.42524925713894,283.484848801482,289.1028137207031,29982100
2022-02-17,MSFT,286.07179689190673,286.4965245719969,279.9325995384942,280.63726806640625,32461600
2022-02-18,MSFT,282.87670175552876,283.65858009488875,276.3706915634675,277.9344482421875,34264000
2022-02-22,MSFT,275.106174591051,281.4191455825817,274.6235321794877,277.73175048828125,41736100
2022-02-23,MSFT,280.10641436358,281.573666522266,270.37635382579157,270.5404357910156,37811200
2022-02-24,MSFT,263.0498313930732,284.9135313013762,262.0941791874867,284.3633117675781,56989700
2022-02-25,MSFT,284.89426986554474,287.29782043336456,281.525404701234,286.9889221191406,32546700
2022-02-28,MSFT,284.0929935575526,288.7553360718081,282.8284727085798,288.41748046875,34627500
2022-03-01,MSFT,286.1104303022666,289.5565043668673,282.00796959435814,284.7107849121094,31217800
2022-03-02,MSFT,285.10651756719705,291.00442328606925,283.504170648304,289.76885986328125,31873000
2022-03-03,MSFT,292.37509981281175,292.6067587164932,283.84195705729525,285.6470642089844,27314500
2022-03-04,MSFT,284.07375111161906,285.3961869424116,277.20092613588724,279.7975158691406,32356500
2022-03-07,MSFT,278.5136987489001,279.63343295977313,268.86084809464484,269.2276611328125,43157200
2022-03-08,MSFT,268.1561220285429,274.1022802945537,260.6269119121218,266.2738342285156,48159500
2022-03-09,MSFT,273.60034117475794,279.5464994060376,271.03267993001293,278.48468017578125,35204500
2022-03-10,MSFT,273.1949308694663,276.65066742284495,270.83963327856327,275.67572021484375,30628000
2022-03-11,MSFT,277.9634336750457,279.4596429563479,269.7295545935928,270.34735107421875,27209300
2022-03-14,MSFT,270.6079583933382,275.4922975054639,266.2448813621328,266.8433532714844,30660700
2022-03-15,MSFT,270.6175938370436,277.8282723185702,269.05383720748546,277.1815185546875,34245100
2022-03-16,MSFT,279.07358456747613,284.34406286615354,273.3687750703698,284.1703186035156,37826300
2022-03-17,MSFT,283.1084425886128,285.3478813742308,279.3245124712581,284.971435546875,30816600
2022-03-18,MSFT,285.11614983812484,290.55070765473886,282.56781343474125,290.00048828125,43390600
2022-03-21,MSFT,288.5140418634162,289.72064808863075,284.66253476098274,288.774658203125,28351200
2022-03-22,MSFT,289.3924537893616,294.4119479641465,288.39821134013704,293.50457763671875,27599700
2022-03-23,MSFT,290.0777796338965,292.7033557846491,287.3846264690427,289.0931701660156,25715400
2022-03-24,MSFT,288.75531685150304,293.6396557120755,287.96377622460426,293.5431213378906,24484500
2022-03-25,MSFT,294.63390450047564,294.89452080427003,288.90011015175327,293.1376953125,22566500
2022-03-28,MSFT,293.7651423882981,300.0105369064653,293.7651423882981,299.9140319824219,29578200
2022-03-29,MSFT,303.01258292097964,304.8562805932184,298.3212830440557,304.46051025390625,30393400
2022-03-30,MSFT,302.86785052906407,304.9818271718414,300.763506705358,302.96435546875,28163600
2022-03-31,MSFT,303.00296492746145,304.1999383958244,297.2016219305857,297.6070251464844,33422100
2022-04-01,MSFT,298.6301848769681,299.36381082776825,294.9331566706007,298.678466796875,27110500
2022-04-04,MSFT,299.32529205785227,304.17101328520596,298.958478958834,304.035888671875,24289600
2022-04-05,MSFT,302.3947533501223,303.9392148944746,299.11279097971965,300.0877380371094,23156700
2022-04-06,MSFT,294.59528689562205,296.3424501243935,286.4096607302466,289.1028137207031,40110400
2022-04-07,MSFT,286.36150455996227,293.10883853038496,286.06226851131066,290.9079895019531,31411200
2022-04-08,MSFT,290.01021503016705,290.6666017314044,285.99462607140345,286.6606750488281,24361900
2022-04-11,MSFT,281.6605493335074,282.4520607322384,275.106255215354,275.35723876953125,34569300
2022-04-12,MSFT,279.1990191393396,280.64694661427023,270.7527755355778,272.2682800292969,30966700
2022-04-13,MSFT,272.91502579688114,278.5619192143064,271.53464592371415,277.63525390625,21907200
2022-04-14,MSFT,278.088924351685,278.3012882088098,269.6233863517897,270.11566162109375,28221600
2022-04-18,MSFT,269.2276132247998,272.65436281401867,268.67739376545774,270.7817077636719,20778000
2022-04-19,MSFT,269.6813121043786,276.2356051160154,268.7449845312876,275.3957824707031,22297700
2022-04-20,MSFT,279.35348107967593,279.64308426283594,275.46338359699905,276.41900634765625,22906700
2022-04-21,MSFT,278.5619611641617,283.1181080139608,270.3377427180526,271.06170654296875,29454600
2022-04-22,MSFT,271.90145264874303,273.36870459899797,263.8895994942571,264.51702880859375,29405800
2022-04-25,MSFT,263.8027323682706,271.351238292918,261.3701954398088,270.97479248046875,35678900
2022-04-26,MSFT,267.8665361916543,268.69666699273034,260.6269000783663,260.8392639160156,46518400
2022-04-27,MSFT,272.30688607431046,280.86895873505813,269.4689460085579,273.38800048828125,63477700
2022-04-28,MSFT,275.2896026631033,280.87861047579827,271.68907938541145,279.5754699707031,33646600
2022-04-29,MSFT,278.59087064005706,279.81680135936267,266.9012842301464,267.8858642578125,37073900
2022-05-02,MSFT,268.0692391635906,275.0482590184196,266.6309742081337,274.5945739746094,35151100
2022-05-03,MSFT,274.1023921740074,274.26650362859965,270.42465771699364,271.9980773925781,25978600
2022-05-04,MSFT,272.77986042090856,280.7820806094394,267.1233049625317,279.913330078125,33599300
2022-05-05,MSFT,275.627519716172,276.40939830190524,264.8163146554661,267.7218322753906,43260400
2022-05-06,MSFT,265.26995885904273,269.55582646003774,261.8528418348636,265.1927490234375,37780300
2022-05-09,MSFT,260.6848371526901,262.90498063444784,254.17882636789196,255.3950653076172,47726000
2022-05-10,MSFT,262.258232684761,264.24671703897735,255.86805194857527,260.1442565917969,39336400
2022-05-11,MSFT,256.4568751636927,261.9396861119795,250.29835302848662,251.5049591064453,48975900
2022-05-12,MSFT,248.7442826712676,250.8582590815856,241.3405488261486,246.4855194091797,51033800
2022-05-13,MSFT,248.41606249500785,253.90853565823974,246.485492791465,252.05517578125,34925100
2022-05-16,MSFT,250.9354501012321,256.5920348375694,246.9005663575993,252.4219970703125,32550900
2022-05-17,MSFT,256.87202986408874,259.014964181677,253.34874478351267,257.5574035644531,28828800
2022-05-18,MSFT,254.46125136602734,255.0417772364754,244.56339009492962,245.8308563232422,31356000
2022-05-19,MSFT,245.65667612599017,249.30429522500646,243.70226967132928,244.92135620117188,32692300
2022-05-20,MSFT,248.88824756705642,250.14605852725083,238.43890011882908,244.36019897460938,39199300
2022-05-23,MSFT,247.1950702704872,253.00993966850874,245.2019394152582,252.18753051757812,33175400
2022-05-24,MSFT,249.51718052656838,252.84546796218024,245.2696951051506,251.1909942626953,29043900
2022-05-25,MSFT,249.75905520569623,255.9899423675997,248.78183714380614,253.996826171875,28547900
2022-05-26,MSFT,253.7549092585627,258.43776617311875,252.9421849537325,257.2670593261719,25002100
2022-05-27,MSFT,259.7632762741946,264.4654725864212,258.8731329025277,264.36871337890625,26910800
2022-05-31,MSFT,263.6818188562503,265.8490837513658,260.1986934699792,263.0432434082031,37827700
2022-06-01,MSFT,266.26511923779674,268.674267192914,261.27264493032675,263.57537841796875,25292200
2022-06-02,MSFT,255.86416618600398,265.73298709587516,253.10669066458044,265.6652526855469,44008200
2022-06-03,MSFT,261.53391933554974,264.5719880166716,259.69561200341536,261.2533264160156,28059000
2022-06-06,MSFT,263.2270376292287,265.27820295854366,258.5441812387559,260.0245056152344,22400300
2022-06-07,MSFT,257.98310089876895,264.26238275252354,257.3058157580708,263.65283203125,22860700
2022-06-08,MSFT,262.8883657226509,264.13649147734486,260.85654065208814,261.6305847167969,17372300
2022-06-09,MSFT,259.08602995149107,263.8559613723618,256.0383063846379,256.193115234375,26439700
2022-06-10,MSFT,252.11977283149906,252.11977283149906,244.33114285896366,244.77621459960938,31422800
2022-06-13,MSFT,237.15208330254623,240.93514197775667,233.68831238194966,234.3946075439453,46135800
2022-06-14,MSFT,235.94263445006774,237.76160149558388,233.6689256431726,236.55218505859375,28651500
2022-06-15,MSFT,240.24816456305055,247.01122689050288,238.4195274205562,243.58615112304688,33111700
2022-06-16,MSFT,237.99380474825406,239.38705487358806,235.12991483585378,237.0166015625,33169200
2022-06-17,MSFT,236.7553385108733,242.3670332514068,236.10709312767509,239.60955810546875,43084800
2022-06-21,MSFT,242.13486575130284,246.47909535720655,241.40921581403924,245.50189208984375,29928300
2022-06-22,MSFT,243.7119356534914,248.82052450027996,242.24128106481916,244.91168212890625,25939900
2022-06-23,MSFT,247.2724645049341,250.94907881697276,245.3954477538114,250.45562744140625,25861400
2022-06-24,MSFT,253.30982219314234,259.2795140264686,253.2227477629766,259.00860595703125,33923200
2022-06-27,MSFT,259.50207429528484,259.589148741076,254.73214265073585,256.2898864746094,24615100
2022-06-28,MSFT,255.40943822517565,258.24430356414223,247.99812997940293,248.15293884277344,27295500
2022-06-29,MSFT,249.22683912522928,253.46463868195008,247.4562518414402,251.81016540527344,20069800
2022-06-30,MSFT,248.70438985080898,251.10388274506582,244.68913309560924,248.4915313720703,31730900
2022-07-01,MSFT,248.06586356040017,251.33610113526663,246.34364079711162,251.1522674560547,22837700
2022-07-05,MSFT,247.84325715699325,254.4418393123032,246.4693620667488,254.31605529785156,22941000
2022-07-06,MSFT,255.18686285339652,259.2891938730712,253.88068722348527,257.5669860839844,23824400
2022-07-07,MSFT,256.5123751272476,260.324457968474,256.4156159102422,259.6858825683594,20859900
2022-07-08,MSFT,256.1930642415837,259.3955960207404,254.7417647817811,258.9698791503906,19658800
2022-07-11,MSFT,257.0251525146876,257.87658633518555,253.66781160194918,255.92218017578125,19455200
2022-07-12,MSFT,257.2476978512468,257.3057474734128,243.8570289175313,245.43411254882812,35868500
2022-07-13,MSFT,242.06711128352157,245.31802312540924,240.05464064203076,244.5149688720703,29497400
2022-07-14,MSFT,242.43481984226366,246.85643923276575,237.95513605400782,245.8308563232422,25102800
2022-07-15,MSFT,247.41758340717305,251.91660674220472,246.49842984837338,248.38511657714844,29774100
2022-07-18,MSFT,251.3167481398981,252.3713557823353,245.07616196648328,245.9953155517578,20975000
2022-07-19,MSFT,249.2171954923263,251.2877307699049,245.44382181429663,251.10389709472656,25012600
2022-07-20,MSFT,251.4619400508237,256.27058252239965,250.50409137512708,253.75498962402344,22788300
2022-07-21,MSFT,251.35542487841855,256.2898494477531,248.68502415287526,256.241455078125,22404700
2022-07-22,MSFT,256.62848796970013,256.71556241158675,250.65882485957425,251.90692138671875,21881300
2022-07-25,MSFT,252.52614987417672,253.00991644481692,248.47218365007052,250.4265899658203,21056000
2022-07-26,MSFT,251.42314353761344,251.44251309723307,241.46724894665664,243.72158813476562,39348000
2022-07-27,MSFT,252.6810327285299,261.2823895198712,250.44603287969764,260.0149230957031,45994000
2022-07-28,MSFT,260.9921072574556,268.8194480987204,259.17313993208194,267.4358825683594,33459300
2022-07-29,MSFT,268.6839646557535,272.8443453449876,267.64869711004144,271.625244140625,32152800
2022-08-01,MSFT,268.8000835642348,272.14774020428075,266.8843571782586,268.9839172363281,21539600
2022-08-02,MSFT,267.0391735890701,268.8678255810628,263.53670799309106,265.8974914550781,22754200
2022-08-03,MSFT,267.7744965070368,274.29566079302055,267.6293429063653,273.2991027832031,23518900
2022-08-04,MSFT,272.65085351031576,274.58591997817257,271.07379914150016,274.4407958984375,18098700
2022-08-05,MSFT,270.0868886929883,274.44078812230066,269.632146904856,273.7248229980469,16774600
2022-08-08,MSFT,274.82775145511005,276.6370630638141,270.25133901885744,271.2188720703125,18739200
2022-08-09,MSFT,270.56094022517334,273.8892265551152,268.59681990449013,273.1345520019531,23405200
2022-08-10,MSFT,278.81406317438757,280.400802313646,277.6239866748656,279.77191162109375,24687800
2022-08-11,MSFT,281.40702349193015,281.7553212542064,277.20793315057733,277.70135498046875,20065900
2022-08-12,MSFT,279.1139251124632,282.43255615234375,277.6239160535678,282.43255615234375,22619700
2022-08-15,MSFT,281.55211723691497,284.62886524606995,280.6909986505251,283.9419250488281,18085700
2022-08-16,MSFT,282.5100398793754,284.49350086788803,280.9910350330185,283.2066650390625,18102900
2022-08-17,MSFT,280.9280886741136,284.42831264174936,280.6663108728771,282.4600524902344,18253400
2022-08-18,MSFT,281.36438230357066,283.0320727028022,280.2881256209133,281.3450012207031,17186200
2022-08-19,MSFT,280.1136910305551,280.45305241376826,276.87527385505905,277.44732666015625,20570000
2022-08-22,MSFT,273.50100121683664,273.86944889431794,268.7888240939447,269.3027038574219,25061100
2022-08-23,MSFT,268.0325927734375,270.3789763942887,267.0242141584032,268.0325927734375,17527400
2022-08-24,MSFT,267.0339265183886,268.79858174374715,266.74303270034477,267.4023742675781,18137000
2022-08-25,MSFT,268.8955933490911,270.5341980122941,266.1710558038852,270.369384765625,16583400
2022-08-26,MSFT,270.5922729736932,271.8139618186625,259.8298830917029,259.9365234375,27549300
2022-08-29,MSFT,257.7646828438369,259.2675307004995,255.82550904713992,257.1635437011719,20338500
2022-08-30,MSFT,258.55971181711374,258.92812992723435,252.73248597704324,254.97222900390625,22767100
2022-08-31,MSFT,257.31867689878567,258.9863379304906,253.3821269343252,253.51788330078125,24791800
2022-09-01,MSFT,250.99691069203294,252.95549481319304,247.64214890957027,252.48037719726562,23263400
2022-09-02,MSFT,253.74089939007345,256.68842221316766,246.7307755662362,248.2724151611328,22855400
2022-09-06,MSFT,248.40814439377215,249.98854598700117,244.27769525029933,245.5478515625,21328200
2022-09-07,MSFT,246.95376285633063,250.9581464072949,245.5187784892074,250.24066162109375,24126700
2022-09-08,MSFT,249.67829973457307,252.50947654562356,247.04100773001082,250.65756225585938,20319900
2022-09-09,MSFT,252.57731537389688,257.1634707543798,252.37371046804242,256.4168701171875,22084700
2022-09-12,MSFT,257.6967475229018,259.3159703034846,257.09560851352137,258.540283203125,18747700
2022-09-13,MSFT,250.96784794774865,252.48040101382477,243.93834353048703,244.32618713378906,33353300
2022-09-14,MSFT,245.8193660691324,246.49807394155667,242.26098391432333,244.54920959472656,23913000
2022-09-15,MSFT,242.1737066610615,243.75412313348235,236.5985823888046,237.91722106933594,31530900
2022-09-16,MSFT,236.8312795525679,237.83965816543386,234.69819143342704,237.29669189453125,39791800
2022-09-19,MSFT,235.09573320886867,237.68452841666505,233.52500718935042,237.08338928222656,26826900
2022-09-20,MSFT,234.70789152713547,236.10408413767027,232.35178783208616,235.07632446289062,26660300
2022-09-21,MSFT,236.84097880590735,240.12787756364517,231.634287475008,231.68276977539062,28625600
2022-09-22,MSFT,230.63561584371612,236.44344631490495,230.3447516288207,233.65103149414062,31061200
2022-09-23,MSFT,232.2548539489129,233.79650845970187,228.04685009215586,230.6841278076172,34176000
2022-09-26,MSFT,229.84059520046236,234.10677196919062,229.69514827749381,230.22842407226562,27694200
2022-09-27,MSFT,232.68146460352042,234.44611989699393,227.3681324316485,229.2200469970703,27018700
2022-09-28,MSFT,229.60784728045007,234.95997054824008,227.59110496512747,233.73829650878906,29029700
2022-09-29,MSFT,231.6246265174576,232.65238632006964,227.28088111228263,230.2769012451172,27484200
2022-09-30,MSFT,231.0428450141116,233.224415436406,225.65194447106404,225.8167724609375,35694800
2022-10-03,MSFT,228.25045038719026,234.26188606885609,227.52326022905194,233.41835021972656,28880400
2022-10-04,MSFT,237.6360484007584,242.74577547683293,237.52939325058418,241.310791015625,34888400
2022-10-05,MSFT,238.50868236825332,242.95908260476142,236.67616375353109,241.6210479736328,20347100
2022-10-06,MSFT,240.3896913514899,242.72639950945782,238.5959643265048,239.28436279296875,20239900
2022-10-07,MSFT,233.57346497384196,233.98070446797666,226.07856280672056,227.11602783203125,37769600
2022-10-10,MSFT,225.9622347703348,227.42630569411762,219.83443833161004,222.27780151367188,29743600
2022-10-11,MSFT,220.69735939369207,222.0935668585732,217.29411479408543,218.55458068847656,30474000
2022-10-12,MSFT,218.54490072197868,220.93009121716744,217.1487078897352,218.88426208496094,21903900
2022-10-13,MSFT,213.163673728378,228.91945995498912,212.46557001660585,227.11602783203125,42551800
2022-10-14,MSFT,228.37649233923707,230.02480190806705,221.3954696052538,221.60877990722656,30198600
2022-10-17,MSFT,228.64796881811276,231.69247081215326,227.98864209353195,230.3059539794922,28142300
2022-10-18,MSFT,235.8422913191834,236.51129376308393,228.21163337698803,231.24644470214844,26329600
2022-10-19,MSFT,229.83083853160068,232.32268360031256,227.16447494797129,229.28787231445312,19985700
2022-10-20,MSFT,228.59947785288415,233.9709820712703,227.72684087943537,228.96791076660156,21811000
2022-10-21,MSFT,227.60079244947556,235.6095734471352,227.3680863100955,234.75633239746094,26299700
2022-10-24,MSFT,236.346468231669,240.30238407052286,233.96129303725664,239.73033142089844,24911200
2022-10-25,MSFT,239.74004733273168,243.40508456640856,238.3535451916917,243.03665161132812,34775500
2022-10-26,MSFT,224.13941940981076,231.05257928125204,223.06317727493428,224.2848663330078,82543200
2022-10-27,MSFT,224.01334192609988,226.58275598538947,218.91332036173824,219.85382080078125,40424600
2022-10-28,MSFT,219.35934514135127,229.40426599695735,219.1751212635659,228.6964569091797,40647700
2022-10-31,MSFT,226.65062223193135,227.77534655596756,224.11999990021067,225.07020568847656,28357300
2022-11-01,MSFT,227.46508792727667,228.57041637850017,220.41618716835114,221.2306365966797,30592300
2022-11-02,MSFT,222.48140020209192,224.2654364159978,213.34787925724922,213.40606689453125,38407000
2022-11-03,MSFT,213.3963461317135,213.7066209959051,207.47217044537365,207.7339630126953,36633900
2022-11-04,MSFT,210.93364990878925,214.850774788113,206.9389415011775,214.6568603515625,36789100
2022-11-07,MSFT,215.23858262395112,221.46332820770985,214.5501694748692,220.9397430419922,33498000
2022-11-08,MSFT,221.7445195376861,224.6047979139628,218.97150043107274,221.9093475341797,28192500
2022-11-09,MSFT,220.45496487826287,221.67665381960256,217.507427263288,217.68194580078125,27852900
2022-11-10,MSFT,228.26979667507564,235.929540716647,227.852881482764,235.59017944335938,46268000
2022-11-11,MSFT,235.5998964435155,240.4478303320997,234.57212203157073,239.59458923339844,34620200
2022-11-14,MSFT,234.63032541196574,236.491930374749,231.9348751725974,234.20370483398438,31123300
2022-11-15,MSFT,238.18870924194545,239.4879520708681,232.72993053937964,234.61093139648438,31390100
2022-11-16,MSFT,236.06939815763067,237.05145015358517,233.76500614633548,235.0387420654297,24093300
2022-11-17,MSFT,231.1981031395672,236.51669138454196,231.05226116577742,234.99014282226562,23123500
2022-11-18,MSFT,236.76946659991202,236.99311072037338,232.4134803048627,234.54286193847656,27613500
2022-11-21,MSFT,234.74705121223045,237.8973712159803,234.51370406585946,235.3498992919922,26394700
2022-11-22,MSFT,236.8472334482416,238.51962368090963,234.04696420457608,238.24737548828125,19665700
2022-11-23,MSFT,238.32520706999225,241.40745776618633,237.5084623404124,240.72683715820312,19508500
2022-11-25,MSFT,240.46425705702578,241.8157801407715,239.9003101451617,240.6392822265625,9200800
2022-11-28,MSFT,239.26834351489458,239.8225578203936,234.13449861777707,235.0679168701172,24778200
2022-11-29,MSFT,234.71789478419583,236.06941814268234,231.6162083930456,233.67752075195312,17956300
2022-11-30,MSFT,233.910875092645,248.26230347666475,233.2205218203915,248.0775604248047,47594200
2022-12-01,MSFT,246.8427208792038,249.0304395252054,243.97438162172944,247.64002990722656,26041500
2022-12-02,MSFT,242.90484887721385,248.97211266889659,242.77844260274807,247.96090698242188,21528500
2022-12-05,MSFT,245.03420296466012,246.7941135147601,241.19354435975268,243.27430725097656,23435300
2022-12-06,MSFT,243.8771473447241,244.88835294425144,237.03201078829815,238.3349151611328,22463700
2022-12-07,MSFT,238.05292524127822,239.34611163220632,235.50545353805643,237.60565185546875,20481500
2022-12-08,MSFT,238.06266840254827,241.854722806182,236.3319411296729,240.5518035888672,22611800
2022-12-09,MSFT,237.92653108598594,241.43660437225947,237.40148518904434,238.62660217285156,20609700
2022-12-12,MSFT,240.6004067044122,245.5495083577721,240.32815848858516,245.5203399658203,30665100
2022-12-13,MSFT,254.44627205503255,256.61455504948896,246.06488338049942,249.80831909179688,42196900
2022-12-14,MSFT,250.01248566170938,255.32134114124744,247.27053790250687,250.09999084472656,35410900
2022-12-15,MSFT,246.69684834391964,247.16355744305537,240.49344660406408,242.11721801757812,35560400
2022-12-16,MSFT,241.67002412716872,242.9243098031125,236.76952534745732,237.9168701171875,86102000
2022-12-19,MSFT,238.08210589515767,238.42242358687312,232.1023480969562,233.79417419433594,29696400
2022-12-20,MSFT,232.7732513908985,236.18610187706696,231.8203825618914,235.10682678222656,25150800
2022-12-21,MSFT,234.99985605475112,238.82106381583225,233.4635897668888,237.66400146484375,23690600
2022-12-22,MSFT,234.5817687693653,235.2915726004728,227.39632912956154,231.5967559814453,28651700
2022-12-23,MSFT,229.57432368977197,232.25791977065128,227.46439246807083,232.12179565429688,21207000
2022-12-27,MSFT,232.09261343652005,232.3162427208361,229.30206179925912,230.40078735351562,16688600
2022-12-28,MSFT,230.33272967385747,233.0843952081068,227.68801986130742,228.03805541992188,17457100
2022-12-29,MSFT,229.12703678909463,235.2234829457409,229.12703678909463,234.3386688232422,19770700
2022-12-30,MSFT,231.61620583114026,233.31776474462188,230.10910782620186,233.181640625,21938500
2023-01-03,MSFT,236.3513904454424,238.94748134129327,230.82860879757206,232.94827270507812,25740000
2023-01-04,MSFT,225.85031465735742,226.42397945527185,219.70526469993285,222.7583465576172,50623400
2023-01-05,MSFT,220.910952034835,221.2512697398711,215.62153242856337,216.15631103515625,39585600
2023-01-06,MSFT,216.82721193090404,219.51080795719037,213.2782522890228,218.7037811279297,43613600
2023-01-09,MSFT,220.18172344662707,224.8391416447206,220.14283719895346,220.8331756591797,27369800
2023-01-10,MSFT,221.45544993887123,224.90718660058684,221.03735973961676,222.51528930664062,27033900
2023-01-11,MSFT,224.88774240099133,229.41875426303784,224.71273203443783,229.24374389648438,28669300
2023-01-12,MSFT,228.74785985566473,233.2594213403898,227.094919820166,231.90789794921875,27269500
2023-01-13,MSFT,230.43967280124468,232.74406478160432,228.41724688827324,232.60794067382812,21333300
2023-01-17,MSFT,231.38282055332843,234.24144161412062,230.52717483814848,233.6969451904297,29831300
2023-01-18,MSFT,234.88316097298835,235.6707371669467,229.00062672780834,229.2825927734375,30028700
2023-01-19,MSFT,227.30882179875937,229.00066284863416,224.2946258083473,225.51002502441406,28623000
2023-01-20,MSFT,228.35890938614477,234.07615156759218,228.0185916995672,233.57054138183594,35389800
2023-01-23,MSFT,234.42622102838877,238.38355340234384,233.0163459826228,235.86524963378906,31934000
2023-01-24,MSFT,235.78742231675506,237.19728228703622,233.78444699997308,235.34014892578125,40234400
2023-01-25,MSFT,227.98941574229838,236.56527872989417,224.50851101400366,233.94973754882812,66526600
2023-01-26,MSFT,236.90558287687787,241.43659421049372,235.30126202491022,241.1351776123047,33454500
2023-01-27,MSFT,242.0977983186481,242.91454300523202,239.9975849790759,241.290771484375,26498900
2023-01-30,MSFT,237.7417704170005,238.80160965707887,235.49571536167772,235.99160766601562,25867400
2023-01-31,MSFT,236.7111267803919,241.08656355946167,236.22496713827303,240.950439453125,26541100
2023-02-01,MSFT,241.13516117627967,248.1164058985338,238.6751947915154,245.75367736816406,31259900
2023-02-02,MSFT,251.6556913662783,257.3632009780913,250.12914292548695,257.27569580078125,39940400
2023-02-03,MSFT,252.35577763425286,256.8867894598402,249.98331599728726,251.19871520996094,29077300
2023-02-06,MSFT,250.3138662354951,251.15004653464848,247.72749350962195,249.6623992919922,22518000
2023-02-07,MSFT,253.31831440266953,261.33021493867875,252.88075890318808,260.1537170410156,50841400
2023-02-08,MSFT,265.63764785701306,269.0991022332483,258.84111568990085,259.34674072265625,54686000
2023-02-09,MSFT,266.22098682274134,266.39602683122865,255.5254755531628,256.3227844238281,42375100
2023-02-10,MSFT,254.29068170390744,256.7798168982394,253.4447686061317,255.81723022460938,25818500
2023-02-13,MSFT,260.23153420322126,266.99886776795535,259.75507760072225,263.8096618652344,44630900
2023-02-14,MSFT,265.12226795926784,267.3585900699576,261.82609189388216,264.6361083984375,37047900
2023-02-15,MSFT,261.54624119639954,263.89540406867326,259.4602514374333,262.52099609375,28922400
2023-02-16,MSFT,257.35478463116345,260.00611921747884,255.28830894937462,255.53199768066406,29603600
2023-02-17,MSFT,252.84166762278508,253.52397815006816,249.53723449671304,251.54522705078125,30000100
2023-02-21,MSFT,248.05557870006874,249.04009049318063,245.2385381346892,246.29127502441406,28397400
2023-02-22,MSFT,247.6754219276689,247.91911060638247,244.0200917469653,245.16055297851562,22491100
2023-02-23,MSFT,249.108321803698,250.35600669518152,244.1565658834327,248.33827209472656,29219100
2023-02-24,MSFT,243.649683795455,244.66342210762315,241.8366395147742,242.92835998535156,24990900
2023-02-27,MSFT,246.08655835575647,246.43747061453573,243.09405452761465,243.84461975097656,21190000
2023-02-28,MSFT,242.78216630386783,245.1410709516809,242.4507383937105,243.12332153320312,22491000
2023-03-01,MSFT,244.4294802167035,244.59518672884,239.58494822729267,240.05284118652344,27565300
2023-03-02,MSFT,240.32579620114032,245.05334800361368,239.4095243197137,244.7706756591797,24808200
2023-03-03,MSFT,245.8233473946352,249.1667482945005,245.04354079562174,248.84507751464844,30760100
2023-03-06,MSFT,249.9563289608396,253.55317601638902,249.51769234094775,250.38522338867188,24109800
2023-03-07,MSFT,249.82960325303648,251.18452648625785,246.99307854410944,247.73388671875,21473200
2023-03-08,MSFT,247.62665530828698,248.11403261472034,244.47820207332853,247.2952423095703,17340200
2023-03-09,MSFT,249.36176055143883,253.0073336989174,245.22879516854297,245.9501190185547,26653400
2023-03-10,MSFT,244.74141460422547,246.40823683070676,241.3492723748031,242.31427001953125,28333900
2023-03-13,MSFT,241.15429996225072,251.3989810865607,239.5264614444424,247.50970458984375,33339700
2023-03-14,MSFT,250.26820620855233,254.47915259157097,249.40067533893588,254.2062225341797,33620300
2023-03-15,MSFT,253.41676912459158,259.7526754623926,252.66618887408737,258.7389221191406,46028000
2023-03-16,MSFT,258.51466054625075,269.57813126600007,256.6333912973098,269.22723388671875,54768800
2023-03-17,MSFT,271.23525555020916,276.1772393298442,269.3442290300633,272.3757019042969,69527400
2023-03-20,MSFT,269.98759878906156,270.47497619551706,263.03759221346127,265.3575134277344,43466600
2023-03-21,MSFT,267.9406445942705,268.05761042836633,262.7159426097616,266.868408203125,34558700
2023-03-22,MSFT,266.4979179833595,273.9450578612845,265.3087161087697,265.41595458984375,34873300
2023-03-23,MSFT,270.9233512964952,273.9645815107582,268.2525326655101,270.6504211425781,36610900
2023-03-24,MSFT,270.24101876130743,273.5454519039974,268.33050762928787,273.4869689941406,28172000
2023-03-27,MSFT,273.4187255560144,274.35448184903447,268.56443586925224,269.4027404785156,26840200
2023-03-28,MSFT,268.8276596755071,269.16882983673474,265.18205615567683,268.28179931640625,21878600
2023-03-29,MSFT,271.9175790730678,274.0425670542095,271.3814758548116,273.428466796875,25087000
2023-03-30,MSFT,277.05456782750633,277.2787423935812,274.3739921244632,276.87908935546875,25053400
2023-03-31,MSFT,276.5671828397676,281.96730287180225,275.8556011455048,281.02178955078125,32766000
2023-04-03,MSFT,279.2867539444378,280.9925749626686,276.78165654264745,279.9788513183594,24883300
2023-04-04,MSFT,279.9787787723989,283.117489822551,278.45816395278734,279.9300231933594,25824300
2023-04-05,MSFT,278.6336936146696,279.90086308353324,275.7776689021103,277.16180419921875,22064800
2023-04-06,MSFT,276.0602584923825,284.7063275533511,274.91005513471964,284.23846435546875,29770300
2023-04-10,MSFT,281.90881108908263,282.2889797177499,277.5224147425445,282.08428955078125,23103000
2023-04-11,MSFT,278.5361465748028,278.7603508575734,274.5299191651681,275.6898498535156,27276600
2023-04-12,MSFT,277.60042049037634,279.7643772791171,274.84184782081707,276.3332214355469,27403400
2023-04-13,MSFT,276.4307312539157,282.5814321314397,276.02135086508736,282.52294921875,24222700
2023-04-14,MSFT,279.75459555412215,281.197243201843,276.5281599154827,278.91632080078125,20987900
2023-04-17,MSFT,282.61060224538903,284.238455563406,278.9357880056503,281.5091247558594,23836200
2023-04-18,MSFT,284.2091922902282,284.39439803515654,279.7643139062447,281.0899658203125,20161800
2023-04-19,MSFT,278.7700813374877,281.7528282776957,277.3567049001675,281.1679992675781,17150300
2023-04-20,MSFT,278.048779675469,281.7333512714664,277.88305828682746,278.8870544433594,23244400
2023-04-21,MSFT,277.81486288712955,279.0430336532182,275.9140792116014,278.5459289550781,21676400
2023-04-24,MSFT,274.9685448486902,277.75635870948304,271.6836263278282,274.6566162109375,26611000
2023-04-25,MSFT,272.45369257019934,274.49092630001803,268.41819388016194,268.4669494628906,45772200
2023-04-26,MSFT,289.20974000859206,292.0072813214267,285.3399625443694,287.9132995605469,64599200
2023-04-27,MSFT,288.4981481341887,297.4951446738083,287.79632356423065,297.13446044921875,46462600
2023-04-28,MSFT,296.335220680939,301.1309977099639,295.65288041191343,299.503173828125,36469600
2023-05-01,MSFT,299.2204771506516,300.8093322076719,297.4464163049507,297.8460693359375,21294100
2023-05-02,MSFT,299.9905392914893,301.3746744145902,296.2377274555762,297.6998596191406,26404400
2023-05-03,MSFT,298.8792887083803,300.819041090019,296.4131604465873,296.71533203125,22360800
2023-05-04,MSFT,298.5088929942314,299.9905392914893,295.74059300087464,297.6998596191406,22519900
2023-05-05,MSFT,298.00202238980415,304.09423955747224,296.58861610804354,302.80755615234375,28197100
2023-05-08,MSFT,302.3006492277248,302.36888918912433,298.36263230970064,300.8580017089844,21318600
2023-05-09,MSFT,300.2245107644544,302.2130191000209,298.5771725950975,299.249755859375,21340800
2023-05-10,MSFT,300.82875139238996,305.09818117929905,299.90275239684433,304.42559814453125,30078000
2023-05-11,MSFT,302.27137009537194,303.2656089556637,298.52831646309323,302.2810974121094,31680200
2023-05-12,MSFT,302.71005168658775,302.8075331032812,298.8597885779878,301.1699523925781,19774700
2023-05-15,MSFT,301.2966551101867,302.07644689728147,299.82476613385916,301.6475524902344,16336500
2023-05-16,MSFT,302.0082405576207,305.790293615096,302.0082405576207,303.8700256347656,26730300
2023-05-17,MSFT,305.0715994717328,307.1621190650021,303.5574089684494,306.7420654296875,24315000
2023-05-18,MSFT,307.2598287418547,311.665592368816,306.4685537852504,311.1575927734375,27276000
2023-05-19,MSFT,309.4187276052405,311.38227715164794,309.05728471229986,310.98175048828125,27546700
2023-05-22,MSFT,311.2357215634577,315.1334851097125,310.659362704621,313.7560729980469,24115700
2023-05-23,MSFT,312.63266399021563,315.26048835857114,307.9631525133489,307.9729309082031,30797200
2023-05-24,MSFT,307.4551840291494,309.18426063109985,305.384161727715,306.59552001953125,23384900
2023-05-25,MSFT,315.7684901108892,319.3438949651791,312.6033903237595,318.3865661621094,43301700
2023-05-26,MSFT,316.53043497879963,325.69362591247574,316.3936865085404,325.1954345703125,36630600
2023-05-30,MSFT,327.4813902004807,327.9795816142876,322.8802372817965,323.5542907714844,29503100
2023-05-31,MSFT,324.6092550226207,328.1748807384319,319.76388201700377,320.7994079589844,45950600
2023-06-01,MSFT,318.39623546469716,325.820570098654,317.21421253677175,324.89251708984375,26773900
2023-06-02,MSFT,326.52404833423975,329.6989268894717,324.86333070355175,327.6474609375,25873800
2023-06-05,MSFT,327.4715679849584,330.73436207197636,326.92451447409195,328.1749267578125,21307100
2023-06-06,MSFT,327.57901828059016,327.6181020499909,324.4920861780968,325.9671630859375,20396200
2023-06-07,MSFT,323.9840754044963,326.7584266923508,315.04557889593144,315.9052429199219,40717100
2023-06-08,MSFT,316.4522947423508,319.08989754628954,315.8759358684607,317.7417907714844,23277700
2023-06-09,MSFT,317.47803824659906,322.3624661949436,316.9114577219513,319.2364501953125,22529000
2023-06-12,MSFT,320.98503906691633,324.42369526305714,317.64410719983425,324.1794738769531,24260300
2023-06-13,MSFT,326.7389426125968,329.1909351194717,322.7532623015664,326.5631103515625,22951300
2023-06-14,MSFT,326.61191533447175,331.20328940233077,325.11728161658255,329.5425720214844,26003800
2023-06-15,MSFT,329.679373413851,341.7536655006573,329.40584662971514,340.05389404296875,38899100
2023-06-16,MSFT,343.19939555884866,343.3459224105444,334.04598387273194,334.41717529296875,46552000
2023-06-20,MSFT,331.4669997090526,334.17296167361366,328.09673298112693,330.2361145019531,26375400
2023-06-21,MSFT,328.5949603328218,329.92354007257114,324.39436474233247,325.84991455078125,25117800
2023-06-22,MSFT,326.39703135157714,332.2583453008443,325.63506173065974,331.8578186035156,23556800
2023-06-23,MSFT,326.6314055883412,330.1481991797799,325.7424660612822,327.2761535644531,23146900
2023-06-26,MSFT,326.00625756335666,328.340998601614,320.8971352379601,321.0046081542969,21520600
2023-06-27,MSFT,324.1892275549751,328.3800749537934,321.6884029069419,326.83660888671875,24354100
2023-06-28,MSFT,326.9245702882871,330.16783795083114,326.09421148504384,328.0870666503906,20259500
2023-06-29,MSFT,326.97334345829574,328.3409772213773,324.93165630266327,327.30548095703125,16997000
2023-06-30,MSFT,329.94312088694005,334.8080220472076,329.4058457163647,332.66864013671875,26832800
2023-07-03,MSFT,331.3498259032752,333.02029191600536,328.7903904255227,330.17755126953125,12508700
2023-07-05,MSFT,327.3445644884712,333.752931098431,326.99290001201024,330.3338317871094,18172400
2023-07-06,MSFT,329.50350728576706,335.0619888415349,327.7451250968569,333.3817443847656,28161200
2023-07-07,MSFT,331.4768196689225,333.8897282258727,329.2104379854344,329.42535400390625,21214800
2023-07-10,MSFT,326.8659348779879,327.48137758941004,320.0179571321777,324.1599426269531,32791400
2023-07-11,MSFT,323.4077439781263,325.1661261312258,319.441590831674,324.78515625,26698200
2023-07-12,MSFT,328.8196854554752,333.75294560855826,327.91118903960694,329.40582275390625,29995300
2023-07-13,MSFT,331.711272694216,335.7946473564409,331.18374612162296,334.7396240234375,20567200
2023-07-14,MSFT,339.55569712467894,343.30693463785855,336.3515132189097,337.260009765625,28352700
2023-07-17,MSFT,337.689785296776,338.9695029653532,334.29024270759476,337.7386474609375,20363900
2023-07-18,MSFT,337.8363124834503,358.30207642907544,334.26093764915,351.1805725097656,64738600
2023-07-19,MSFT,353.38833709875524,354.0819174710134,344.29353528638507,346.87249755859375,39732900
2023-07-20,MSFT,345.3974402048797,349.6957307761419,337.3869665581141,338.852294921875,33778400
2023-07-21,MSFT,341.07956227112305,342.20297462021114,331.9749823654145,335.82391357421875,69405400
2023-07-24,MSFT,337.85585009967554,338.9011247209187,334.3976671440658,337.1329345703125,26678100
2023-07-25,MSFT,339.0867373558683,343.7562790203098,337.09391224924093,342.8673095703125,41637700
2023-07-26,MSFT,333.5477989926325,336.70314999869004,325.41032580255074,329.9626159667969,58383700
2023-07-27,MSFT,332.61003601882766,333.4403649695194,321.444210409782,323.07562255859375,39635300
2023-07-28,MSFT,325.95742277677743,332.1508737419497,325.46897998950345,330.54876708984375,28484900
2023-07-31,MSFT,329.13231163180893,329.8942812123279,325.6545714457516,328.1554260253906,25446000
2023-08-01,MSFT,327.44229185029457,330.7148646247149,325.98674182307207,328.5657043457031,18311900
2023-08-02,MSFT,325.9183675778276,325.9183675778276,318.81638974847687,319.9300537109375,27761300
2023-08-03,MSFT,318.46468799733185,322.25500868577666,318.415855644904,319.10943603515625,18253700
2023-08-04,MSFT,324.20885086044973,327.3935079785558,319.67608662333714,320.20361328125,23741500
2023-08-07,MSFT,320.77990397221754,323.45656084506595,319.94954529049863,322.47967529296875,17741500
2023-08-08,MSFT,319.4024887084689,321.151122177393,315.5340303066097,318.5135192871094,22327600
2023-08-09,MSFT,318.92384579160165,319.5490370786911,313.629112676302,314.7818603515625,22373300
2023-08-10,MSFT,318.48424072838094,320.6724848006537,313.75611788086866,315.4656677246094,20113700
2023-08-11,MSFT,312.8573627235517,314.9576606059445,311.83161505156005,313.59002685546875,24355500
2023-08-14,MSFT,313.9612774318456,316.56954529016974,312.6815298680751,316.5500183105469,18836100
2023-08-15,MSFT,315.53407413953244,317.57576163003193,313.4826082523493,314.42041015625,16966300
2023-08-16,MSFT,314.04837487104845,317.59221281010525,313.06942104679297,313.65679931640625,20698900
2023-08-17,MSFT,313.79391260029473,315.09590822983125,309.5550251977014,310.2109375,21257200
2023-08-18,MSFT,307.8711670676138,311.679311641093,304.9930405423695,309.8193054199219,24755000
2023-08-21,MSFT,311.23877242073405,315.9769051965937,310.3675190796091,315.10565185546875,24040000
2023-08-22,MSFT,318.6494592891844,319.21723934340076,314.6944776045053,315.6734313964844,16084600
2023-08-23,MSFT,317.00482352144604,322.2715996929162,316.6523846218089,320.1178894042969,21166400
2023-08-24,MSFT,325.84476921608996,325.97203798658785,313.2260407459276,313.23583984375,23281400
2023-08-25,MSFT,314.70429575926823,318.5124107055097,312.0904758312742,316.1825256347656,21684100
2023-08-28,MSFT,318.8061007178544,319.285778523708,314.94902032407407,316.8873596191406,14808500
2023-08-29,MSFT,315.10563277299525,322.05621026150664,315.10563277299525,321.4981994628906,19284600
2023-08-30,MSFT,321.75273907140877,322.86873080054954,319.57946057224274,321.8702087402344,15222100
2023-08-31,MSFT,322.27160382501023,323.9456064626788,319.9025224771531,320.8619079589844,26411000
2023-09-01,MSFT,324.33717196139406,325.00285335659055,319.9025125671937,321.7429504394531,14942000
2023-09-05,MSFT,322.07580143984785,327.8026871669536,321.74296073160247,326.530029296875,18553900
2023-09-06,MSFT,326.3636529709045,327.4209100280818,323.23098856949474,325.8741760253906,17535800
2023-09-07,MSFT,324.31760527996926,326.06991103130065,322.10516018294953,322.9666442871094,18381000
2023-09-08,MSFT,323.14290399792515,329.0851616119029,322.5261582327596,327.23492431640625,19530100
2023-09-11,MSFT,330.1423571352341,331.29754527961506,328.3704532160462,330.82763671875,16583300
2023-09-12,MSFT,328.75228709732,329.7018735211136,324.50363099894156,324.7875061035156,17565500
2023-09-13,MSFT,324.33721264984047,329.76062559468676,324.2001746396606,328.98724365234375,16544400
2023-09-14,MSFT,332.01216654665086,333.68616913545833,329.4864789543326,331.5716552734375,20267000
2023-09-15,MSFT,329.829144347891,330.29902307578516,322.71213073688756,323.2701416015625,37679800
2023-09-18,MSFT,320.901090989623,323.44637721984947,319.49139491981464,322.13458251953125,16834200
2023-09-19,MSFT,319.3053983263758,322.45763099664185,317.6803313099975,321.7331848144531,16505900
2023-09-20,MSFT,322.57512067569024,322.6534238453553,313.7645352608611,314.01904296875,21436500
2023-09-21,MSFT,312.5407774764578,318.5026021085826,308.3704250255411,312.8050842285156,35560400
2023-09-22,MSFT,314.5574229961994,314.6846917624831,309.4962190138313,310.338134765625,21447900
2023-09-25,MSFT,309.92703743147536,310.98432446171176,308.3705041858595,310.8570556640625,17836000
2023-09-26,MSFT,308.4977412546043,309.23195666524725,303.49527138826676,305.5706787109375,26297600
2023-09-27,MSFT,305.7272625333357,307.6851701509051,303.1722074325514,306.20697021484375,19410100
2023-09-28,MSFT,304.4448112128742,308.8403337798226,302.93724397750015,307.0390625,19683600
2023-09-29,MSFT,311.06258297495117,312.746384776468,308.35089159051364,309.10467529296875,24147300
2023-10-02,MSFT,309.6234991428816,315.1154453625428,308.5466440139972,315.0273132324219,20570000
2023-10-03,MSFT,314.0777619824239,314.6260036436558,304.6602303826851,306.79437255859375,21033500
2023-10-04,MSFT,307.4209257783617,313.304448923499,307.3915583531491,312.2471618652344,20720100
2023-10-05,MSFT,312.3743346117822,313.24561775068076,308.2725161916583,312.6386413574219,16965600
2023-10-06,MSFT,309.8878196065806,322.2618102249638,309.6430811517103,320.3724365234375,25673600
2023-10-09,MSFT,317.91517715128936,323.3483576051436,316.37821285072636,322.87847900390625,19891200
2023-10-10,MSFT,323.994495382077,324.13156323480194,320.77375934657937,321.4786071777344,20557100
2023-10-11,MSFT,324.2393029495446,325.8154342155564,322.21289114367397,325.4238586425781,20063200
2023-10-12,MSFT,323.6127589882386,326.6083551720829,321.8016885159057,324.1903381347656,19313100
2023-10-13,MSFT,325.3846793916084,326.8041445225291,319.49135820401887,320.8325500488281,21072400
2023-10-16,MSFT,324.08262791660326,329.06552880865223,323.6421166530187,325.6391906738281,22158000
2023-10-17,MSFT,322.65339394249423,326.4419405397074,320.51928173209353,325.0714111328125,18338500
2023-10-18,MSFT,325.4923600401383,328.5271229876209,321.3905409680336,323.1624450683594,23153600
2023-10-19,MSFT,325.15953397789394,329.7899967094516,323.9456406942705,324.3470153808594,25052100
2023-10-20,MSFT,324.73856573197526,324.934368448125,318.6005359720502,319.79486083984375,25027700
2023-10-23,MSFT,318.620060384211,325.7272737717355,317.5628035384839,322.3890380859375,24374700
2023-10-24,MSFT,324.3273615041399,324.8560048878325,320.7052505981055,323.5735778808594,31153600
2023-10-25,MSFT,337.7586697804962,338.91385810810175,330.5144167677778,333.500244140625,55053800
2023-10-26,MSFT,333.37295718073534,334.4400133073603,320.0591786565096,320.98919677734375,37828500
2023-10-27,MSFT,323.4757210351802,329.63334926048014,321.4884458683103,322.8687744140625,29856500
2023-10-30,MSFT,326.39299310170355,332.3058824741977,324.84622935304117,330.2109069824219,22828100
2023-10-31,MSFT,331.71846460217154,331.8653016809535,327.6460136572754,330.9940185546875,20265300
2023-11-01,MSFT,332.6387611479277,340.1081843444484,332.5016932588563,338.7865905761719,28158800
2023-11-02,MSFT,339.93194035995595,341.48847346531505,337.5139230484177,340.9892272949219,24348100
2023-11-03,MSFT,342.27161121053757,346.9314407134558,340.01999961550734,345.3748779296875,23637700
2023-11-06,MSFT,346.0112028872033,350.0151200008031,345.91330154053924,349.0263671875,23828300
2023-11-07,MSFT,351.83603801636735,354.83163466533523,350.10330030774577,352.9422607421875,25833900
2023-11-08,MSFT,354.0680317747925,356.2119431597548,352.9618091115113,355.5560607910156,26767800
2023-11-09,MSFT,354.67497835793193,357.1125938314782,352.77580544293505,353.098876953125,24847300
2023-11-10,MSFT,353.8819973228906,362.3108050217642,353.47085345970584,361.8898620605469,28042100
2023-11-13,MSFT,360.4704576936469,360.71519620357213,358.19927715146747,358.9628601074219,19986500
2023-11-14,MSFT,363.2017106346947,364.1219297278,359.61873563127864,362.4772644042969,27683900
2023-11-15,MSFT,364.20368992773217,366.0184363495822,360.1131537221127,362.6243896484375,26860100
2023-11-16,MSFT,363.88976551430744,369.17705042836303,363.12463294088235,369.00048828125,27182300
2023-11-17,MSFT,366.4892814424939,367.23480603716206,360.0052770614011,362.80096435546875,40157000
2023-11-20,MSFT,364.1448242296059,371.6490149349355,363.9290160684621,370.24627685546875,52465100
2023-11-21,MSFT,368.5100775469122,369.049583062371,364.0467785330769,365.9596252441406,28423100
2023-11-22,MSFT,370.79563367244174,372.5515261398846,367.82338415552084,370.64849853515625,23345300
2023-11-24,MSFT,370.1383501357465,370.7661665682208,367.9901174917075,370.2364501953125,10176600
2023-11-27,MSFT,369.5988734413345,373.38532049617334,369.02994094912424,371.39398193359375,22179200
2023-11-28,MSFT,371.1389079636444,375.7002760855908,370.9525268417298,375.406005859375,20453100
2023-11-29,MSFT,376.44584793002184,376.97553440384473,370.24629493974936,371.6294250488281,28963400
2023-11-30,MSFT,371.27628513665223,372.8457964517108,368.3138546072338,371.68829345703125,30554400
2023-12-01,MSFT,369.5793094459282,370.95262074245636,364.2331694742271,367.3721923828125,33040500
2023-12-04,MSFT,362.06521566015255,362.47719398696046,355.98337139108264,362.1044616699219,32063300
2023-12-05,MSFT,359.46575623768496,365.9693683802573,358.65155863650625,365.4200439453125,23065000
2023-12-06,MSFT,366.4206763695036,367.0484629860128,361.01568236902807,361.77099609375,21182100
2023-12-07,MSFT,361.211844686289,364.37047528705625,359.33824414976533,363.8800048828125,23118900
2023-12-08,MSFT,362.1633422956095,367.3230703614092,361.2118285564288,367.09747314453125,20154400
2023-12-11,MSFT,361.45703660419446,364.51756677042914,359.1223929698161,364.2232666015625,27708800
2023-12-12,MSFT,363.78190900979564,367.28387492110465,363.3993277208236,367.24462890625,24838300
2023-12-13,MSFT,368.8533179256787,370.44246703468053,363.7033791572921,367.2347717285156,30955500
2023-12-14,MSFT,366.19500581642444,366.63644114858533,357.18997650221536,358.9556579589844,43277500
2023-12-15,MSFT,359.858129570657,365.30233890168853,359.29898614385536,363.6641845703125,78502300
2023-12-18,MSFT,362.4085541038235,365.89088161939304,361.65321060475327,365.54754638671875,21802900
2023-12-19,MSFT,364.4096508615579,366.14593505859375,362.7911046946417,366.14593505859375,20603700
2023-12-20,MSFT,367.8527381502504,368.8631058069324,363.46793231406207,363.55621337890625,26316700
2023-12-21,MSFT,365.45926060979707,367.2740068711911,362.98730085105643,366.42059326171875,17708000
2023-12-22,MSFT,366.557985599773,368.0293969388241,365.60647173641576,367.4408264160156,17107500
2023-12-26,MSFT,367.8528339374102,369.75586165985493,366.3814226016606,367.5193176269531,12673100
2023-12-27,MSFT,366.56778944423564,367.91167362196546,365.7045567045712,366.9405517578125,14905400
2023-12-28,MSFT,368.2157835307377,369.28500552722875,367.02885341513803,368.12750244140625,14327000
2023-12-29,MSFT,368.83370931155366,369.9716041347207,366.3617494835299,368.8729553222656,18730800
2024-01-02,MSFT,366.73448635273246,368.7356138207432,359.779620180644,363.8014831542969,25258600
2024-01-03,MSFT,361.97695939537715,366.1459576250118,361.48648901542015,363.5366516113281,23083500
2024-01-04,MSFT,363.6053166389914,365.9889954484458,360.1720240549271,360.9273376464844,20901500
2024-01-05,MSFT,361.93771572916546,364.96881910463645,359.5147908390338,360.740966796875,21004600
2024-01-08,MSFT,362.26142084093584,368.04899543580075,361.9769695664422,367.5487060546875,23134000
2024-01-09,MSFT,364.91973118486953,368.82385571015396,364.115352688409,368.627685546875,20830000
2024-01-10,MSFT,369.1966557593691,376.8480113734613,369.14762069750896,375.47467041015625,25514200
2024-01-11,MSFT,378.6431088178606,383.23390409247884,373.1302268937335,377.2992248535156,27850800
2024-01-12,MSFT,378.1428865038529,381.272090274914,377.31889976513236,381.06610107421875,21661200
2024-01-16,MSFT,386.1571295021332,386.5200727807335,380.2322391394401,382.83172607421875,27202300
2024-01-17,MSFT,380.58540492477397,382.67478358686355,377.47580955942465,382.0469970703125,22234100
2024-01-18,MSFT,384.2541120354354,386.48083676243556,382.68460084723523,386.3631286621094,23392100
2024-01-19,MSFT,388.21711414753673,391.0716552734375,386.0001785110236,391.0716552734375,29331100
2024-01-22,MSFT,392.3959014424087,392.98447186970276,386.088459710553,388.95281982421875,27016900
2024-01-23,MSFT,388.2073142541726,391.7681340805433,386.4219948473302,391.2972717285156,20525900
2024-01-24,MSFT,393.8870242835594,397.8990690426862,392.8178022760999,394.8875732421875,24867000
2024-01-25,MSFT,396.6139674673759,399.25270045475327,394.858075159448,397.1534729003906,21021200
2024-01-26,MSFT,396.6630311468464,398.4287425690661,394.7600035777077,396.2314147949219,17803300
2024-01-29,MSFT,398.3208248033987,402.16612596865383,396.6237864171102,401.91107177734375,24510200
2024-01-30,MSFT,404.4026167586847,405.1775383466925,398.7033537683388,400.80255126953125,33477600
2024-01-31,MSFT,399.20367116692984,407.404352059521,389.6394980894709,390.00244140625,47871100
2024-02-01,MSFT,394.1714429462631,400.2238610760148,394.1420159186215,396.08428955078125,30657700
2024-02-02,MSFT,396.11370188933375,404.7852149654356,395.86846668943514,403.3824768066406,28256700
2024-02-05,MSFT,402.0875769731937,403.32357180404665,396.2902139876251,397.9185791015625,25352300
2024-02-06,MSFT,398.14430007293356,400.1944629759933,395.2309043820716,397.76171875,18382600
2024-02-07,MSFT,399.67450426882596,406.4037434899342,399.63525825649936,406.15850830078125,22340500
2024-02-08,MSFT,406.15852265638233,407.6397528307197,404.66750343056947,406.2173767089844,21225300
2024-02-09,MSFT,407.3356632361391,412.79951062359436,407.17870911735395,412.5346374511719,22032800
2024-02-12,MSFT,412.5444019957292,412.7209641300854,406.8451391501877,407.3454284667969,21202900
2024-02-13,MSFT,397.2221636270064,402.2543946406928,395.70171738557195,398.57586669921875,27824900
2024-02-14,MSFT,401.03275815392834,402.77222335184723,397.59311635632974,402.4282531738281,20401200
2024-02-15,MSFT,401.1015976558331,402.0745154056732,397.3179853079112,399.548828125,21825500
2024-02-16,MSFT,400.924595205485,401.248921048528,396.48255480055184,397.09185791015625,22296500
2024-02-20,MSFT,396.2860326967427,397.51447618664315,391.1462443294289,395.84381103515625,24307900
2024-02-21,MSFT,393.2689765841808,395.3524118295115,390.3698381114288,395.2442932128906,18518900
2024-02-22,MSFT,403.1161508977741,405.7106076981084,401.52409308986324,404.55096435546875,27009900
2024-02-23,MSFT,408.5016799323737,408.6883757427927,401.9172111140197,403.2635803222656,16295900
2024-02-26,MSFT,404.36425308702184,405.05219339501383,400.33495269298504,400.5118713378906,16193500
2024-02-27,MSFT,400.9540958991776,401.2784217577938,396.8855068799419,400.4529113769531,14835800
2024-02-28,MSFT,401.14080998935714,402.2414904650158,398.33014591696406,400.6887512207031,13183100
2024-02-29,MSFT,401.59293981884394,407.05705416129825,398.9198455368932,406.5067138671875,31947300
2024-03-01,MSFT,404.17756158377745,408.6982397267373,403.7943028017663,408.3346252441406,17823400
2024-03-04,MSFT,406.31016048803207,410.1527354833861,405.2094798738606,407.7646484375,17596000
2024-03-05,MSFT,406.821192843755,407.1062001502952,393.7309209213856,395.70623779296875,26919200
2024-03-06,MSFT,396.0206822488724,398.1729175476419,391.51967869638725,395.1558532714844,22344100
2024-03-07,MSFT,399.11641162004844,402.713298120837,395.3033178435415,402.0843505859375,18718500
2024-03-08,MSFT,400.92464441897226,403.3422428484954,397.35723965535834,399.21466064453125,18002200
2024-03-11,MSFT,396.7970720878644,398.68394443475927,394.34018518419236,397.5439453125,16120800
2024-03-12,MSFT,400.5904729541975,408.4033849510457,399.77479973523793,408.1183776855469,22457000
2024-03-13,MSFT,410.88979275530687,410.96839994406946,404.3544792559954,407.9415283203125,17115900
2024-03-14,MSFT,412.99286375239626,420.4421618629372,410.7816654727546,417.8869934082031,34157300
2024-03-15,MSFT,412.0592402980969,415.31215606424155,405.6713345351322,409.2387390136719,45079900
2024-03-18,MSFT,407.10616562272253,413.4744273628243,406.6442696787311,410.12322998046875,20106000
2024-03-19,MSFT,410.62439098905713,414.3981955018545,408.3837114296865,414.1426696777344,19837900
2024-03-20,MSFT,414.7225113763612,418.61421185332546,413.4056235884817,417.8968200683594,17860100
2024-03-21,MSFT,422.41751294459345,423.39046066082557,419.7935742345306,421.9654541015625,21296200
2024-03-22,MSFT,422.2897491598315,422.446963535343,418.7223444405752,421.3462829589844,17648500
2024-03-25,MSFT,417.9066492539799,420.03924040543956,414.3392444656493,415.56768798828125,18060500
2024-03-26,MSFT,418.270209700842,418.6436612820826,414.0836951106592,414.3785095214844,16725600
2024-03-27,MSFT,417.1204243635022,417.13026150811925,411.78407332169564,414.1623229980469,16705000
2024-03-28,MSFT,413.70042062857715,414.5947310272611,411.89215553357553,413.4645690917969,21871200
2024-04-01,MSFT,416.6388963047316,420.5109524938084,414.9387197575333,417.2481994628906,16316000
2024-04-02,MSFT,412.8650995128624,415.0959720756304,410.6342569413904,414.17218017578125,17912000
2024-04-03,MSFT,412.49169510873463,415.960818454912,411.86271762245,413.19927978515625,16502300
2024-04-04,MSFT,417.66095627375125,421.27751676074166,410.3689323931849,410.673583984375,19370900
2024-04-05,MSFT,412.76686502075876,419.15477140454254,411.1060069616712,418.18182373046875,16554800
2024-04-08,MSFT,417.8378673566601,419.91146556821536,416.00009070624833,417.2678527832031,14272400
2024-04-09,MSFT,419.08592477391875,420.3634939121141,414.3490398303801,418.9286804199219,12496900
2024-04-10,MSFT,414.90923013212864,416.7174952724338,412.4621804028437,415.9607849121094,16216600
2024-04-11,MSFT,418.4766338120234,421.96540116941117,415.07628079166767,420.55023193359375,17966400
2024-04-12,MSFT,416.73718451939897,417.84770230483133,412.53099493709567,414.624267578125,19253800
2024-04-15,MSFT,419.2432078029309,419.4594150607099,406.30031376342345,406.5067138671875,20273500
2024-04-16,MSFT,407.42067380289205,411.1846115754289,406.59516335126955,407.43048095703125,16765600
2024-04-17,MSFT,410.054408065017,411.6563030616971,403.2537321874578,404.7377014160156,15855500
2024-04-18,MSFT,403.54861503604855,404.78689570186344,396.98382006074763,397.29827880859375,21029900
2024-04-19,MSFT,397.0624207324797,398.48742718931453,390.91036608589934,392.2370910644531,30565800
2024-04-22,MSFT,393.18055056464544,395.90280071692837,388.9252352238132,394.0453796386719,20286900
2024-04-23,MSFT,397.26879155025864,401.16052215978465,396.10914808184776,400.5413818359375,15734500
2024-04-24,MSFT,402.4970231148721,405.3568429660157,399.76496617669443,402.0056457519531,15065300
2024-04-25,MSFT,387.23483657897395,392.9937947660836,381.338308328151,392.158447265625,40586500
2024-04-26,MSFT,405.06201771927783,405.8776909237546,398.7625564960581,399.3128967285156,29694700
2024-04-29,MSFT,398.2614054374624,399.3129603314087,392.3059134087563,395.3131408691406,19582100
2024-04-30,MSFT,394.5662074998568,395.2246663994194,382.4586913890698,382.61590576171875,28781400
2024-05-01,MSFT,385.83931510454033,394.79222617325195,383.5789912516123,388.129150390625,23562500
2024-05-02,MSFT,390.80223732859616,393.03307969917586,387.8441360864439,390.9791259765625,17709400
2024-05-03,MSFT,395.3425934548566,400.12860445610875,394.92982324925293,399.6470642089844,17446700
2024-05-06,MSFT,401.7108501382599,406.7916755135943,399.36205183771864,406.4084167480469,16996600
2024-05-07,MSFT,407.50911609687097,407.5189532422579,402.03516456718575,402.2808532714844,20018200
2024-05-08,MSFT,401.13105042212936,405.1210326153664,399.6962067828019,403.4601745605469,11792300
2024-05-09,MSFT,403.48959095331,405.6025074897573,402.04494039272004,405.20941162109375,14689700
2024-05-10,MSFT,405.81873052839654,408.2166544093559,404.69837576819543,407.5876770019531,13402300
2024-05-13,MSFT,410.8013229086305,411.13545592488975,403.7353138522874,406.5852966308594,15440200
2024-05-14,MSFT,404.9146577068904,410.2903281379281,404.45276171039177,409.3763732910156,15109300
2024-05-15,MSFT,411.43396907005973,417.25252925056685,410.81371203905996,416.5338134765625,22239500
2024-05-16,MSFT,415.2736305334928,418.8376448328751,413.8460838814957,414.4761657714844,17530100
2024-05-17,MSFT,416.00221762948183,416.37634285020215,411.56198942365705,413.708251953125,15352200
2024-05-20,MSFT,413.7082200976142,420.16671696584166,413.4916228836326,418.75885009765625,16272100
2024-05-21,MSFT,420.22581467067795,426.27082729608003,418.2764696581723,422.4016418457031,21453300
2024-05-22,MSFT,423.43539455106486,425.71950537683756,420.5212017999642,423.8587341308594,18073700
2024-05-23,MSFT,426.2708180980622,426.89107515061806,418.83764844643395,420.3931884765625,17211700
2024-05-24,MSFT,420.58028575397856,424.3904021961967,417.8433006318776,423.50433349609375,11855300
2024-05-28,MSFT,422.98250841239616,424.1540984130066,419.99939161518114,423.6618347167969,15718000
2024-05-29,MSFT,419.1034664398289,424.27223522977,419.1034664398289,422.5296325683594,15517100
2024-05-30,MSFT,417.7349716036768,417.7349716036768,407.8306281783295,408.2539978027344,28394500
2024-05-31,MSFT,410.3017776619535,410.3017776619535,398.2511723788605,408.70684814453125,47995300
2024-06-03,MSFT,409.1006748520027,409.9867435149057,402.5929630717942,407.12176513671875,17484700
2024-06-04,MSFT,406.04863004617806,409.99659455099004,403.341179685009,409.63232421875,14348900
2024-06-05,MSFT,411.3453510614717,417.51832644992857,409.85870521580796,417.4494323730469,16988000
2024-06-06,MSFT,417.449510532203,418.7293842506858,414.0725584079514,417.95159912109375,14861300
2024-06-07,MSFT,419.60557647742206,419.6843254469309,416.45507688003147,417.29193115234375,13621700
2024-06-10,MSFT,418.1288206635897,421.45649821147657,417.3313558315188,421.249755859375,13982900
2024-06-11,MSFT,418.89674157876317,426.1231693068597,418.670289453605,425.9853210449219,14551100
2024-06-12,MSFT,428.5844790234761,436.53944727057524,426.54650007534946,434.23565673828125,22366200
2024-06-13,MSFT,434.02896428414414,436.52967260389505,432.5718527345657,434.7476501464844,15960600
2024-06-14,MSFT,431.49865916361745,436.2834778568933,429.96279885352675,435.7222900390625,13582000
2024-06-17,MSFT,435.7419888452348,443.96279884211964,433.90092737019853,441.43255615234375,20790000
2024-06-18,MSFT,442.75181252074634,443.1751821409538,438.00641324566425,439.4339599609375,17112500
2024-06-20,MSFT,439.3945559147101,439.6210080275433,434.4423844149745,438.8038635253906,19877400
2024-06-21,MSFT,440.4579406674262,443.60841080405913,439.6014065051373,442.82080078125,34187100
2024-06-24,MSFT,442.84039572999666,445.74476346815527,439.50286359400394,440.7433776855469,15913700
2024-06-25,MSFT,441.31445050765626,444.43541589296024,439.8376592622319,443.9726867675781,16413400
2024-06-26,MSFT,442.05283004707155,446.58166237734525,441.2553652071883,445.1639404296875,16507000
2024-06-27,MSFT,445.1836455797366,449.11193080479063,444.77998569217993,445.8432922363281,14806300
2024-06-28,MSFT,446.05981801420484,448.33407381119525,439.5028621939787,440.0345153808594,28362300
2024-07-01,MSFT,441.7180347396165,450.293259356771,438.76445275458883,449.6631774902344,17662800
2024-07-02,MSFT,446.1877931726741,452.478907120072,446.099159273985,452.1737060546875,13979800
2024-07-03,MSFT,451.10061852531385,453.88681788882053,450.7954174304016,453.64068603515625,9932800
2024-07-05,MSFT,452.498587816865,461.1033770377166,451.8685059547019,460.3255920410156,16000300
2024-07-08,MSFT,459.33126311315795,460.4634937005408,457.27360437796756,459.02606201171875,12962300
2024-07-09,MSFT,459.77428381745585,460.09916463101644,450.91353744838284,452.4297180175781,17207200
2024-07-10,MSFT,454.0837171765978,459.24263100795065,451.76021694759896,459.035888671875,18196100
2024-07-11,MSFT,455.8165905429265,457.5887281716375,444.5634174508003,447.6647033691406,23111200
2024-07-12,MSFT,447.3003093014831,449.29889867197954,443.67725577045155,446.5323791503906,16324300
2024-07-15,MSFT,446.2863044349352,450.18505497376174,444.4452428142979,446.93609619140625,14429400
2024-07-16,MSFT,447.19208006387777,447.27082904351875,439.74905460392523,442.5647888183594,17175700
2024-07-17,MSFT,435.74198947896895,437.9670310742686,432.38474735385836,436.6575927734375,21778000
2024-07-18,MSFT,437.4649720966362,437.7701732363893,427.6787657535016,433.556396484375,20794800
2024-07-19,MSFT,426.39880643244663,434.31441483454387,425.3158203253179,430.34674072265625,20940400
2024-07-22,MSFT,434.95434740544323,437.72086686190295,432.1189038234256,436.0865478515625,15808800
2024-07-23,MSFT,437.0317583747776,441.45230735280467,436.2441483800791,437.9670715332031,13107100
2024-07-24,MSFT,433.6350720518326,434.649133994153,420.9740350363965,422.2637634277344,26805800
2024-07-25,MSFT,422.1653174889069,423.1498448431678,411.0500252919827,411.9262390136719,29943800
2024-07-26,MSFT,411.72938578526725,422.28352110182095,410.8137524352177,418.6899719238281,23583800
2024-07-29,MSFT,424.9023450000168,425.46353285919287,418.12882136064246,420.1274108886719,15125800
2024-07-30,MSFT,421.10209315676275,422.4115014796213,410.90237288373,416.3763732910156,32687600
2024-07-31,MSFT,413.99380325758636,415.25399722383173,405.83206207673004,411.8770751953125,42891400
2024-08-01,MSFT,414.2792724511176,420.84605305704525,406.69839983005807,410.65618896484375,30296400
2024-08-02,MSFT,406.10766494731143,408.57883813707474,398.08377329176966,402.1695556640625,29437900
2024-08-05,MSFT,383.1485558976655,394.83489176821496,379.6140759587015,389.0360107421875,40709200
2024-08-06,MSFT,393.8109209877184,399.39320401269043,392.3341300340145,393.42694091796875,24946500
2024-08-07,MSFT,402.31727423535324,403.73496598996115,391.3200904199489,392.2652282714844,20650900
2024-08-08,MSFT,396.2131882314223,399.58025493530266,393.75186986205176,396.4593200683594,20203000
2024-08-09,MSFT,397.77859311198716,401.73638233312255,396.03599047899144,399.73779296875,19276700
2024-08-12,MSFT,400.76175687200634,402.4354656198074,397.9853821448799,400.515625,16762900
2024-08-13,MSFT,403.2525628062739,408.5296451452922,403.23288307516907,407.60418701171875,19414300
2024-08-14,MSFT,408.38197108714223,411.2568044389076,406.0683556338293,410.41009521484375,18267000
2024-08-15,MSFT,414.0495635460023,415.34161674551206,411.9388929382302,415.2627258300781,20752100
2024-08-16,MSFT,414.8385596674218,415.56841339671666,411.5837455377081,412.73773193359375,22775600
2024-08-19,MSFT,413.22105614207504,415.9728470077707,410.75530126947416,415.755859375,15234000
2024-08-20,MSFT,415.92353667507666,420.0265262237166,415.86436096713305,418.9810485839844,16387600
2024-08-21,MSFT,418.27090283610073,420.55913050260955,415.943244764668,418.3301086425781,16067300
2024-08-22,MSFT,418.54707521874735,420.94381179948715,408.9306313403218,409.8577575683594,19361900
2024-08-23,MSFT,411.2681797994915,413.51694694228206,406.4451490290269,411.0807800292969,18493800
2024-08-26,MSFT,410.6665432369522,411.56408163461276,405.7054455704439,407.82598876953125,13152800
2024-08-27,MSFT,407.2045864016282,408.6840392458711,404.6303529004273,408.1711730957031,13492900
2024-08-28,MSFT,409.1969570716752,409.3153084895278,401.7306441001557,404.9755859375,14882700
2024-08-29,MSFT,409.2561363555491,416.26872882049446,404.975589475056,407.4610595703125,17045200
2024-08-30,MSFT,409.90708149754283,411.7711764633265,406.4846126518204,411.4259948730469,24308300
2024-09-03,MSFT,412.18542969380115,414.1284456363182,401.45446023053216,403.8314514160156,20313600
2024-09-04,MSFT,400.34985575804666,405.6068322704441,398.8309422223781,403.29888916015625,15135800
2024-09-05,MSFT,402.0363656944642,407.44131080829675,400.56678553175374,402.79583740234375,14195500
2024-09-06,MSFT,403.4566466739337,405.02486305915306,395.3097834719027,396.1974792480469,19609500
2024-09-09,MSFT,401.6615826272171,403.0522719406784,396.6413094868822,400.16241455078125,15295100
2024-09-10,MSFT,402.6084639940855,410.627073483588,402.11531302402886,408.5262756347656,19594300
2024-09-11,MSFT,409.8084532189213,418.1821469994098,403.9695325309428,417.24517822265625,19266900
2024-09-12,MSFT,417.51148327493246,421.51586685329676,414.00025068010603,421.15093994140625,17395700
2024-09-13,MSFT,419.9969653323754,425.9147773030141,419.63203841011375,424.6917724609375,15874600
2024-09-16,MSFT,424.70160374609685,427.5914610863902,422.3542004104568,425.43145751953125,13834700
2024-09-17,MSFT,434.19963882925236,435.7974428799394,426.34865507224634,429.189208984375,18874200
2024-09-18,MSFT,429.04136013434226,430.05724996700025,424.5142376703877,424.90875244140625,18898000
2024-09-19,MSFT,435.18603209956774,435.4523227974912,430.9153276838819,432.6808166503906,21706600
2024-09-20,MSFT,431.23091793236443,433.22323693457605,428.27201223229315,429.3076171875,55167100
2024-09-23,MSFT,428.3311884542686,430.48131937501944,424.4944897103184,427.5717468261719,15128900
2024-09-24,MSFT,427.0687217553129,427.4139334394583,420.2632446802758,423.29119873046875,17015800
2024-09-25,MSFT,423.94212038705155,427.18706197372046,422.6994004960537,426.1908874511719,13396400
2024-09-26,MSFT,429.1301061037402,429.3372210826113,423.251754987828,425.4018859863281,14492000
2024-09-27,MSFT,425.6089779793521,425.93447445668835,421.6144673905514,422.15692138671875,14896100
2024-09-30,MSFT,422.3443029301565,424.5240516705587,419.54320931350645,424.4056701660156,16807300
2024-10-01,MSFT,422.58108089859957,422.61066875300435,413.07311568923785,414.9273681640625,19092900
2024-10-02,MSFT,416.79143435299875,417.02816727140424,411.00184714518315,411.4161071777344,16582300
2024-10-03,MSFT,411.9092940444477,413.8029769595959,408.6150490966078,410.834228515625,13686400
2024-10-04,MSFT,412.5109404707377,414.00026612845136,409.28574375388894,410.3608093261719,19169700
2024-10-07,MSFT,410.30158600641573,411.3963666559109,403.3974727803463,403.9300842285156,20919800
2024-10-08,MSFT,405.27145839926953,409.966265233936,402.57887338489604,409.0292663574219,19229300
2024-10-09,MSFT,410.16348810998284,414.6215919010832,408.62485957486433,411.7415771484375,14974300
2024-10-10,MSFT,409.54216908706456,411.63312440285347,407.49064417755886,410.143798828125,13848400
2024-10-11,MSFT,410.4396603934482,411.4160895790265,407.58923364023417,410.6171875,14144900
2024-10-14,MSFT,412.047300792356,418.2314324717677,411.80072533718436,413.3985595703125,16653100
2024-10-15,MSFT,416.3969398711013,416.69284850861214,409.57174739931537,413.0040588378906,18900200
2024-10-16,MSFT,409.4829531752425,410.65662468764714,404.85719508098555,410.419921875,15508900
2024-10-17,MSFT,416.57447660649984,416.7125733271007,409.89722324961605,411.0117492675781,14820000
2024-10-18,MSFT,411.4260201751563,413.90161766396704,410.5580696214905,412.4320373535156,17145300
2024-10-21,MSFT,410.41998166329415,413.22107571933117,408.08245074925037,413.0435485839844,14206100
2024-10-22,MSFT,412.75746835174544,424.68185459098345,412.31365056093216,421.6539306640625,25482200
2024-10-23,MSFT,424.9580432083023,425.17503084101816,416.74216121867397,418.7838134765625,19654400
2024-10-24,MSFT,419.5037748840412,420.144895200207,416.6139175340375,418.9120178222656,13581600
2024-10-25,MSFT,420.914242666979,426.5953216047658,420.72684288279277,422.2851867675781,16899100
2024-10-28,MSFT,425.7470788183642,426.02324214447043,420.46048501920137,420.74652099609375,14882400
2024-10-29,MSFT,422.1372070838931,427.23640107681365,419.96733089551304,426.0331115722656,17644100
2024-10-30,MSFT,431.44794042425275,432.4934181148105,426.1810914644013,426.6051940917969,29749100
2024-10-31,MSFT,409.67040499598727,410.459464695632,400.734510831916,400.7838439941406,53971000
2024-11-01,MSFT,403.40736208449033,409.80845197934053,401.9180365381017,404.74871826171875,24230400
2024-11-04,MSFT,404.18650910637746,404.7980415718176,400.01447130701087,402.8648681640625,19672300
2024-11-05,MSFT,402.7761220934701,409.21667261639857,402.49008610038965,405.82379150390625,17626000
2024-11-06,MSFT,406.77069419877853,414.69069825173966,404.89669627254005,414.42437744140625,26681800
2024-11-07,MSFT,415.5092398399127,421.0029483375747,414.12842327754487,419.6023864746094,19901800
2024-11-08,MSFT,419.4939322441371,420.65776126477715,416.0024150826717,416.75201416015625,16891400
2024-11-11,MSFT,416.7323203125478,418.9909603752076,410.3016419524007,412.28411865234375,24503300
2024-11-12,MSFT,412.5207686609151,418.6259798148705,411.485163708279,417.23529052734375,19401200
2024-11-13,MSFT,415.8643474786666,423.4489813965326,412.4813090867046,419.3755798339844,21502200
2024-11-14,MSFT,419.17832483529844,422.30491523139983,414.24681513135374,421.0424499511719,30246900
2024-11-15,MSFT,414.06929022111444,417.0084507566798,407.9739514183208,409.3153076171875,28247600
2024-11-18,MSFT,409.18708769998454,412.6687324009395,406.4550421174999,410.0649108886719,24727000
2024-11-19,MSFT,407.45119206262405,412.2150474297726,405.9125633985823,412.0671081542969,18133500
2024-11-20,MSFT,411.1596854793811,411.57394553855335,404.9558378403451,409.798583984375,19191700
2024-11-21,MSFT,414.5818472703372,414.85856338751086,405.47983232208855,408.0295715332031,20780200
2024-11-22,MSFT,406.547145598137,412.50644943843054,406.2407824115055,412.11114501953125,24814600
2024-11-25,MSFT,413.4749606494442,416.14328803070504,409.9863472135053,413.8801574707031,27691100
2024-11-26,MSFT,414.6707766023476,424.0099980685231,413.93946191933657,422.9722900390625,23458900
2024-11-27,MSFT,420.12605489536344,422.22122564388053,417.07228524559736,418.0309143066406,18332400
2024-11-29,MSFT,415.16493646523105,419.8987878079345,412.90177557031507,418.49542236328125,16271900
2024-12-02,MSFT,416.6275643373692,427.9235529659965,416.370602899235,425.92724609375,20207200
2024-12-03,MSFT,424.80061260374794,427.3997836787713,422.72522667678595,426.1446838378906,18302000
2024-12-04,MSFT,427.9531712486171,434.5153386133413,427.5578668656341,432.2917175292969,26009400
2024-12-05,MSFT,432.7859063083414,439.44687793021666,431.0564230401268,437.4307861328125,21697800
2024-12-06,MSFT,437.1145294101148,440.8699968788184,436.5907442566123,438.3696594238281,18821000
2024-12-09,MSFT,437.41103647885797,443.0738395996816,435.33565050126293,440.7909240722656,19144400
2024-12-10,MSFT,439.1800467406791,444.34871163189086,436.42274787532307,438.1324462890625,18469500
2024-12-11,MSFT,438.84401807874156,445.0701760009867,438.84401807874156,443.7261047363281,19200200
2024-12-12,MSFT,443.8446923743848,450.81205740820604,443.8446923743848,444.2894287109375,20834800
2024-12-13,MSFT,443.1825414368637,446.13747735633456,440.3560560775405,442.0262451171875,20177800
2024-12-16,MSFT,442.02626356510217,446.8787030896928,440.0596036741231,446.2956237792969,23598800
2024-12-17,MSFT,445.7224537683285,449.9522746519603,444.2993336430134,449.1319885253906,22733500
2024-12-18,MSFT,446.0287948744165,447.34318887069384,431.89642797238076,432.2621154785156,24444500
2024-12-19,MSFT,436.4425256398133,437.98423408144293,431.2046739034814,431.9063415527344,22963700
2024-12-20,MSFT,428.0323101896431,438.53769150433186,423.60485191230276,431.4814147949219,64263700
2024-12-23,MSFT,431.61970806424813,432.51904296318025,427.7555447705133,430.1471862792969,19152500
2024-12-24,MSFT,429.5541964268554,434.4461751355928,429.09959787026054,434.1793212890625,7164500
2024-12-26,MSFT,433.9322618472237,435.7704710980457,431.51100346947777,432.9736328125,8194200
2024-12-27,MSFT,429.5048352492743,430.117561657289,421.351556737901,425.4825439453125,18117700
2024-12-30,MSFT,421.0649252132939,422.53744699473475,416.95369289645987,419.8493347167969,13158700
2024-12-31,MSFT,421.1045179635724,421.7271368293111,415.7282927277236,416.5584411621094,13246500
2020-01-02,NVDA,5.934968095675587,5.963803768157959,5.884505550296847,5.963803768157959,237536000
2020-01-03,NVDA,5.844234388573591,5.912098283248919,5.819375789570351,5.86834716796875,205384000
2020-01-06,NVDA,5.775127201579622,5.898176519464269,5.74902588859055,5.892956256866455,262636000
2020-01-07,NVDA,5.921295812236685,6.010040762284661,5.876301978898439,5.964301109313965,314856000
2020-01-08,NVDA,5.960075367023141,6.016752920110511,5.920053346777654,5.97548770904541,277108000
2020-01-09,NVDA,6.0617455010434655,6.113451228430026,5.987418636459854,6.041112899780273,255112000
2020-01-10,NVDA,6.148254313226695,6.178581626426708,6.0592609099923775,6.073430061340332,316296000
2020-01-13,NVDA,6.156457847574533,6.288953447003874,6.133836231355337,6.263846397399902,319840000
2020-01-14,NVDA,6.221088269155128,6.246444236201566,6.133834971804429,6.147010326385498,359088000
2020-01-15,NVDA,6.159687144131589,6.182059830595378,6.0786483863428815,6.104501247406006,263104000
2020-01-16,NVDA,6.157948519655376,6.193993464647111,6.134581559774977,6.188027381896973,284192000
2020-01-17,NVDA,6.2071673235684,6.214625044311348,6.149247067465797,6.1967267990112305,253792000
2020-01-21,NVDA,6.160185135994632,6.196975895565761,6.129360458357694,6.163416862487793,217916000
2020-01-22,NVDA,6.20866005785512,6.303867986192193,6.189767541283975,6.217360496520996,239240000
2020-01-23,NVDA,6.2573834759438345,6.294173769700094,6.168638520500725,6.285721778869629,244516000
2020-01-24,NVDA,6.401064334103999,6.450781528296051,6.172366094269509,6.226557731628418,373512000
2020-01-27,NVDA,5.922290610131101,6.0219734668079825,5.772891023514302,5.97101354598999,470536000
2020-01-28,NVDA,6.036886387353751,6.196477998740835,5.9836890255119775,6.1641621589660645,310976000
2020-01-29,NVDA,6.149744520950623,6.18578946048405,6.0639823907408665,6.103756427764893,258848000
2020-01-30,NVDA,6.006062188703586,6.1238917135787965,5.951125209315321,6.110467910766602,290504000
2020-01-31,NVDA,6.064728525606393,6.076660689920249,5.835533393119387,5.87729549407959,370420000
2020-02-03,NVDA,5.859148940575211,5.993633529611149,5.852934409802068,5.974244117736816,255564000
2020-02-04,NVDA,6.115938854061318,6.162424332080712,6.065973200110566,6.143282890319824,271544000
2020-02-05,NVDA,6.264093880586738,6.274285957619516,6.150241893918573,6.233518123626709,208220000
2020-02-06,NVDA,6.267823274549807,6.320274353027344,6.186784499679763,6.320274353027344,218284000
2020-02-07,NVDA,6.280251702987878,6.302375943450668,6.228794423639679,6.254150390625,189752000
2020-02-10,NVDA,6.276772881473703,6.537787009661811,6.271801066388234,6.537041664123535,529608000
2020-02-11,NVDA,6.645174095338608,6.773941033991019,6.583276295760601,6.659343242645264,638556000
2020-02-12,NVDA,6.712043178559974,6.781398698012812,6.673263885981317,6.774935245513916,374644000
2020-02-13,NVDA,6.717017237996871,6.798304473458511,6.689672728229465,6.731186389923096,528016000
2020-02-14,NVDA,7.140853762856807,7.332512804476498,7.109532184607518,7.2037458419799805,1041924000
2020-02-18,NVDA,7.100582772620869,7.3906819386275275,7.081193359788082,7.372286319732666,620164000
2020-02-19,NVDA,7.494589792085745,7.840620188422673,7.494589792085745,7.822970390319824,694332000
2020-02-20,NVDA,7.774994022694895,7.863241593793257,7.366817357632579,7.6738200187683105,810052000
2020-02-21,NVDA,7.561709436571416,7.586816487039171,7.225373675917475,7.310141086578369,768180000
2020-02-24,NVDA,6.716519786285726,7.006867440277044,6.662079690063304,6.793332576751709,856916000
2020-02-25,NVDA,6.868403619519949,6.930301423578362,6.412498802092312,6.514170169830322,1055496000
2020-02-26,NVDA,6.514418977708999,6.847274499035752,6.512927812738994,6.653378009796143,747732000
2020-02-27,NVDA,6.34022149999743,6.64118950204724,6.190732598799759,6.283012866973877,906416000
2020-02-28,NVDA,6.0307988288926,6.777000110355166,6.0141338073688475,6.717552661895752,1133252000
2020-03-02,NVDA,6.887436955320719,6.904599643014992,6.491950295924303,6.875746250152588,890744000
2020-03-03,NVDA,6.931462850373076,6.991158887369875,6.528265410526086,6.61358118057251,652792000
2020-03-04,NVDA,6.7207843015651045,7.0861740517049165,6.646163911200993,7.076722145080566,597408000
2020-03-05,NVDA,6.877487452109259,7.044139068065729,6.753120588691652,6.797644138336182,540328000
2020-03-06,NVDA,6.618306817272901,6.675764530909443,6.417329829721976,6.617311954498291,515412000
2020-03-09,NVDA,5.967120766033099,6.452151618777206,5.924338828512039,6.10491943359375,614160000
2020-03-10,NVDA,6.381015119188688,6.493940353393555,6.118601425283802,6.493940353393555,580648000
2020-03-11,NVDA,6.354151057970355,6.382506779809828,6.033533424930338,6.130539417266846,499964000
2020-03-12,NVDA,5.607950277656812,5.873100416742841,5.367673605207644,5.380359172821045,816540000
2020-03-13,NVDA,5.7333111558750876,5.994978999609034,5.462440477167129,5.990501880645752,634836000
2020-03-16,NVDA,5.283351526439056,5.62386825544811,4.825432952903463,4.885128974914551,726972000
2020-03-17,NVDA,4.997310754320395,5.493534901731949,4.75081574827666,5.404239177703857,833632000
2020-03-18,NVDA,4.977161561552436,5.221915344621923,4.494120840313374,5.044816970825195,874268000
2020-03-19,NVDA,5.023425058031686,5.390804989871851,4.810260686946355,5.297281265258789,765512000
2020-03-20,NVDA,5.447268167132194,5.728834719934263,5.102274726874198,5.117696285247803,804636000
2020-03-23,NVDA,5.11670186259857,5.384588507711456,4.937862326875791,5.290318012237549,643876000
2020-03-24,NVDA,5.6960006825833585,6.284504799226596,5.672371155826761,6.1979451179504395,1101644000
2020-03-25,NVDA,6.312862293100567,6.512346769675058,6.060646288704762,6.109398365020752,793432000
2020-03-26,NVDA,6.316343007132028,6.522294753716267,6.218342158638994,6.398425579071045,696108000
2020-03-27,NVDA,6.21834371533813,6.54468246183584,6.185510868111897,6.286248207092285,638828000
2020-03-30,NVDA,6.351664829525948,6.615322944620109,6.3076389446385654,6.606119632720947,602252000
2020-03-31,NVDA,6.646165858837686,6.850127939399178,6.411112532873949,6.55662202835083,949960000
2020-04-01,NVDA,6.358877293798993,6.5051325489684855,6.0014468918111765,6.0459699630737305,656912000
2020-04-02,NVDA,6.075072846746822,6.36758387464943,6.027067511719613,6.354401111602783,675764000
2020-04-03,NVDA,6.316843165586371,6.35838166203492,5.929564860651312,6.066865921020508,663212000
2020-04-06,NVDA,6.348679878999139,6.712826240772359,6.291222162421738,6.676013469696045,727884000
2020-04-07,NVDA,6.897386723143072,6.921016732850142,6.3999192267850225,6.442950248718262,784520000
2020-04-08,NVDA,6.551895643674328,6.664820884410163,6.482001425407464,6.639947414398193,542444000
2020-04-09,NVDA,6.765558123153106,6.78844139261449,6.477524208175872,6.540453910827637,525564000
2020-04-13,NVDA,6.480757551993029,6.720785644616619,6.392457189784047,6.712080001831055,398408000
2020-04-14,NVDA,6.840177411632227,7.096870512386343,6.812567953080137,7.062794208526611,530948000
2020-04-15,NVDA,6.894898243400246,7.068265763838534,6.849628905717081,6.985437393188477,366148000
2020-04-16,NVDA,7.1406472096626326,7.4371376439735055,7.127464448617053,7.330182075500488,745620000
2020-04-17,NVDA,7.41226513448081,7.433656345818027,7.137165873276941,7.270984649658203,539120000
2020-04-20,NVDA,7.144627352201528,7.30033451878303,7.095626685846547,7.139901161193848,449388000
2020-04-21,NVDA,7.022001664063456,7.083189755050889,6.643926307064967,6.703622341156006,735160000
2020-04-22,NVDA,6.89564456745756,7.16029750557425,6.850126632313321,7.1175150871276855,483356000
2020-04-23,NVDA,7.159551578055297,7.291380147551621,7.039164167732887,7.064286231994629,424160000
2020-04-24,NVDA,7.054087978242391,7.205068949035195,6.979467582590378,7.2030792236328125,352328000
2020-04-27,NVDA,7.337395205269283,7.549067532190591,7.312770338618193,7.38938045501709,479388000
2020-04-28,NVDA,7.536632530726662,7.566480789850535,7.241634568960474,7.247106552124023,442904000
2020-04-29,NVDA,7.381671326882136,7.476439012322255,7.306553724860844,7.423707485198975,379160000
2020-04-30,NVDA,7.369730516188236,7.423705966666164,7.256059510755734,7.269988536834717,375916000
2020-05-01,NVDA,7.072742973426641,7.185916793498489,6.985437482195325,7.033691883087158,342096000
2020-05-04,NVDA,6.986433684527206,7.259046052360772,6.986433684527206,7.245365619659424,317556000
2020-05-05,NVDA,7.349336910956672,7.468729006510758,7.245365903013493,7.306305885314941,368896000
2020-05-06,NVDA,7.385652239722701,7.511760257103427,7.347844599338429,7.407042980194092,323464000
2020-05-07,NVDA,7.5460847229172225,7.646324398833657,7.494845723456758,7.583146095275879,373732000
2020-05-08,NVDA,7.654781512171263,7.779148394495482,7.620953799881972,7.772930145263672,339216000
2020-05-11,NVDA,7.767953212795398,8.071408625567924,7.739348894683899,8.024646759033203,469060000
2020-05-12,NVDA,8.08235371634575,8.131105315022058,7.753279002014851,7.762979507446289,493060000
2020-05-13,NVDA,7.877397272370404,8.037581571057249,7.556281934861087,7.740593910217285,625852000
2020-05-14,NVDA,7.802030552114325,7.99529675418394,7.648561706335305,7.9898247718811035,602312000
2020-05-15,NVDA,7.849788147818248,8.457444400932566,7.834117990428447,8.447744369506836,987660000
2020-05-18,NVDA,8.716126021314118,8.871335982321789,8.636531315491272,8.705927848815918,774460000
2020-05-19,NVDA,8.745725629128797,9.041469799498309,8.718364769756874,8.76089859008789,717320000
2020-05-20,NVDA,8.945460766522393,8.997197432107013,8.843728564013752,8.924567222595215,587536000
2020-05-21,NVDA,9.005650225288797,9.00664461328584,8.69324065354223,8.730799674987793,761068000
2020-05-22,NVDA,8.780547685374982,9.046942204307483,8.669115477795355,8.98052978515625,1038764000
2020-05-26,NVDA,9.110369079581073,9.135243019223017,8.62807463372257,8.673592567443848,770780000
2020-05-27,NVDA,8.581313337076326,8.589023642130156,7.956245377477276,8.48206901550293,1175892000
2020-05-28,NVDA,8.369638474669662,8.716124849432788,8.336805639211011,8.444010734558105,734896000
2020-05-29,NVDA,8.51117118789498,8.830545425415039,8.442023234926523,8.830545425415039,745256000
2020-06-01,NVDA,8.788508985175579,8.795970693494391,8.645486899720394,8.761645317077637,389876000
2020-06-02,NVDA,8.751693753150318,8.792485486965848,8.614143696526794,8.780546188354492,391320000
2020-06-03,NVDA,8.777564844600539,8.821341654091105,8.655933498137044,8.725081443786621,365440000
2020-06-04,NVDA,8.687755724694108,8.90201324294868,8.637488658846792,8.726078987121582,424280000
2020-06-05,NVDA,8.753950844015113,8.955516553513727,8.667849509418327,8.87887191772461,481748000
2020-06-08,NVDA,8.836315791447598,8.84875796278578,8.645699106542606,8.764399528503418,387736000
2020-06-09,NVDA,8.759422705552621,9.067744029316774,8.710897571535652,9.004287719726562,468488000
2020-06-10,NVDA,9.125476073854845,9.456193647383984,9.111291031556593,9.32355785369873,632180000
2020-06-11,NVDA,9.10780969358321,9.218546652685198,8.745488699129474,8.755691528320312,583652000
2020-06-12,NVDA,9.120254531383791,9.144890172707596,8.663121562816828,8.891314506530762,570908000
2020-06-15,NVDA,8.774603216221042,9.139910604567905,8.703432128605263,9.131449699401855,400004000
2020-06-16,NVDA,9.182462012681775,9.22401944930365,8.797992597026973,9.02668285369873,535716000
2020-06-17,NVDA,9.071725930471368,9.256121053617617,9.028425617741286,9.193411827087402,408304000
2020-06-18,NVDA,9.184453472998934,9.239697586467326,9.072472033633701,9.175495147705078,254408000
2020-06-19,NVDA,9.19988217763818,9.401447821597749,9.184702291926113,9.218544960021973,524160000
2020-06-22,NVDA,9.257117593182326,9.487301102199996,9.230490376313739,9.482821464538574,398468000
2020-06-23,NVDA,9.506957666162588,9.598036018461734,9.364120002183721,9.406423568725586,375108000
2020-06-24,NVDA,9.432556171138103,9.512436887422146,9.102335902683947,9.192916870117188,449372000
2020-06-25,NVDA,9.312608836578514,9.461170645155038,9.139908819257684,9.446239471435547,376072000
2020-06-26,NVDA,9.456195773769487,9.456195773769487,9.082924887962797,9.112786293029785,592084000
2020-06-29,NVDA,9.12747025510975,9.16206001434002,8.858963428244438,9.157580375671387,342248000
2020-06-30,NVDA,9.271049973801642,9.482320970805901,9.223769354877346,9.45395278930664,367892000
2020-07-01,NVDA,9.476847385994699,9.531594070429003,9.369594310080467,9.486054420471191,326648000
2020-07-02,NVDA,9.594557451840295,9.692603549009341,9.53408754395662,9.567931175231934,364056000
2020-07-06,NVDA,9.696828302232177,9.863058044346857,9.667713036457133,9.793878555297852,315892000
2020-07-07,NVDA,9.900388525931161,10.023567657874754,9.805328877086755,9.826231956481934,357800000
2020-07-08,NVDA,9.947664888292769,10.177849271801671,9.919545417283134,10.168889999389648,365480000
2020-07-09,NVDA,10.332385556783915,10.521260318665224,10.186311788352297,10.460541725158691,494548000
2020-07-10,NVDA,10.539925164838058,10.606118244789283,10.330893436767795,10.430930137634277,497676000
2020-07-13,NVDA,10.546147190037164,10.742487094268514,9.978774789284222,10.005899429321289,457076000
2020-07-14,NVDA,10.028545492174292,10.354784490993348,9.740380097949847,10.329153060913086,542676000
2020-07-15,NVDA,10.366226953816128,10.384889732182657,10.009379632877474,10.180088996887207,403984000
2020-07-16,NVDA,9.968823396309162,10.159688854279503,9.849874224846475,10.088021278381348,344964000
2020-07-17,NVDA,10.178351366171277,10.201245080090619,10.041236843957755,10.154461860656738,266284000
2020-07-20,NVDA,10.226876681585614,10.482691654674758,10.109918156387948,10.462285995483398,284852000
2020-07-21,NVDA,10.464525191224924,10.511309360060423,10.239318710124904,10.280876159667969,277036000
2020-07-22,NVDA,10.31969594109073,10.553612018427057,10.244046163134492,10.390617370605469,367292000
2020-07-23,NVDA,10.401813069331192,10.498365907215756,9.98499418719761,10.083040237426758,411660000
2020-07-24,NVDA,9.82946475245161,10.316956343600856,9.731917071829855,10.147491455078125,473292000
2020-07-27,NVDA,10.185069107587438,10.393602461072307,10.170635352239847,10.373446464538574,292132000
2020-07-28,NVDA,10.326413559651314,10.334127383052609,10.162174431448639,10.168395042419434,271636000
2020-07-29,NVDA,10.342838679361162,10.467759731459614,10.299290598378333,10.417243957519531,284508000
2020-07-30,NVDA,10.32715949631909,10.574016079653706,10.247777173412945,10.565057754516602,308880000
2020-07-31,NVDA,10.514541633004042,10.71685531257527,10.384892248538662,10.565804481506348,386080000
2020-08-03,NVDA,10.683011944240379,11.047573183866636,10.665841424159556,10.959481239318848,412720000
2020-08-04,NVDA,10.999047691929793,11.17597770690918,10.855711635123345,11.17597770690918,310336000
2020-08-05,NVDA,11.192154590342838,11.31931498345862,11.114762888879284,11.23470687866211,249924000
2020-08-06,NVDA,11.297417740727406,11.305629936758018,11.127206664381877,11.283233642578125,244316000
2020-08-07,NVDA,11.260338450705653,11.45170224316212,10.986606845979392,11.147859573364258,342516000
2020-08-10,NVDA,11.281985893399753,11.355644071852428,10.806438122163634,11.113515853881836,427796000
2020-08-11,NVDA,11.022686125227102,11.0853962946979,10.745968163927468,10.799968719482422,354512000
2020-08-12,NVDA,10.940069605622536,11.414123210949473,10.90771920429623,11.387496948242188,464412000
2020-08-13,NVDA,11.492760654115996,11.667700995815364,11.303388455676876,11.390235900878906,374460000
2020-08-14,NVDA,11.47683657284962,11.650781152441137,11.387749768397919,11.510680198669434,366436000
2020-08-17,NVDA,11.796605594568273,12.352530734469777,11.762762917173625,12.280116081237793,621300000
2020-08-18,NVDA,12.392588529878653,12.438376886314678,12.030516401269288,12.204211235046387,503448000
2020-08-19,NVDA,12.239797617352234,12.258211685972064,12.042212325840874,12.082526206970215,622624000
2020-08-20,NVDA,11.91978322105072,12.317938426854452,11.823976501691238,12.085017204284668,921388000
2020-08-21,NVDA,12.145488010516427,12.749689506590398,12.139017738747308,12.625017166137695,999868000
2020-08-24,NVDA,12.824345120697485,12.8529629768823,12.449829681448923,12.661599159240723,490564000
2020-08-25,NVDA,12.572509358263392,12.702407463725917,12.515772025592227,12.69120979309082,289076000
2020-08-26,NVDA,12.74023159092039,12.809162381604702,12.619291819047708,12.714102745056152,321244000
2020-08-27,NVDA,12.722561844110212,12.790746493496862,12.50855309966064,12.570018768310547,317604000
2020-08-28,NVDA,12.616556830940121,13.087375442447696,12.584206419909009,13.087126731872559,537160000
2020-08-31,NVDA,13.121962673479885,13.512404027360901,12.977631777675004,13.31282901763916,500840000
2020-09-01,NVDA,13.421854339655281,13.933388384548888,13.37854202757832,13.761384010314941,511316000
2020-09-02,NVDA,14.640328637897767,14.663230147107154,13.840045378460548,14.28462028503418,874012000
2020-09-03,NVDA,13.769101909402469,13.8246113357648,12.823199748148971,12.959360122680664,945128000
2020-09-04,NVDA,12.728611687105868,13.11817478517767,11.65426602615585,12.568058013916016,1463684000
2020-09-08,NVDA,11.683883060258147,12.495865651948236,11.653763946519138,11.861613273620605,795728000
2020-09-09,NVDA,12.346514414990567,12.75399944583385,12.178990048023763,12.66015625,736200000
2020-09-10,NVDA,12.933221503379654,13.008893892719685,12.114517885577857,12.258644104003906,698684000
2020-09-11,NVDA,12.431648467079839,12.597927988274872,11.844441860177023,12.112032890319824,636928000
2020-09-14,NVDA,13.024578926203295,13.257568885233198,12.576768855905764,12.816728591918945,1201744000
2020-09-15,NVDA,13.22271812799774,13.241387442148234,12.772419322351125,12.934965133666992,727556000
2020-09-16,NVDA,12.901361990824535,13.036277502029263,12.459775343133906,12.460521697998047,556384000
2020-09-17,NVDA,12.079921843900053,12.535449042053106,11.982842526145728,12.409743309020996,792512000
2020-09-18,NVDA,12.539426243344309,12.57800878946444,11.937036396227326,12.13667106628418,698460000
2020-09-21,NVDA,11.873565272826937,12.468487983542184,11.85315351112342,12.463260650634766,721044000
2020-09-22,NVDA,12.5207622481134,12.593447344321817,12.103072204677165,12.58324146270752,646452000
2020-09-23,NVDA,12.521259187948008,12.672106440614145,12.027150399322249,12.071457862854004,647012000
2020-09-24,NVDA,12.020178023608716,12.515282794648023,11.962178853262726,12.294737815856934,731240000
2020-09-25,NVDA,12.393811984118468,12.827931310749506,12.19293236465039,12.818222999572754,588016000
2020-09-28,NVDA,12.984004264530533,12.995455019452848,12.695006353439096,12.978776931762695,573808000
2020-09-29,NVDA,12.881698289843444,13.384769035049606,12.877467046243323,13.168704986572266,621460000
2020-09-30,NVDA,13.100747146215685,13.563741582725115,13.09352858524547,13.472138404846191,689184000
2020-10-01,NVDA,13.698657963887262,13.70338677682619,13.402689348438638,13.555776596069336,525004000
2020-10-02,NVDA,13.167957222470799,13.461186360734684,12.994706996717781,13.005908966064453,552496000
2020-10-05,NVDA,13.178909786872856,13.585398755238357,13.165716588093956,13.583656311035156,479820000
2020-10-06,NVDA,13.770348670376706,14.081003232270978,13.60606038275203,13.677251815795898,784420000
2020-10-07,NVDA,13.939368550099026,14.058353300449893,13.803705709048165,13.903772354125977,418084000
2020-10-08,NVDA,14.014292260405256,14.023751786873135,13.698660090271776,13.779061317443848,378900000
2020-10-09,NVDA,13.707621361148332,13.764624457346555,13.601829820935107,13.703389167785645,346892000
2020-10-12,NVDA,13.929160708195548,14.285118819607398,13.852493157883188,14.164640426635742,434744000
2020-10-13,NVDA,14.234835409119126,14.28661116418,13.958283407222073,14.186793327331543,344604000
2020-10-14,NVDA,14.228861750713278,14.280886294295177,13.899787616295503,14.034454345703125,276100000
2020-10-15,NVDA,13.751179945542122,13.945338546007145,13.70836519762374,13.909743309020996,267224000
2020-10-16,NVDA,13.976206063082346,14.060590691280174,13.733009274050568,13.751927375793457,242392000
2020-10-19,NVDA,13.843032985585035,13.92318542080633,13.348923276048108,13.439531326293945,298068000
2020-10-20,NVDA,13.524912268022215,13.740229967654253,13.448742284587745,13.586645126342773,229212000
2020-10-21,NVDA,13.56623229376561,13.732014232770208,13.419368456639658,13.466414451599121,219596000
2020-10-22,NVDA,13.464174825263315,13.553039484968712,13.174678386058064,13.30337142944336,290480000
2020-10-23,NVDA,13.391987145890786,13.534619742053748,13.233922285663485,13.531632423400879,233484000
2020-10-26,NVDA,13.369085896916106,13.633689579571246,12.982261385916676,13.08456802368164,336896000
2020-10-27,NVDA,13.248609003917073,13.384023046239228,13.134602813833258,13.338968276977539,250520000
2020-10-28,NVDA,13.141075696041263,13.20280855748123,12.554616361044642,12.572538375854492,376520000
2020-10-29,NVDA,12.783124891809354,13.135846892018513,12.695006587997323,12.967824935913086,320080000
2020-10-30,NVDA,12.794575514658112,12.880701638769581,12.246947595239426,12.479938507080078,416820000
2020-11-02,NVDA,12.603154900907724,12.781382741885674,12.3415385171396,12.526487350463867,299652000
2020-11-03,NVDA,12.653683303650302,13.048472683366569,12.548389360152617,12.96334171295166,272900000
2020-11-04,NVDA,13.331499752886495,13.767860047508005,13.279475206935611,13.734752655029297,410228000
2020-11-05,NVDA,14.101415339384825,14.277153437233792,13.930654840153293,14.098925590515137,319028000
2020-11-06,NVDA,14.048888683439944,14.525822652066411,13.835065648746761,14.499188423156738,383348000
2020-11-09,NVDA,14.489730948690765,14.628131343754319,13.55204339364055,13.571956634521484,582976000
2020-11-10,NVDA,13.54781019802429,13.54781019802429,12.573780172122872,12.714919090270996,644068000
2020-11-11,NVDA,12.997446446842183,13.377052414591688,12.892401270410012,13.360125541687012,404744000
2020-11-12,NVDA,13.4208615944081,13.706623391136638,13.258564550225856,13.398707389831543,365812000
2020-11-13,NVDA,13.568470299974223,13.609791386132025,13.002920455645425,13.239645004272461,346312000
2020-11-16,NVDA,13.115682790684902,13.590625584856218,13.099254438617393,13.456954956054688,413776000
2020-11-17,NVDA,13.494044215080645,13.53760531971783,13.246367406234198,13.36435604095459,312028000
2020-11-18,NVDA,13.407169259990862,13.547063298311084,13.128128487665085,13.370826721191406,510924000
2020-11-19,NVDA,13.155760695717245,13.429325390449687,13.043496960142532,13.382279396057129,565936000
2020-11-20,NVDA,13.395969898317098,13.436294899913538,13.008646866876623,13.031299591064453,341088000
2020-11-23,NVDA,13.114439643775567,13.324777827155184,12.959361156671875,13.083324432373047,361356000
2020-11-24,NVDA,13.085815870030112,13.105231545562026,12.829426780235963,12.901863098144531,346500000
2020-11-25,NVDA,12.976288525531565,13.212265811659313,12.963842630406676,13.177665710449219,259916000
2020-11-27,NVDA,13.317312769876626,13.349672861175852,13.113694593942522,13.204052925109863,167276000
2020-11-30,NVDA,13.207787824502535,13.354651688620857,12.916300110848733,13.343698501586914,286952000
2020-12-01,NVDA,13.434054894917562,13.470397438236995,13.171192706053294,13.332245826721191,296948000
2020-12-02,NVDA,13.292913867952858,13.614520589536031,13.177165264389647,13.486077308654785,283360000
2020-12-03,NVDA,13.53288931377425,13.605098152797373,13.275429117117344,13.342159271240234,199520000
2020-12-04,NVDA,13.394448782293157,13.505501389453034,13.334939318795286,13.503758430480957,202244000
2020-12-07,NVDA,13.546587159344568,13.676064811803872,13.445744380440564,13.552064895629883,223244000
2020-12-08,NVDA,13.53040088587082,13.544095699558415,13.22812050077017,13.296345710754395,271920000
2020-12-09,NVDA,13.24704531933605,13.360088806654998,12.816532505636271,12.87878131866455,401300000
2020-12-10,NVDA,12.817279927246037,13.016227078884357,12.797857568260008,12.920114517211914,207764000
2020-12-11,NVDA,12.915134293753066,12.967672875794605,12.771464120306371,12.960949897766113,209264000
2020-12-14,NVDA,13.035397836313285,13.334938860612665,13.024940082840144,13.255260467529297,270156000
2020-12-15,NVDA,13.385735536756188,13.409888106713556,13.133753031981128,13.306804656982422,193016000
2020-12-16,NVDA,13.368552602157862,13.383243798398896,13.159396585899268,13.189276695251465,223116000
2020-12-17,NVDA,13.31302693964413,13.325726318719184,13.12553395287217,13.287630081176758,231384000
2020-12-18,NVDA,13.325227800290302,13.351123325763458,13.017968362309006,13.218658447265625,342064000
2020-12-21,NVDA,13.022200773575815,13.316264063450639,12.915381612940775,13.278665542602539,302332000
2020-12-22,NVDA,13.26572057425923,13.283647883438702,13.001536398216391,13.224884986877441,185580000
2020-12-23,NVDA,13.202724607149166,13.221648300636407,12.952733906135586,12.956966400146484,179144000
2020-12-24,NVDA,12.984851528834119,13.079718838543478,12.886748109468082,12.941526412963867,97884000
2020-12-28,NVDA,13.010000389047383,13.010000389047383,12.711953456949022,12.848153114318848,212564000
2020-12-29,NVDA,12.873053464210267,13.019960686571482,12.790635724681074,12.891229629516602,170372000
2020-12-30,NVDA,12.938041042133536,13.16064303299953,12.844917637300343,13.092916488647461,225396000
2020-12-31,NVDA,13.083701629533948,13.098143016230411,12.863091495745453,13.00252914428711,192424000
2021-01-04,NVDA,13.051585177793282,13.597632008988445,12.910404523673787,13.060797691345215,560640000
2021-01-05,NVDA,13.04710135296224,13.389469813350296,13.03440292226786,13.350875854492188,322760000
2021-01-06,NVDA,13.169357986731624,13.191767596146791,12.53541670344203,12.563801765441895,580424000
2021-01-07,NVDA,12.915383948161406,13.323985833376165,12.834710106530759,13.29037094116211,461480000
2021-01-08,NVDA,13.30879652893053,13.36706075733227,12.989584240660953,13.223390579223633,292528000
2021-01-11,NVDA,13.36481712213483,13.904888339693949,13.30879358227213,13.566752433776855,518344000
2021-01-12,NVDA,13.697229058684814,13.69922182626303,13.291367462132946,13.43055534362793,291476000
2021-01-13,NVDA,13.435780480820373,13.570238113948005,13.331202954948628,13.477362632751465,210028000
2021-01-14,NVDA,13.520439774298518,13.545090057040834,13.12752555150125,13.147195816040039,283120000
2021-01-15,NVDA,13.174837191380403,13.27169633457119,12.796862940233225,12.807818412780762,277780000
2021-01-19,NVDA,12.963937693664844,13.041375423637568,12.79238016702357,12.972902297973633,226188000
2021-01-20,NVDA,13.059053812640212,13.376523143265741,13.00427550233514,13.312033653259277,258572000
2021-01-21,NVDA,13.364568959095964,13.942985300241656,13.199734440258004,13.81176471710205,337780000
2021-01-22,NVDA,13.68477736022851,13.78611878930567,13.572480460380298,13.657387733459473,246820000
2021-01-25,NVDA,13.726359807474722,13.7729219839982,13.183301270177894,13.598376274108887,251112000
2021-01-26,NVDA,13.525917879750628,13.589909643164159,13.333693731069246,13.38125228881836,163980000
2021-01-27,NVDA,13.176826544521976,13.17956588706727,12.742330152960971,12.865832328796387,371272000
2021-01-28,NVDA,12.944015254863068,13.286134786684336,12.908408554743174,12.998544692993164,228316000
2021-01-29,NVDA,13.022452108878888,13.281158552748106,12.85960937349945,12.937544822692871,271552000
2021-02-01,NVDA,13.000788099819756,13.217413681369504,12.85089267680462,13.183799743652344,217204000
2021-02-02,NVDA,13.344900937302837,13.517453895988597,13.232105357802928,13.502265930175781,220440000
2021-02-03,NVDA,13.581194289613904,13.87575623581958,13.462175370601546,13.476119041442871,245408000
2021-02-04,NVDA,13.47661645272623,13.618543641909477,13.284143457889288,13.609331130981445,201340000
2021-02-05,NVDA,13.669838214950548,13.682038927768824,13.491307924573183,13.536375999450684,169152000
2021-02-08,NVDA,13.672080435543572,14.41558027564343,13.672080435543572,14.380721092224121,434624000
2021-02-09,NVDA,14.283114817717069,14.524640523472257,14.165340166311495,14.205926895141602,287560000
2021-02-10,NVDA,14.40512039530339,14.845094516583352,14.283859846653357,14.704910278320312,485352000
2021-02-11,NVDA,14.920044844642259,15.21087111646074,14.865016726806148,15.189456939697266,450828000
2021-02-12,NVDA,14.989512421221601,15.229792846310929,14.715617109549683,14.901119232177734,374756000
2021-02-16,NVDA,15.003703165313603,15.310714660298338,14.889912181045197,15.268633842468262,321960000
2021-02-17,NVDA,15.110027539430574,15.162317264708317,14.720599166906945,14.84609317779541,274756000
2021-02-18,NVDA,14.669803078245188,14.813473242529565,14.51642173524086,14.769401550292969,233868000
2021-02-19,NVDA,14.96411802144773,15.116005292094824,14.787082744586732,14.866512298583984,271724000
2021-02-22,NVDA,14.715367473678917,15.072427078711511,14.26742515013621,14.298051834106445,325884000
2021-02-23,NVDA,14.01868181137382,14.181525494139695,13.335687805358342,14.085164070129395,391780000
2021-02-24,NVDA,14.065990089420389,14.448446595280082,13.700713365709305,14.440727233886719,448320000
2021-02-25,NVDA,13.989049754794058,14.316976805653484,13.16313319589413,13.254015922546387,824436000
2021-02-26,NVDA,13.697230213674716,13.798820525543292,13.307304075978003,13.659383773803711,500932000
2021-03-01,NVDA,13.819236639241204,13.869035880161727,13.498780057911683,13.786120414733887,353184000
2021-03-02,NVDA,13.844132533861924,13.864550322327341,13.342158506890337,13.352367401123047,264116000
2021-03-03,NVDA,13.37228948153276,13.39743748342225,12.747310913046222,12.753287315368652,377592000
2021-03-04,NVDA,12.749302617793662,12.922852894444349,12.035184286271841,12.32053279876709,573344000
2021-03-05,NVDA,12.499560385516855,12.499560385516855,11.632309598213094,12.411416053771973,542840000
2021-03-08,NVDA,12.399961813597908,12.421126179417163,11.520012603958925,11.546655654907227,543112000
2021-03-09,NVDA,12.085667607908785,12.570379359155847,12.014928455750928,12.474234580993652,521824000
2021-03-10,NVDA,12.793307713265953,12.932294680154964,12.411715915223251,12.422426223754883,384376000
2021-03-11,NVDA,12.902405394482225,12.998302184299803,12.687697531280483,12.945745468139648,299916000
2021-03-12,NVDA,12.601763379126412,12.841379915385886,12.543727990467413,12.80875015258789,243964000
2021-03-15,NVDA,12.81746423565255,13.158207188106239,12.720322758664667,13.1427640914917,221988000
2021-03-16,NVDA,13.307408839220948,13.462835609512782,13.068540113938292,13.242399215698242,272128000
2021-03-17,NVDA,12.991824107730828,13.403804172306538,12.941758742191908,13.292216300964355,243864000
2021-03-18,NVDA,13.088219157514716,13.13554423645725,12.67026061604295,12.675740242004395,293896000
2021-03-19,NVDA,12.703141206459366,12.874011114982835,12.56614673642358,12.798539161682129,299208000
2021-03-22,NVDA,12.865291623650993,13.345270569661254,12.859313158739914,13.137785911560059,297804000
2021-03-23,NVDA,13.20553571417136,13.295454030041492,12.973392265762131,13.022710800170898,222048000
2021-03-24,NVDA,13.102915085638799,13.110886055698332,12.59030636238717,12.596532821655273,245840000
2021-03-25,NVDA,12.45356156367243,12.668020482645497,12.22689771964549,12.489179611206055,295144000
2021-03-26,NVDA,12.508358356195133,12.80899952364286,12.328023824665465,12.792061805725098,363968000
2021-03-29,NVDA,12.773130700711981,13.0144907889492,12.653322911949298,12.900660514831543,273520000
2021-03-30,NVDA,12.794802331642357,12.927562839023832,12.658305758509186,12.824442863464355,200204000
2021-03-31,NVDA,12.967665973766012,13.420993698216213,12.934787261773293,13.299193382263184,314776000
2021-04-01,NVDA,13.522368421618353,13.819023625386853,13.461591793310602,13.760988235473633,308276000
2021-04-05,NVDA,13.816530686429957,13.962491864814922,13.682524535818397,13.936089515686035,255672000
2021-04-06,NVDA,13.948296742716591,14.0025960659606,13.722878585220865,13.810554504394531,191744000
2021-04-07,NVDA,13.829733469793657,14.191150299741128,13.661105981821104,14.09151840209961,251284000
2021-04-08,NVDA,14.200368502405839,14.418314549550134,14.19663148631253,14.264382362365723,244416000
2021-04-09,NVDA,14.161758253910516,14.355045478293736,14.122902033632048,14.347074508666992,195172000
2021-04-12,NVDA,14.237232700970317,15.296076767014258,14.087285519048933,15.153103828430176,869324000
2021-04-13,NVDA,15.175520404329175,15.642298695804206,15.07015897630807,15.62187385559082,676212000
2021-04-14,NVDA,15.567576347629103,15.662725366664457,15.171537167338641,15.220855712890625,385500000
2021-04-15,NVDA,15.604930665768292,16.15465281373212,15.574044473789503,16.07793617248535,598480000
2021-04-16,NVDA,15.993999997068041,16.10633661100152,15.806940170418816,15.85401725769043,335208000
2021-04-19,NVDA,15.479398285932946,15.749402181564943,15.177013572325267,15.305290222167969,404420000
2021-04-20,NVDA,15.266934627639428,15.440045994906509,14.90800907808252,15.115493774414062,334132000
2021-04-21,NVDA,15.063183469763409,15.306038182131777,15.046744591326041,15.304045677185059,216776000
2021-04-22,NVDA,15.318493605609078,15.381760632478036,14.729167212637465,14.795672416687012,277788000
2021-04-23,NVDA,14.879362682597167,15.278639983279946,14.845488196208844,15.209146499633789,227500000
2021-04-26,NVDA,15.12918967843709,15.4221087880324,15.069409783535395,15.421112060546875,197796000
2021-04-27,NVDA,15.521246713685633,15.612908608923208,15.298069966592816,15.325220108032227,164572000
2021-04-28,NVDA,15.308032833296224,15.475166680106252,15.159580267005879,15.22060489654541,209416000
2021-04-29,NVDA,15.343398085253963,15.379763909461866,15.01610566738283,15.268424987792969,173196000
2021-04-30,NVDA,15.118729701211409,15.308528865809581,14.941881343927635,14.95433521270752,201912000
2021-05-03,NVDA,15.069409466583876,15.190711864139518,14.733150296570749,14.782218933105469,203912000
2021-05-04,NVDA,14.583452977403262,14.583701921742202,13.958757564248552,14.298503875732422,405324000
2021-05-05,NVDA,14.65493927929447,14.759055975565776,14.334621071122196,14.405360221862793,292024000
2021-05-06,NVDA,14.441975539696038,14.517696430692741,14.165745174441199,14.469623565673828,193380000
2021-05-07,NVDA,14.753825582724902,14.91572777547651,14.617826904664591,14.757810592651367,229328000
2021-05-10,NVDA,14.732902772330645,14.751584051485553,14.197627731992897,14.213319778442383,268904000
2021-05-11,NVDA,13.77418590620255,14.301988676399535,13.699461759367091,14.253666877746582,285584000
2021-05-12,NVDA,13.958010377250185,14.20783933441675,13.658864784297744,13.70793342590332,303408000
2021-05-13,NVDA,13.982172876716831,14.029001024518745,13.409535245687866,13.61502742767334,285404000
2021-05-14,NVDA,13.83895053700073,14.275340485481827,13.697970119526413,14.190652847290039,258616000
2021-05-17,NVDA,14.104968793564424,14.117173718298679,13.802585013316975,14.11343765258789,216980000
2021-05-18,NVDA,14.214565990259484,14.35131151460924,13.952532083750327,13.964239120483398,186256000
2021-05-19,NVDA,13.516638780467643,14.027753839066552,13.493474603613123,14.014054298400879,344000000
2021-05-20,NVDA,14.249932964504612,14.629782114343872,14.218050986432957,14.558794021606445,321592000
2021-05-21,NVDA,15.108019017237964,15.16605535919213,14.814850925300101,14.936651229858398,672992000
2021-05-24,NVDA,15.156589134652451,15.687132304008871,15.120223305868196,15.554621696472168,554816000
2021-05-25,NVDA,15.708056734442609,15.760363558877739,15.425598932323531,15.590241432189941,435408000
2021-05-26,NVDA,15.676422124487875,15.735703186240535,15.528966303165006,15.642297744750977,370440000
2021-05-27,NVDA,15.642047824221699,15.692113190945143,15.403179081309112,15.431076049804688,581476000
2021-05-28,NVDA,15.44403099782794,16.21767694767889,15.44403099782794,16.184797286987305,644536000
2021-06-01,NVDA,16.210202026757546,16.32801730667741,15.844799257771454,16.204721450805664,472804000
2021-06-02,NVDA,16.19251743061265,16.85656787926671,16.17582865881313,16.716583251953125,594168000
2021-06-03,NVDA,16.639372479155806,17.195571248695884,16.522055061608018,16.90738296508789,580008000
2021-06-04,NVDA,17.04960345412486,17.596087541905547,17.032667639127915,17.513643264770508,617120000
2021-06-07,NVDA,17.506673820238802,17.747036276594248,17.129564882139565,17.55424690246582,575756000
2021-06-08,NVDA,17.462830794677384,17.556734115441593,17.18759528524921,17.392839431762695,323848000
2021-06-09,NVDA,17.455380228922248,17.514425893282834,17.19627612972983,17.29842185974121,381656000
2021-06-10,NVDA,17.29019648734641,17.43170722377166,17.116796462616325,17.36493682861328,287772000
2021-06-11,NVDA,17.41924641470844,17.877412740518896,17.38362021079101,17.763805389404297,416308000
2021-06-14,NVDA,17.84427788430058,17.97731685623669,17.60186647716937,17.95663833618164,321376000
2021-06-15,NVDA,17.85324549808425,17.95414617159391,17.666889838521403,17.72718048095703,243032000
2021-06-16,NVDA,17.729423980176904,17.8928582145457,17.52388380440414,17.748855590820312,307124000
2021-06-17,NVDA,17.713230770641097,18.770074396069546,17.69504416542192,18.592937469482422,809656000
2021-06-18,NVDA,18.71925451472753,19.308217023143403,18.519943127082154,18.574504852294922,968856000
2021-06-21,NVDA,18.371697506001702,18.47260006359448,17.761309737149126,18.363725662231445,672384000
2021-06-22,NVDA,18.407830114038756,18.898383795362612,18.32262411331532,18.82164764404297,580144000
2021-06-23,NVDA,18.942231092149555,19.086731742850937,18.842575405432253,18.991559982299805,332356000
2021-06-24,NVDA,19.16147764260084,19.353064306572136,19.02245689715769,19.13930320739746,320924000
2021-06-25,NVDA,19.21404094846536,19.278817427102744,18.829371801358914,18.96540069580078,278364000
2021-06-28,NVDA,19.294510415626913,20.00953782998567,19.25240637349924,19.91611099243164,495436000
2021-06-29,NVDA,19.813968049037626,20.02947213929642,19.589245203319127,19.957721710205078,367632000
2021-06-30,NVDA,19.93031286945108,20.093000115257194,19.795279984425818,19.933551788330078,326568000
2021-07-01,NVDA,20.055628261505312,20.385486666849392,19.949992750888118,20.1423282623291,480136000
2021-07-02,NVDA,20.369788153849612,20.43456461612097,20.217813704351567,20.4163761138916,342764000
2021-07-06,NVDA,20.666020436292737,20.770160059245526,20.28010622792403,20.627155303955078,446708000
2021-07-07,NVDA,20.78161883623467,20.8030443612869,20.261916799534852,20.301528930664062,418428000
2021-07-08,NVDA,19.78805462577858,20.063600320047218,19.632841227354213,19.834144592285156,503300000
2021-07-09,NVDA,19.89369121039719,20.011035507147476,19.68615897824223,19.981138229370117,296624000
2021-07-12,NVDA,20.17023553460196,20.461975876319716,20.118165723734343,20.441797256469727,321984000
2021-07-13,NVDA,20.330177323660422,20.390718871936702,20.04466588340788,20.18019676208496,290708000
2021-07-14,NVDA,20.287576714298133,20.34736936190273,19.684662607285635,19.77310562133789,380100000
2021-07-15,NVDA,19.743463690189294,19.778591902318016,18.793498450144497,18.900876998901367,550564000
2021-07-16,NVDA,18.96490214619044,19.09096527868611,18.01070219908961,18.098398208618164,688224000
2021-07-19,NVDA,17.85350083008128,18.97636621146561,17.80392103012152,18.71502113342285,749060000
2021-07-20,NVDA,18.665437217414535,18.773064743639477,18.101388235116307,18.54784393310547,434687000
2021-07-21,NVDA,18.81691214625468,19.459689233832748,18.67739534613808,19.34309196472168,371017000
2021-07-22,NVDA,19.574293617288724,19.818448030291623,19.209554105329772,19.526458740234375,323826000
2021-07-23,NVDA,19.588247101340414,19.63209605947266,19.183646421770963,19.490585327148438,195672000
2021-07-26,NVDA,19.24444061109095,19.374987702936075,18.84880770915418,19.22749900817871,203943000
2021-07-27,NVDA,19.198593120837312,19.554362894991016,18.676399176562164,19.14179039001465,248863000
2021-07-28,NVDA,19.25240241014404,19.57827481791125,18.92951991906829,19.435768127441406,202191000
2021-07-29,NVDA,19.451720092622526,19.78457038148823,19.261378455641132,19.594228744506836,190781000
2021-07-30,NVDA,19.35106731996473,19.562336470219837,19.1966028063269,19.43178939819336,183497000
2021-08-02,NVDA,19.632096019964017,19.892196048997913,19.29426383352367,19.681922912597656,217444000
2021-08-03,NVDA,19.671954243501315,20.15229309655213,19.15374627337289,19.74669647216797,301811000
2021-08-04,NVDA,19.92109911933117,20.247969602176056,19.759656839937854,20.204120635986328,231309000
2021-08-05,NVDA,20.42933387160919,20.661530493054816,20.271877575083252,20.565860748291016,211435000
2021-08-06,NVDA,20.453251740531083,20.4990927022112,20.1403330525304,20.295795440673828,178497000
2021-08-09,NVDA,20.375518990564935,20.43730554179816,20.073563974802937,20.225040435791016,146443000
2021-08-10,NVDA,20.25195008967123,20.35957761344973,19.766627375953473,19.867280960083008,179238000
2021-08-11,NVDA,19.97390996272921,19.979889797414497,19.363024040976125,19.63109588623047,185925000
2021-08-12,NVDA,19.80151033623967,19.959960768948545,19.552372068752263,19.836389541625977,151652000
2021-08-13,NVDA,19.83639035283201,20.144325279245585,19.78257563330717,20.1184139251709,183063000
2021-08-16,NVDA,20.0655949890892,20.21707147166275,19.385944729446937,19.88123321533203,210876000
2021-08-17,NVDA,19.61714701214786,19.70185501306102,19.2005885511107,19.39093017578125,204585000
2021-08-18,NVDA,19.432786399803497,19.56632529724626,18.93450982544956,18.97437286376953,285913000
2021-08-19,NVDA,19.42680433496521,20.424355275719023,18.697327164065186,19.72975730895996,766555000
2021-08-20,NVDA,19.922088611384755,20.793076409277884,19.864289880276367,20.744245529174805,675741000
2021-08-23,NVDA,20.898715368530024,21.921177903907907,20.877787845028326,21.882312774658203,575807000
2021-08-24,NVDA,21.678021018612597,21.883310344893474,21.46077202046187,21.71788215637207,297299000
2021-08-25,NVDA,21.66207355456047,22.392546755792843,21.647125866786784,22.136432647705078,347701000
2021-08-26,NVDA,22.123476878003054,22.262993686713813,21.714890308972432,21.991931915283203,237940000
2021-08-27,NVDA,22.10753410004748,22.643679777066232,22.090592499579266,22.55797576904297,304722000
2021-08-30,NVDA,22.751305343048546,22.963570482185514,22.473267719877327,22.60979461669922,262580000
2021-08-31,NVDA,22.620754812880616,22.620754812880616,22.04763702019903,22.311769485473633,259850000
2021-09-01,NVDA,22.411442817119134,22.622749170441693,22.283861299830416,22.367586135864258,201767000
2021-09-02,NVDA,22.4443354699411,22.51909087939799,22.222065406056725,22.322734832763672,187834000
2021-09-03,NVDA,22.25197664224925,22.910813839970007,22.127385511891998,22.768281936645508,280532000
2021-09-07,NVDA,22.758307882725695,22.82409196545465,22.4483244181334,22.587867736816406,198107000
2021-09-08,NVDA,22.439353122725205,22.53603592576677,21.905105352001236,22.26592254638672,254434000
2021-09-09,NVDA,22.239010734032167,22.464271249955324,22.05860308506016,22.10445213317871,196856000
2021-09-10,NVDA,22.274890843403057,22.55198127895653,22.19714689291508,22.40446662902832,248376000
2021-09-13,NVDA,22.609797693327096,22.888882461215875,21.786499434109167,22.079538345336914,297500000
2021-09-14,NVDA,22.202130131232664,22.336688726101833,22.013749239081235,22.169239044189453,199755000
2021-09-15,NVDA,22.236020817611784,22.293831645548725,21.894142459272885,22.267915725708008,166538000
2021-09-16,NVDA,22.1104320390737,22.204124394587865,21.855268989494725,22.169239044189453,156033000
2021-09-17,NVDA,22.22704878803294,22.247979999045086,21.758586993159383,21.828357696533203,294503000
2021-09-20,NVDA,21.076824957284188,21.362886747600268,20.594409012672557,21.043933868408203,349440000
2021-09-21,NVDA,21.3469404733302,21.35491372577289,20.88146906785273,21.17650032043457,204688000
2021-09-22,NVDA,21.296102923922355,21.888159587451916,21.126658982440958,21.86922264099121,268726000
2021-09-23,NVDA,22.067574601135654,22.461282925863888,21.818392405906536,22.408456802368164,248555000
2021-09-24,NVDA,21.997802477816837,22.076544517927047,21.78948654099759,22.008766174316406,217655000
2021-09-27,NVDA,21.638981339967028,21.7276909027937,21.255242424863432,21.58914566040039,245215000
2021-09-28,NVDA,21.14460514549343,21.34893447038271,20.58344521216512,20.631288528442383,343069000
2021-09-29,NVDA,20.871502966534447,20.94825075454832,20.400048738103138,20.449886322021484,218394000
2021-09-30,NVDA,20.700065269029956,20.99709081329455,20.62032703375371,20.648235321044922,221009000
2021-10-01,NVDA,20.68212371981342,20.79076641966092,20.13691215457875,20.674150466918945,240978000
2021-10-04,NVDA,20.436927789431792,20.474803591708355,19.491032716054217,19.66745376586914,345635000
2021-10-05,NVDA,19.884741262731815,20.580457952473463,19.789054624206987,20.38410186767578,279282000
2021-10-06,NVDA,20.054181613694748,20.65221729292301,20.01431155448803,20.63228416442871,297202000
2021-10-07,NVDA,21.02300615012372,21.252255254335836,20.903399740291803,21.00606346130371,256919000
2021-10-08,NVDA,21.031972742875528,21.136628803152057,20.707038964304342,20.762855529785156,151258000
2021-10-11,NVDA,20.507695778664687,20.994098397870303,20.443904055764555,20.627302169799805,163388000
2021-10-12,NVDA,20.759866211548562,20.988117194123532,20.460848337072985,20.60338020324707,162134000
2021-10-13,NVDA,20.849575070301597,20.92134005530111,20.645245715278612,20.870506286621094,180652000
2021-10-14,NVDA,21.218358128233028,21.683829432378424,21.052900818856443,21.67486000061035,243589000
2021-10-15,NVDA,21.73865543684794,21.859259915283243,21.5911407550322,21.790485382080078,226994000
2021-10-18,NVDA,21.677854960050606,22.218081780697908,21.57319699245635,22.149307250976562,189494000
2021-10-19,NVDA,22.20313074793577,22.30579445739423,21.964914136514288,22.217086791992188,161473000
2021-10-20,NVDA,22.23203574791411,22.359617290338466,21.910092397516213,22.030696868896484,146276000
2021-10-21,NVDA,22.024710721014017,22.63670236537639,22.010756582257212,22.61776351928711,187590000
2021-10-22,NVDA,22.748339913629675,23.054334844956028,22.48719785150225,22.651657104492188,249384000
2021-10-25,NVDA,22.897851941944545,23.278602340486742,22.695516863119877,23.090221405029297,230235000
2021-10-26,NVDA,23.9105291901344,25.176375311741033,23.845741281251218,24.636146545410156,485898000
2021-10-27,NVDA,24.393941025402942,25.007925176618038,24.202567761764556,24.371015548706055,245990000
2021-10-28,NVDA,24.79661760339399,24.868382573846535,24.442779360511576,24.859411239624023,234204000
2021-10-29,NVDA,24.91921376694326,25.62489787147844,24.91821758575926,25.483362197875977,292503000
2021-11-01,NVDA,25.565094542912135,25.80929200930688,25.144474150231424,25.742511749267578,265740000
2021-11-02,NVDA,25.737527951466095,26.590726680343938,25.71559865861731,26.314632415771484,294112000
2021-11-03,NVDA,26.582755112755702,26.69638250653968,26.149178650654214,26.510990142822266,239910000
2021-11-04,NVDA,27.139927249878582,31.26239704427072,27.02929029769168,29.703514099121094,1153631000
2021-11-05,NVDA,30.088249068059874,31.29728030818793,29.313790454475946,29.654672622680664,851260000
2021-11-08,NVDA,30.050377560399664,30.998266887418577,29.80916860642571,30.703235626220703,503101000
2021-11-09,NVDA,32.17639923609389,32.204307519629445,29.86598118563401,30.556713104248047,646746000
2021-11-10,NVDA,29.25996714814897,30.749079234219863,28.683856969426465,29.362628936767578,636206000
2021-11-11,NVDA,30.368334246239346,30.489934904320453,29.679594643475284,30.29058837890625,332172000
2021-11-12,NVDA,29.911832261950494,30.579640650645906,29.53307424388538,30.29058837890625,413054000
2021-11-15,NVDA,30.45205718413863,30.543755287298133,29.15132584547051,29.926780700683594,384909000
2021-11-16,NVDA,29.66164689739361,30.290581253929304,29.6088188828862,30.10419273376465,264484000
2021-11-17,NVDA,30.31849809734663,30.409201930373957,28.705790752092632,29.165283203125,428508000
2021-11-18,NVDA,32.26111820971524,32.65283033546003,31.218538566380822,31.571380615234375,781711000
2021-11-19,NVDA,32.137524780788404,32.97976178244582,31.800631120790957,32.877098083496094,533867000
2021-11-22,NVDA,33.40735381658586,34.533658301488515,31.795644847195604,31.85146141052246,754335000
2021-11-23,NVDA,31.43183688430033,32.254138756366594,30.778978953703707,31.642147064208984,532163000
2021-11-24,NVDA,31.358084433513884,32.74752344863697,30.82682705345173,32.567115783691406,435162000
2021-11-26,NVDA,32.493355877058754,32.60299664841291,31.2474468349952,31.399946212768555,283069000
2021-11-29,NVDA,32.26012831114146,33.30270435529742,31.93120595307024,33.266822814941406,454964000
2021-11-30,NVDA,33.060498227989086,33.24389825426,31.75976866465923,32.56911087036133,622066000
2021-12-01,NVDA,33.11438635947544,33.184165606771984,31.281175255165692,31.336002349853516,484368000
2021-12-02,NVDA,31.11569943003582,32.37571869369958,30.927293561836475,32.02482604980469,472890000
2021-12-03,NVDA,31.89923124400167,32.02782663229236,30.035119081589688,30.59634780883789,544325000
2021-12-06,NVDA,29.785902441906565,30.145765658155717,27.94970412663919,29.94240951538086,658938000
2021-12-07,NVDA,30.859510618013076,32.346812573827144,30.55447261848209,32.32487869262695,593053000
2021-12-08,NVDA,31.898228375722542,32.18831231520401,31.32204761084049,31.725772857666016,475551000
2021-12-09,NVDA,31.63406386343503,32.10358318046431,30.332176907618503,30.39398193359375,488507000
2021-12-10,NVDA,31.05189721624373,31.206409750725445,29.766957175752953,30.102895736694336,488825000
2021-12-13,NVDA,30.15374711986546,30.198605491920762,28.02746256605505,28.07232093811035,598344000
2021-12-14,NVDA,27.61176761656936,28.58768456683166,27.16418223461943,28.247758865356445,667035000
2021-12-15,NVDA,28.31056497493087,30.403952230055594,27.75033449939034,30.363080978393555,698297000
2021-12-16,NVDA,31.053897441434426,31.061871670056004,28.004530741243016,28.297603607177734,707366000
2021-12-17,NVDA,27.896870039197612,28.830919505652275,27.67257823059536,27.713449478149414,713758000
2021-12-20,NVDA,27.219012340762006,28.05536898927544,27.059516359346297,27.6317081451416,461847000
2021-12-21,NVDA,28.284645850680768,29.028296854991318,27.31470852270142,28.98343849182129,524385000
2021-12-22,NVDA,28.80001904458484,29.461927576880676,28.359409624344213,29.307415008544922,395184000
2021-12-23,NVDA,29.66129326312554,29.964336743268632,29.33831421297981,29.546655654907227,343022000
2021-12-27,NVDA,29.566594412321887,30.98910054168439,29.546656940110104,30.84754753112793,403686000
2021-12-28,NVDA,31.213397022368422,31.23133998950772,29.917489654776272,30.22651481628418,420591000
2021-12-29,NVDA,30.1776616792126,30.451795238929865,29.273516611953507,29.906517028808594,343139000
2021-12-30,NVDA,29.73306863749012,30.36108570963226,29.44697370362588,29.492828369140625,308864000
2021-12-31,NVDA,29.58055069803875,29.935430483532848,29.23863045980728,29.318378448486328,266530000
2022-01-03,NVDA,29.72110791823675,30.614286167328913,29.691201708964883,30.02614402770996,391547000
2022-01-04,NVDA,30.181652811785955,30.37205130388123,28.259724925855497,29.19776153564453,527154000
2022-01-05,NVDA,28.857834470045624,29.323364772152377,27.446295212189224,27.517070770263672,498064000
2022-01-06,NVDA,27.55295241716997,28.34843960109803,26.979764412182007,28.089258193969727,454186000
2022-01-07,NVDA,28.052379478532124,28.332494693927416,26.971791660779605,27.16119384765625,409939000
2022-01-10,NVDA,26.497288278632688,27.382492201861595,25.563238883232685,27.313709259033203,594681000
2022-01-11,NVDA,27.236958685916807,27.976622674926933,26.754483567462675,27.729402542114258,404089000
2022-01-12,NVDA,27.978608560513216,28.504945618330236,27.52105444566208,27.910823822021484,383413000
2022-01-13,NVDA,28.289633979579637,28.390315762334694,26.41455674867527,26.491315841674805,540171000
2022-01-14,NVDA,26.21717640732011,27.111352875878474,26.12745967935316,26.857154846191406,395832000
2022-01-18,NVDA,26.177302480368454,26.554112344866216,25.688845811972694,25.821426391601562,424270000
2022-01-19,NVDA,25.99687608868957,26.459413722363188,24.973109749263845,24.988061904907227,488315000
2022-01-20,NVDA,25.224311034871068,25.49844459786639,24.00217033924269,24.073944091796875,435181000
2022-01-21,NVDA,23.432970816782724,24.74482640351697,23.189739748176777,23.300390243530273,718958000
2022-01-24,NVDA,22.259676871868574,23.30636938474509,20.822218672511546,23.29839515686035,913982000
2022-01-25,NVDA,22.474999365021613,22.870750425042836,21.93071925859125,22.253698348999023,664616000
2022-01-26,NVDA,23.166815419200876,23.981242067414527,22.22977501124328,22.700288772583008,755959000
2022-01-27,NVDA,23.493779360509365,23.91943467808651,21.606739331750255,21.874893188476562,573353000
2022-01-28,NVDA,21.942682333906376,22.786018910319385,21.228937446273747,22.768075942993164,543774000
2022-01-31,NVDA,23.108993615367613,24.431816145631064,22.979403852664547,24.40888786315918,564680000
2022-02-01,NVDA,25.024941605227585,25.065812851502276,23.81476408120491,24.560409545898438,518925000
2022-02-02,NVDA,25.71276773896164,25.73569411876658,24.475674886992383,25.162506103515625,543419000
2022-02-03,NVDA,24.38097558762337,24.998025678674647,23.705111287686467,23.872581481933594,410178000
2022-02-04,NVDA,23.89650713053911,24.55741930721573,23.557577711661764,24.242414474487305,354829000
2022-02-07,NVDA,24.29524762592509,25.10269624776117,24.125782912567686,24.650127410888672,376868000
2022-02-08,NVDA,24.282288838178633,25.150546207819467,23.90448265925914,25.0289306640625,410359000
2022-02-09,NVDA,25.54130782575454,26.6408347629827,25.273155890673355,26.62089729309082,524282000
2022-02-10,NVDA,25.91313678658992,26.840206412140088,25.519380273324217,25.742673873901367,513200000
2022-02-11,NVDA,25.834383427476414,26.069640256444483,23.69813270066166,23.873577117919922,605472000
2022-02-14,NVDA,23.85862696314563,24.79666354683214,23.680189818886806,24.19057846069336,440424000
2022-02-15,NVDA,24.870429246985168,26.461403743864466,24.705949858768733,26.411561965942383,699869000
2022-02-16,NVDA,26.176304019794223,26.498286759029188,25.471529825588878,26.427509307861328,732676000
2022-02-17,NVDA,25.549287576906618,25.70380014996148,24.08890276641559,24.429824829101562,810595000
2022-02-18,NVDA,24.590314838865833,24.9073141846699,23.027253892651444,23.567546844482422,761255000
2022-02-22,NVDA,22.962457916801178,23.98821671585555,22.927568291074294,23.31633949279785,633422000
2022-02-23,NVDA,23.72703852956815,24.07892743767487,22.230766294851055,22.31649398803711,566511000
2022-02-24,NVDA,20.948820693767292,23.72505025027843,20.82421433341637,23.673213958740234,735801000
2022-02-25,NVDA,23.646297234789348,24.140733592878306,23.30736782876033,24.080923080444336,528866000
2022-02-28,NVDA,23.91644642718018,24.587327391046674,23.632344083996866,24.308208465576172,477319000
2022-03-01,NVDA,24.21450233159208,24.3002319386135,23.059151897859554,23.403064727783203,412056000
2022-03-02,NVDA,23.68522035856199,24.336274646536083,23.345236751503386,24.147836685180664,389642000
2022-03-03,NVDA,24.189712498581102,24.253522895989168,23.39907590712297,23.643346786499023,365095000
2022-03-04,NVDA,23.314329501450473,23.609447114971164,22.41501653226553,22.867664337158203,431415000
2022-03-07,NVDA,22.749018838877227,22.964376798114145,21.2664496692882,21.28838348388672,450821000
2022-03-08,NVDA,21.245514318732305,22.306343532359403,20.588477275477324,21.44990348815918,557467000
2022-03-09,NVDA,22.32029806776181,23.15081636408371,22.18071580003234,22.945430755615234,492742000
2022-03-10,NVDA,22.46387173081111,22.720105999777736,21.816805180949956,22.59049415588379,428066000
2022-03-11,NVDA,22.95341478234187,23.076049449798887,21.98032254020235,22.034162521362305,367209000
2022-03-14,NVDA,21.80384458359265,22.195673358229172,21.095960818464654,21.266450881958008,385354000
2022-03-15,NVDA,21.45388943534592,22.96936124008591,21.258474245006287,22.90455436706543,491996000
2022-03-16,NVDA,23.429986500774472,24.523718332751294,23.10296459283885,24.423019409179688,671422000
2022-03-17,NVDA,24.048143411462764,24.767990675406676,23.834780252653196,24.692218780517578,471941000
2022-03-18,NVDA,24.725112338972878,26.489839164055603,24.55063450386545,26.374183654785156,730719000
2022-03-21,NVDA,26.42802540885607,27.07110416186951,25.889633364007818,26.654348373413086,591727000
2022-03-22,NVDA,26.647369201302396,27.156848316591432,25.994321917033023,26.444974899291992,547007000
2022-03-23,NVDA,26.04816147769014,26.532713584181124,25.49880439684632,25.557628631591797,502120000
2022-03-24,NVDA,26.08804154718275,28.235623263570396,25.829812434294954,28.066129684448242,877379000
2022-03-25,NVDA,27.802915490968033,28.27350932502247,27.18974806430795,27.609493255615234,579016000
2022-03-28,NVDA,27.67330593129394,28.165833619637276,27.124943427788132,28.134925842285156,425494000
2022-03-29,NVDA,28.60950485138546,28.85975646589663,27.896634994206327,28.570621490478516,488984000
2022-03-30,NVDA,28.219671024878537,28.411098411151755,27.421056956130638,27.607500076293945,463487000
2022-03-31,NVDA,27.69922486553173,28.1638360522598,27.188751204527012,27.204702377319336,523440000
2022-04-01,NVDA,27.29343666637843,27.41407643804831,26.188738130769117,26.63241195678711,517235000
2022-04-04,NVDA,26.648369216228314,27.475896299662303,26.533712066907064,27.278486251831055,397120000
2022-04-05,NVDA,27.17279688323679,27.237603749312893,25.743069446541703,25.85373878479004,436615000
2022-04-06,NVDA,24.859714163923694,25.224622964462803,23.93148813508022,24.33428382873535,703833000
2022-04-07,NVDA,24.36818131196346,24.648344247170577,23.40805109513817,24.135875701904297,557992000
2022-04-08,NVDA,23.84574416968649,23.851726811207488,22.993291917921837,23.050121307373047,524781000
2022-04-11,NVDA,22.147815823189774,22.253499000395795,21.595465570939584,21.851699829101562,575207000
2022-04-12,NVDA,22.46985714800616,22.657296773923992,21.218595050115738,21.43993377685547,662258000
2022-04-13,NVDA,21.663265165709976,22.432964462991524,21.39107781519928,22.13684844970703,516943000
2022-04-14,NVDA,22.437952508502335,22.709143431724364,21.09995152374365,21.19466781616211,569097000
2022-04-18,NVDA,21.136836430632233,22.02218926461033,21.016196654972152,21.71809959411621,525701000
2022-04-19,NVDA,21.655288033662476,22.306342402426626,21.250497509099134,22.131864547729492,512781000
2022-04-20,NVDA,22.44991555152109,22.602459598625735,21.136839837783892,21.417999267578125,468974000
2022-04-21,NVDA,21.6443221623934,22.325287868143974,19.940414139309308,20.12286949157715,656209000
2022-04-22,NVDA,20.24251007228569,20.424965416989473,19.441902979823055,19.456857681274414,624713000
2022-04-25,NVDA,19.14478957941765,19.8855759292998,19.039106397949094,19.84270477294922,641566000
2022-04-26,NVDA,19.659256709868075,19.729047862186196,18.61437856802067,18.732027053833008,653143000
2022-04-27,NVDA,18.542593323392335,19.109898429876335,18.235512240679018,18.360139846801758,499460000
2022-04-28,NVDA,18.910491964188285,19.977305783390694,18.434913772859694,19.723064422607422,570327000
2022-04-29,NVDA,19.344197292068042,20.06803419949643,18.461833687592772,18.491744995117188,500435000
2022-05-02,NVDA,18.48576255245507,19.51568405448222,18.336209816554007,19.474807739257812,572049000
2022-05-03,NVDA,19.34220411270771,19.765939115024143,19.075999347942556,19.543601989746094,475751000
2022-05-04,NVDA,19.863641752299557,20.33921986356432,18.695132726502678,20.27341651916504,648855000
2022-05-05,NVDA,19.807807888219486,19.865633741473076,18.444880215286258,18.78785514831543,626331000
2022-05-06,NVDA,18.68017713798414,19.45386415893865,17.93639951654731,18.61935806274414,633297000
2022-05-09,NVDA,17.980269856071814,18.200610175903677,16.776865264300895,16.899499893188477,644455000
2022-05-10,NVDA,17.636291795583045,18.143775919424815,16.974270737659452,17.542572021484375,761474000
2022-05-11,NVDA,17.29531869321598,17.70010924577166,16.518640215360524,16.580453872680664,670167000
2022-05-12,NVDA,16.170681523689158,16.737986648099227,15.520624434471946,16.126811981201172,708728000
2022-05-13,NVDA,16.737985372316167,17.8745884809046,16.5435666197067,17.653249740600586,670437000
2022-05-16,NVDA,17.456835364759026,17.735003457169242,17.055036163870508,17.21256446838379,521446000
2022-05-17,NVDA,18.020147135380373,18.31626309329952,17.581459503770265,18.122840881347656,585830000
2022-05-18,NVDA,17.652250113395763,18.064019738570103,16.813756162184983,16.887535095214844,545161000
2022-05-19,NVDA,16.886541532338022,17.634307130960774,16.684145291017686,17.07298469543457,621310000
2022-05-20,NVDA,17.28036591060508,17.35813265366858,15.70806343146981,16.64426612854004,739105000
2022-05-23,NVDA,16.225516631801014,16.86460770868563,16.130800340603695,16.847658157348633,639889000
2022-05-24,NVDA,16.460809506552845,16.547550187898246,15.732984010714674,16.10586929321289,588550000
2022-05-25,NVDA,15.97227052482503,17.060019607721216,15.952329656354774,16.92442512512207,781132000
2022-05-26,NVDA,15.9882223241749,18.03809652185166,15.974264096032462,17.797815322875977,996575000
2022-05-27,NVDA,18.131815573979985,18.82474451489988,18.046071370079833,18.754953384399414,738379000
2022-05-31,NVDA,18.92344637125431,19.142792072097016,18.295324368080788,18.616365432739258,664100000
2022-06-01,NVDA,18.668212704516566,18.996231017813137,18.06800517898297,18.26541519165039,544514000
2022-06-02,NVDA,18.23750410498318,19.56055035839236,18.14378428765927,19.53363037109375,648656000
2022-06-03,NVDA,19.025151378896318,19.274406575530012,18.46681836923716,18.664228439331055,598779000
2022-06-06,NVDA,19.081979003796526,19.279389055591135,18.508691344014494,18.730030059814453,422406000
2022-06-07,NVDA,18.416965795176733,18.9433925831492,18.133811531545238,18.869613647460938,388914000
2022-06-08,NVDA,18.74695170077605,19.12689735772894,18.48368268854018,18.596370697021484,363252000
2022-06-09,NVDA,18.429833350813585,18.880581583160353,17.991051027241866,17.998031616210938,395574000
2022-06-10,NVDA,17.551274019304014,17.648005592341615,16.822296926639886,16.9270076751709,465248000
2022-06-13,NVDA,15.955702020878928,16.266838484183843,15.562792805356883,15.603679656982422,604153000
2022-06-14,NVDA,15.68744737975274,16.021519942748558,15.369330314017972,15.792157173156738,469680000
2022-06-15,NVDA,16.050439932166825,16.821300578805904,15.881908139766276,16.481245040893555,563936000
2022-06-16,NVDA,15.816091666385807,15.897865381945072,15.358362760963734,15.557808876037598,545749000
2022-06-17,NVDA,15.604677679322638,15.950717118320277,15.285563915858456,15.83603572845459,630334000
2022-06-21,NVDA,16.42939011174875,16.960913567479754,16.361577575315028,16.520137786865234,483089000
2022-06-22,NVDA,16.181080798165386,16.615874624972886,16.135208613375514,16.31471061706543,437135000
2022-06-23,NVDA,16.473265177528255,16.539082437023865,15.809109627633456,16.18008041381836,463680000
2022-06-24,NVDA,16.454318352824092,17.09254584996885,16.26484385133375,17.078584671020508,472153000
2022-06-27,NVDA,17.264072406028497,17.282022223468143,16.579970759321082,16.822298049926758,427968000
2022-06-28,NVDA,16.85321143493184,17.154375384027293,15.90085545872729,15.937753677368164,461149000
2022-06-29,NVDA,15.770217280899118,15.776200235548698,15.128000214513376,15.498970031738281,482352000
2022-06-30,NVDA,15.31847343700277,15.523903457243852,14.820855311845145,15.117033004760742,686070000
2022-07-01,NVDA,14.85775230195311,15.021297826850201,14.352155961339314,14.482792854309082,577610000
2022-07-05,NVDA,14.135756008662238,14.92955177197515,14.01608834866183,14.922571182250977,651397000
2022-07-06,NVDA,14.968444218161782,15.27658874989287,14.748055399282007,15.088111877441406,529066000
2022-07-07,NVDA,15.413208065905915,15.900853564352674,15.346393177463765,15.814094543457031,492903000
2022-07-08,NVDA,15.387279970974781,15.992599747893234,15.346393120597432,15.794150352478027,467972000
2022-07-11,NVDA,15.483014331967349,15.484011966579512,14.996365505258906,15.110050201416016,437321000
2022-07-12,NVDA,15.22572805239749,15.388276870570849,14.83581079611465,15.040243148803711,458483000
2022-07-13,NVDA,14.549606661502255,15.332433178961859,14.424952733218012,15.122016906738281,521918000
2022-07-14,NVDA,15.066172037556123,15.430161276206992,14.687223985290593,15.32944107055664,456235000
2022-07-15,NVDA,15.615648276832916,15.73830694346338,15.40224003829484,15.718362808227539,385935000
2022-07-18,NVDA,16.25686498780902,16.850216937133126,15.957696353307478,16.056421279907227,670517000
2022-07-19,NVDA,16.440358091474902,17.062631077163257,16.127228231279975,16.944957733154297,702366000
2022-07-20,NVDA,16.900078566553773,17.883348644030917,16.7544828947443,17.7576961517334,760538000
2022-07-21,NVDA,17.835484504614854,18.093766321144624,17.496425663382336,18.00002670288086,557049000
2022-07-22,NVDA,17.843461655137467,17.917256187628578,17.089554175506528,17.27105140686035,536671000
2022-07-25,NVDA,16.971882360366042,17.0765931156567,16.602907762705456,16.976869583129883,480748000
2022-07-26,NVDA,16.84223788619785,16.872155507315675,16.43237655784187,16.487224578857422,397865000
2022-07-27,NVDA,16.984844729606653,17.886343144331377,16.866174710818715,17.740747451782227,569776000
2022-07-28,NVDA,17.925232053707944,18.089774220465507,17.391713488476277,17.934206008911133,474646000
2022-07-29,NVDA,17.763683382729887,18.193489890290078,17.64301808926749,18.112714767456055,435460000
2022-08-01,NVDA,18.13166037008038,18.79382347486427,17.940192505913,18.389944076538086,476469000
2022-08-02,NVDA,18.07182026563076,18.88556076182789,18.04190265031988,18.474700927734375,489527000
2022-08-03,NVDA,18.1336539858444,18.915483721167206,18.086783232155426,18.84069061279297,418146000
2022-08-04,NVDA,18.796816360490926,19.220638962108396,18.708062062276774,19.161802291870117,409652000
2022-08-05,NVDA,18.757920901412877,19.17576145516048,18.614320486775554,18.936426162719727,386068000
2022-08-08,NVDA,17.45354536402082,18.188504443935763,17.19426496293747,17.743738174438477,981859000
2022-08-09,NVDA,17.204237068091455,17.398696888442636,16.67769900606931,17.0386962890625,668263000
2022-08-10,NVDA,17.64900236749365,18.067839657584745,17.269056663137828,18.046897888183594,597422000
2022-08-11,NVDA,18.080804181955322,18.65520971795895,17.82650909360647,17.89232635498047,509327000
2022-08-12,NVDA,18.109723796605994,18.66617953381499,17.903296146751718,18.657203674316406,478094000
2022-08-15,NVDA,18.649224212452747,19.1109416861416,18.561468505502724,18.979307174682617,457666000
2022-08-16,NVDA,18.867615667988698,19.089001131232823,18.449775142788685,18.82672882080078,451240000
2022-08-17,NVDA,18.47171804037453,18.63626023321667,18.09476431039142,18.284236907958984,446799000
2022-08-18,NVDA,18.2503302730506,18.812767894027008,18.132656951420675,18.721023559570312,415447000
2022-08-19,NVDA,18.355038543269355,18.46872322543329,17.720799787166403,17.79958152770996,441588000
2022-08-22,NVDA,17.44158008519119,17.509392623810882,16.91903057051117,16.98684310913086,409593000
2022-08-23,NVDA,16.941964523094743,17.41664650068236,16.923016122259966,17.133432388305664,369986000
2022-08-24,NVDA,16.964898742460186,17.35780889595624,16.848223999149923,17.174318313598633,522661000
2022-08-25,NVDA,16.797370054683547,17.897317222000503,16.786400825898824,17.86341094970703,770691000
2022-08-26,NVDA,17.807561673056387,17.874375614644485,16.192045948797936,16.214982986450195,769127000
2022-08-29,NVDA,15.975645245910211,16.292763675866333,15.723345478382457,15.757250785827637,496132000
2022-08-30,NVDA,15.915812157547325,15.994592953755117,15.139966300020541,15.425174713134766,530181000
2022-08-31,NVDA,15.34140885146709,15.49697709866868,14.917585283969304,15.05221176147461,573710000
2022-09-01,NVDA,14.169659947404499,14.340186988303111,13.233260527452883,13.89841365814209,1178865000
2022-09-02,NVDA,14.060964535551635,14.13176711995098,13.553372925822355,13.60921859741211,743157000
2022-09-06,NVDA,13.692985344440922,13.740852790055504,13.314037269416279,13.427721977233887,535751000
2022-09-07,NVDA,13.529469898732927,13.803790627120508,13.313006348581766,13.680096626281738,512657000
2022-09-08,NVDA,13.425725497360691,13.973368965250524,13.335948799799713,13.955412864685059,624873000
2022-09-09,NVDA,14.122000907484114,14.438217613905524,14.091078359455306,14.351432800292969,486612000
2022-09-12,NVDA,14.333476599142045,14.511036035425132,14.162898875313989,14.46914005279541,484159000
2022-09-13,NVDA,13.767878093148786,13.887581309355834,13.06661601426547,13.098536491394043,714956000
2022-09-14,NVDA,13.221231803218423,13.257143051448159,12.881075254382225,13.09554386138916,588507000
2022-09-15,NVDA,12.98282630284783,13.200286850426261,12.758382138910898,12.897038459777832,523625000
2022-09-16,NVDA,12.710498889536233,13.179337223190453,12.585807914194328,13.165371894836426,670751000
2022-09-19,NVDA,12.97983183509863,13.429717086609914,12.977836924096026,13.348917007446289,569685000
2022-09-20,NVDA,13.182330035591837,13.449667136036723,13.024720650726076,13.143425941467285,524818000
2022-09-21,NVDA,13.180334501882477,13.996312044305188,13.07758850400222,13.228215217590332,807679000
2022-09-22,NVDA,13.037687792673827,13.116492959222398,12.39727571074283,12.529946327209473,759162000
2022-09-23,NVDA,12.38929449653901,12.579822277960686,12.22669736982,12.48505687713623,663309000
2022-09-26,NVDA,12.460119453590893,12.627704338358164,12.183803837251507,12.197769165039062,547343000
2022-09-27,NVDA,12.47607929062904,12.70451323216134,12.227695289178223,12.382311820983887,553854000
2022-09-28,NVDA,12.379319288548018,12.791298357950701,12.323457977799615,12.704513549804688,542414000
2022-09-29,NVDA,12.417226765945308,12.469098260371657,11.916467924408922,12.189790725708008,532763000
2022-09-30,NVDA,12.057116325939106,12.601766889967653,12.045145910694353,12.108987808227539,565638000
2022-10-03,NVDA,12.316475611950034,12.646657634128852,12.075073310975306,12.481067657470703,547478000
2022-10-04,NVDA,12.847159012438114,13.187316515119232,12.847159012438114,13.13444709777832,584182000
2022-10-05,NVDA,12.879079395215982,13.288065568546982,12.58979642251968,13.176342010498047,507131000
2022-10-06,NVDA,13.187316594180706,13.62223854641482,13.070605273695971,13.097538948059082,644157000
2022-10-07,NVDA,12.474083761565735,12.638675790831929,11.992278089651654,12.046144485473633,672478000
2022-10-10,NVDA,12.007240867482555,12.094025672565365,11.379796220873162,11.641148567199707,698699000
2022-10-11,NVDA,11.532416166894459,11.8167113736007,11.255103622772118,11.557354927062988,667482000
2022-10-12,NVDA,11.550374224944592,11.705987738753207,11.316952527256786,11.471569061279297,492590000
2022-10-13,NVDA,10.943876148054613,12.048139665363264,10.786266778590695,11.930431365966797,850103000
2022-10-14,NVDA,12.027189398888956,12.081055785720459,11.17629874128277,11.199241638183594,713432000
2022-10-17,NVDA,11.489523129293081,11.918460323463654,11.488526149600807,11.85860824584961,580774000
2022-10-18,NVDA,12.313481973149718,12.4611158389974,11.589277019716143,11.937414169311523,659362000
2022-10-19,NVDA,11.84963214701234,12.319468398644798,11.804743321043421,12.021206855773926,523131000
2022-10-20,NVDA,12.083051675521514,12.737429914885366,12.075071081844804,12.163851737976074,652398000
2022-10-21,NVDA,12.068090417832614,12.467102092739703,11.85761257031653,12.4351806640625,609494000
2022-10-24,NVDA,12.477076444546938,12.678576698624157,12.034173916407727,12.567851066589355,517457000
2022-10-25,NVDA,12.662617544617813,13.26711930987685,12.63269102706923,13.228215217590332,505482000
2022-10-26,NVDA,12.837186801922265,13.35490287684184,12.676584561088767,12.864119529724121,532953000
2022-10-27,NVDA,13.596304034739564,13.803789999892798,13.08955953917814,13.143425941467285,583113000
2022-10-28,NVDA,13.071604141512527,13.815760155792058,13.028710226197942,13.799798965454102,521040000
2022-10-31,NVDA,13.743939008555648,13.803791099933628,13.264128151560408,13.46363353729248,486341000
2022-11-01,NVDA,13.776853766844887,13.89057223464228,13.485575885802234,13.509516716003418,432817000
2022-11-02,NVDA,13.815759886644688,14.174869538553562,13.17833970749939,13.186319351196289,672628000
2022-11-03,NVDA,13.010753571214046,13.746928905168618,12.923968770800348,13.387818336486816,500065000
2022-11-04,NVDA,13.951423355113537,14.1938226319805,13.663137321682004,14.121003150939941,612576000
2022-11-07,NVDA,14.192827439417927,14.376372598458701,13.919505563484488,14.265646934509277,410061000
2022-11-08,NVDA,14.764406302820655,14.854183943001459,14.180852592961925,14.565898895263672,595292000
2022-11-09,NVDA,14.12698780032859,14.175867398651944,13.724984235954823,13.741942405700684,454414000
2022-11-10,NVDA,14.763411236851555,15.734005334197544,14.511036451418649,15.71106243133545,700819000
2022-11-11,NVDA,15.767920535169456,16.348481436653724,15.443724222491777,16.28663444519043,655487000
2022-11-14,NVDA,16.177903764636575,16.499108168761815,15.882635102124247,16.25471305847168,527852000
2022-11-15,NVDA,16.680661045178866,16.955977806854108,16.341501419582265,16.624799728393555,545876000
2022-11-16,NVDA,16.12204333727618,16.321547735639033,15.833757322153295,15.870665550231934,649547000
2022-11-17,NVDA,15.676147926956387,16.225786282199604,15.496592636887353,15.6382417678833,710894000
2022-11-18,NVDA,15.926529043321702,15.962441247903389,15.082620775152405,15.370906829833984,492072000
2022-11-21,NVDA,15.109553050431892,15.438737129847263,15.042718303446582,15.279132843017578,404739000
2022-11-22,NVDA,15.290107226570333,16.01830306476984,15.084616158544712,15.99835205078125,472866000
2022-11-23,NVDA,16.05820212549382,16.486142404800624,16.008326496462395,16.478160858154297,427241000
2022-11-25,NVDA,16.277659960613633,16.44624088571978,16.1320209884095,16.229778289794922,167934000
2022-11-28,NVDA,15.98637589236612,16.31655879627557,15.686121403107446,15.78786849975586,303741000
2022-11-29,NVDA,15.787871978822768,15.89261289133373,15.481631739149844,15.600337028503418,298384000
2022-11-30,NVDA,15.662198222921692,16.892465330806235,15.56242050073122,16.885480880737305,565298000
2022-12-01,NVDA,16.961311508590725,17.22672059418411,16.598118225185257,17.097009658813477,470977000
2022-12-02,NVDA,16.622066938764753,16.895459640770735,16.408540682249722,16.838584899902344,371389000
2022-12-05,NVDA,16.64202652808181,16.957325998044983,16.435484678821734,16.573179244995117,352255000
2022-12-06,NVDA,16.493353544908274,16.53625748277145,15.783929395985323,15.951557159423828,352694000
2022-12-07,NVDA,15.737033837548465,16.150116510882306,15.632266127408133,16.08426284790039,372388000
2022-12-08,NVDA,16.236924067023104,17.140915635032428,15.923619112619104,17.130937576293945,515456000
2022-12-09,NVDA,17.121956228129644,17.544018774553155,16.93736690492108,16.963308334350586,465338000
2022-12-12,NVDA,16.99922915428006,17.499117875319435,16.75976146929497,17.496124267578125,457328000
2022-12-13,NVDA,18.48991676619764,18.7483433376604,17.671735017061216,18.03193473815918,656589000
2022-12-14,NVDA,17.947122938893273,18.21153673692968,17.38138052214265,17.634817123413086,496888000
2022-12-15,NVDA,17.107985485394817,17.281599496574888,16.662975165285864,16.91441535949707,478542000
2022-12-16,NVDA,16.826611361927757,17.003218983176044,16.373617447522786,16.534259796142578,478232000
2022-12-19,NVDA,16.53525994983705,16.57217667143344,16.109206574205285,16.21796417236328,354039000
2022-12-20,NVDA,16.02838403707244,16.27383892516191,15.816855115740298,16.04933738708496,403260000
2022-12-21,NVDA,16.078273493531086,16.59013659325073,16.066299063788986,16.464414596557617,325025000
2022-12-22,NVDA,16.05831692863529,16.102219997924365,14.849004230215598,15.304990768432617,565045000
2022-12-23,NVDA,15.162308930007534,15.304991533429133,14.850003158774006,15.172286987304688,349326000
2022-12-27,NVDA,15.040581290027674,15.066523670848282,14.024837595300793,14.089694023132324,464902000
2022-12-28,NVDA,13.896125203332481,14.230382578065761,13.853220309505318,14.004883766174316,351066000
2022-12-29,NVDA,14.370070713593025,14.650446912717559,14.195458504097823,14.570624351501465,354923000
2022-12-30,NVDA,14.302221216588292,14.59656727894766,14.201445300640174,14.5816011428833,310490000
2023-01-03,NVDA,14.818075144951218,14.962754136499147,14.064748866809973,14.283263206481934,401277000
2023-01-04,NVDA,14.534703367464905,14.820068566207876,14.20942594066625,14.716299057006836,431324000
2023-01-05,NVDA,14.458872413551465,14.531710520758232,14.11663246222546,14.233373641967773,389168000
2023-01-06,NVDA,14.44191076025438,14.976722686175162,14.00288666985135,14.826057434082031,405044000
2023-01-09,NVDA,15.250114184790577,16.020401941381497,15.1074306292161,15.593351364135742,504231000
2023-01-10,NVDA,15.472621454131234,15.926612657782302,15.437699200244237,15.873730659484863,384101000
2023-01-11,NVDA,15.804882316459198,15.992465239813418,15.528496008879637,15.965524673461914,353285000
2023-01-12,NVDA,16.06430761543747,16.600115869170452,15.457654762499619,16.474395751953125,551409000
2023-01-13,NVDA,16.241914296385605,16.88448766180026,16.129165833633266,16.86153793334961,447287000
2023-01-17,NVDA,16.861538466264395,17.68870121113587,16.861538466264395,17.662757873535156,511102000
2023-01-18,NVDA,17.62783226446367,17.833374940410984,17.243685577032387,17.338476181030273,439624000
2023-01-19,NVDA,16.998229980422312,17.158874241400532,16.693907773124163,16.72783088684082,452932000
2023-01-20,NVDA,16.973284656262667,17.816412427942808,16.787698117134013,17.799449920654297,564967000
2023-01-23,NVDA,18.023949346098004,19.202332601538465,17.77849636841415,19.150447845458984,655163000
2023-01-24,NVDA,18.78526133289635,19.451781589199925,18.778276881927304,19.2222900390625,496204000
2023-01-25,NVDA,18.87107002531869,19.327057588077132,18.538808102919397,19.280160903930664,449537000
2023-01-26,NVDA,19.65732458647775,20.12129386890338,19.235262010529773,19.758100509643555,489535000
2023-01-27,NVDA,19.41885115591402,20.582266410433473,19.36197832095678,20.319849014282227,542142000
2023-01-30,NVDA,19.90577336731511,20.095350783793005,19.107545755024255,19.11952018737793,488611000
2023-01-31,NVDA,19.127499744923487,19.643353741949113,18.90798817511003,19.49368667602539,498017000
2023-02-01,NVDA,19.647345080075983,21.145016818201913,19.567522516028927,20.896570205688477,660477000
2023-02-02,NVDA,20.953440010374486,21.90033534849852,20.654105914331332,21.66086769104004,564276000
2023-02-03,NVDA,20.95344017438409,21.696789246514708,20.74290754825101,21.053218841552734,429366000
2023-02-06,NVDA,20.759872338931974,21.522178471104034,20.739916222678673,21.042245864868164,452197000
2023-02-07,NVDA,21.33459738007037,22.209653931499272,21.10311135974189,22.123844146728516,664150000
2023-02-08,NVDA,22.337365045310303,22.82727757872674,21.95920561326959,22.15576934814453,559651000
2023-02-09,NVDA,22.555882109825383,22.96896380674192,22.07095953858251,22.287477493286133,523876000
2023-02-10,NVDA,21.641914381705053,22.029052780138088,20.764863390521825,21.21785545349121,550737000
2023-02-13,NVDA,21.49024509179642,21.999114525410953,20.915522011552234,21.73969078063965,474919000
2023-02-14,NVDA,21.53015578557321,22.9978949140653,21.318625944342383,22.920068740844727,675474000
2023-02-15,NVDA,22.499008003095835,22.804329348665444,22.056991258302702,22.713531494140625,420575000
2023-02-16,NVDA,22.08393046172455,22.500005788164945,21.878387788866807,21.953222274780273,412026000
2023-02-17,NVDA,21.58304317749563,21.691800771351655,20.92849743532747,21.3405818939209,465888000
2023-02-21,NVDA,20.953443519073346,21.446347815635267,20.57229043408108,20.609209060668945,410015000
2023-02-22,NVDA,20.661092053593148,21.05721124102222,20.37572493019937,20.70798683166504,513184000
2023-02-23,NVDA,23.388033612605756,23.8350403425162,22.973952761903,23.611536026000977,1117995000
2023-02-24,NVDA,23.173511315975173,23.421959839225643,22.89612775467356,23.234375,589716000
2023-02-27,NVDA,23.61751850763343,23.827051978192486,23.401997822738508,23.44889259338379,452994000
2023-02-28,NVDA,23.320184085898383,23.772180806302725,23.15455174201123,23.16452980041504,455963000
2023-03-01,NVDA,23.140582657134395,23.204441849787724,22.458099073317108,22.64767837524414,460026000
2023-03-02,NVDA,22.438146710867823,23.328167510652396,22.38226919901642,23.262313842773438,389415000
2023-03-03,NVDA,23.268298244670323,23.8470122834048,23.07871895003249,23.837034225463867,412393000
2023-03-06,NVDA,23.838034225602097,24.19424120106475,23.434928663312892,23.501781463623047,437429000
2023-03-07,NVDA,23.551677824513874,24.07560247170694,23.193411743392723,23.24031639099121,515154000
2023-03-08,NVDA,23.438909531706024,24.150450902284962,23.376038799236685,24.131488800048828,513573000
2023-03-09,NVDA,24.12549713017086,24.403927067293445,23.335119057261018,23.388011932373047,501257000
2023-03-10,NVDA,23.36106553205838,23.578619542231447,22.679463555166457,22.9179744720459,474866000
2023-03-13,NVDA,22.70540953761066,23.250290973383887,22.251341357225837,22.918970108032227,421890000
2023-03-14,NVDA,23.44789249237886,24.169411731602075,23.411964998999608,24.013731002807617,474910000
2023-03-15,NVDA,23.712347660414334,24.23627231190452,23.312169659954225,24.17839241027832,524486000
2023-03-16,NVDA,23.97780109757633,25.535603606038674,23.845072112678007,25.48870086669922,583253000
2023-03-17,NVDA,25.92880271607246,26.344948734040642,25.61544454374299,25.67232894897461,848547000
2023-03-20,NVDA,25.562549518958868,25.970712430849073,25.07854201438664,25.846965789794922,432747000
2023-03-21,NVDA,26.126398838719393,26.337964679003704,25.329034940797325,26.14535903930664,547408000
2023-03-22,NVDA,26.370891881444173,27.53250995771594,26.183277100976117,26.41380500793457,797295000
2023-03-23,NVDA,27.059477978352234,27.442692460706514,26.635348987272323,27.13532257080078,564889000
2023-03-24,NVDA,26.975653609349873,27.111374826778054,26.301037139360137,26.72416877746582,454920000
2023-03-27,NVDA,26.782048221700336,26.944714568093122,26.311014571134052,26.476675033569336,361026000
2023-03-28,NVDA,26.392851412554858,26.4587162651786,25.797073622443282,26.355926513671875,356104000
2023-03-29,NVDA,26.77007235480998,27.022552652943062,26.542538581113224,26.92874526977539,393694000
2023-03-30,NVDA,27.17324699449219,27.44269460926943,27.04650622795167,27.32693099975586,364516000
2023-03-31,NVDA,27.084432189356225,27.777011517821233,27.049504001618953,27.720129013061523,433933000
2023-04-03,NVDA,27.452673959085395,27.942667821784,27.280027855037655,27.907739639282227,398716000
2023-04-04,NVDA,27.908733850028394,27.942664624417038,27.25108288313044,27.39678382873535,368592000
2023-04-05,NVDA,26.774062779224042,26.942715439128293,26.340951464980066,26.825956344604492,515015000
2023-04-06,NVDA,26.529566401792227,27.02455108460632,26.372888285157632,26.981639862060547,397654000
2023-04-10,NVDA,26.768078927982756,27.564445330206645,26.61439491835625,27.522531509399414,395279000
2023-04-11,NVDA,27.66723481289394,27.7330996597478,27.070457767266205,27.113370895385742,314378000
2023-04-12,NVDA,27.313958486817846,27.4117573972983,26.393845475280525,26.440750122070312,446259000
2023-04-13,NVDA,26.67925655636213,26.831943139385213,26.275087085274208,26.408811569213867,353615000
2023-04-14,NVDA,26.449729310820583,26.82795296952223,26.166310441978037,26.703208923339844,395660000
2023-04-17,NVDA,26.510608881587505,26.950705921949755,26.378879181117764,26.946714401245117,321471000
2023-04-18,NVDA,27.476625156577658,28.05244337278638,27.30098493529646,27.610349655151367,604812000
2023-04-19,NVDA,27.304975350464428,27.94266686552096,27.176239781728775,27.873807907104492,358660000
2023-04-20,NVDA,27.614340416338198,27.972606485594795,26.944714827313312,27.04850196838379,427713000
2023-04-21,NVDA,26.896812971013922,27.127340875735126,26.66728437395246,27.0634708404541,345103000
2023-04-24,NVDA,26.9576876302619,27.309963550008472,26.616386963271044,26.98662757873535,339282000
2023-04-25,NVDA,27.02255332861515,27.191207903080986,26.171301222877446,26.187267303466797,378527000
2023-04-26,NVDA,26.946709851264895,27.27403733509567,26.65031712353252,26.900802612304688,406337000
2023-04-27,NVDA,27.306974277389113,27.438703972842852,26.57048448729234,27.17025375366211,377161000
2023-04-28,NVDA,27.1692571711631,27.70116489389645,27.015571252856407,27.692184448242188,292216000
2023-05-01,NVDA,27.782994624988884,28.998501044313812,27.7231180146928,28.85080337524414,570329000
2023-05-02,NVDA,28.621275795478528,28.776956510510566,28.025498077141993,28.152236938476562,402730000
2023-05-03,NVDA,27.782995617159955,28.30891697061435,27.415749094927655,27.745073318481445,383387000
2023-05-04,NVDA,27.594376467675538,27.801950716388607,27.184218797378904,27.50555992126465,321850000
2023-05-05,NVDA,27.76902351276572,28.696120235561477,27.67421872062941,28.621274948120117,361494000
2023-05-08,NVDA,28.46359870886539,29.16016946274796,28.291951910306917,29.091310501098633,344979000
2023-05-09,NVDA,28.83982635316878,28.91367423632623,28.3917463228912,28.512496948242188,314869000
2023-05-10,NVDA,28.94561039227481,29.053390963914687,28.402725530757564,28.825857162475586,369350000
2023-05-11,NVDA,28.8368313012262,28.890721581405018,28.188162647959096,28.519481658935547,322149000
2023-05-12,NVDA,28.470579317687932,28.721066689866337,27.98856857470663,28.281967163085938,274222000
2023-05-15,NVDA,28.449626392092515,28.90968288930767,28.09435634331566,28.893714904785156,293926000
2023-05-16,NVDA,28.781944947212995,29.808839206478215,28.77296450239682,29.153182983398438,449405000
2023-05-17,NVDA,29.523423532319487,30.137164031905737,29.369739532230806,30.116207122802734,432535000
2023-05-18,NVDA,30.347732971846412,31.76282877397273,30.257917101676483,31.613136291503906,748725000
2023-05-19,NVDA,31.471427932457345,31.515338464823536,30.85269847604877,31.19998550415039,473908000
2023-05-22,NVDA,30.837723229883725,31.455457092023806,30.617177004038794,31.11216163635254,372000000
2023-05-23,NVDA,30.936523538862662,31.22393392865523,30.568279631249496,30.62516212463379,356253000
2023-05-24,NVDA,30.14814019154648,30.54432854642124,29.74496810397816,30.4754695892334,721419000
2023-05-25,NVDA,38.44411669724596,39.39915781484461,36.559982197378055,37.90222930908203,1543911000
2023-05-26,NVDA,37.812419131021514,39.08979709643769,37.47311513309701,38.86625671386719,714397000
2023-05-30,NVDA,40.51187589734803,41.852124379037896,39.86719878603495,40.028865814208984,923401000
2023-05-31,NVDA,39.40714734389047,40.212494220771234,37.7445581109248,37.756534576416016,1002580000
2023-06-01,NVDA,38.410189027460895,39.967993574032356,38.2614958531395,39.688568115234375,635873000
2023-06-02,NVDA,40.014895164925456,40.4170698367897,38.97802122010776,39.2464714050293,482731000
2023-06-05,NVDA,38.829321475557855,39.48397633432031,38.6277354717196,39.09078598022461,396094000
2023-06-06,NVDA,38.750505608350615,39.07982802350888,38.0698988441669,38.57486343383789,388729000
2023-06-07,NVDA,38.83933255229278,39.422196626647725,37.28336203456749,37.402130126953125,511998000
2023-06-08,NVDA,37.650652361661095,38.78843525380602,37.43208020342754,38.435123443603516,417772000
2023-06-09,NVDA,38.96109737948555,39.6337866781629,38.492013810296655,38.694618225097656,427717000
2023-06-12,NVDA,39.123789673287696,39.45314612056553,38.54292044364982,39.40523910522461,388701000
2023-06-13,NVDA,40.107868537313834,41.021090447407424,39.662736532909214,40.94224166870117,613208000
2023-06-14,NVDA,40.74463080916541,42.916398894689806,40.47315646710425,42.91340637207031,740465000
2023-06-15,NVDA,42.519176450195246,43.20484109231197,42.06505921158456,42.57007598876953,568622000
2023-06-16,NVDA,43.36551525859182,43.635988226566326,42.578047952217986,42.60898971557617,655709000
2023-06-20,NVDA,42.91439764756023,43.90446942443079,42.59102630942327,43.72282028198242,451153000
2023-06-21,NVDA,43.41641836747542,43.530198935249985,41.998183661789234,42.9613037109375,551603000
2023-06-22,NVDA,42.170843097037455,43.3415626918256,42.15188284213235,42.94134521484375,417737000
2023-06-23,NVDA,42.381435491620046,42.72576209923424,41.93330719856048,42.126930236816406,358140000
2023-06-26,NVDA,42.378435975213705,42.68084821314237,40.02202672023089,40.55299377441406,594322000
2023-06-27,NVDA,40.71968036738126,41.85846093359961,40.369364835566834,41.794586181640625,462175000
2023-06-28,NVDA,40.58094002022697,41.76363726159132,40.43921783251657,41.037052154541016,582639000
2023-06-29,NVDA,41.47719520674288,41.51911336113598,40.521057714884826,40.74262619018555,380514000
2023-06-30,NVDA,41.5989647398468,42.467272192490576,41.420311904436474,42.21975326538086,501148000
2023-07-03,NVDA,42.434329951938,42.814589668673115,42.11994379587202,42.33053207397461,198209000
2023-07-05,NVDA,42.053080590984536,43.09305457985884,42.003178561095986,42.2347297668457,323618000
2023-07-06,NVDA,41.76264953628558,42.09699732253943,41.265616640980895,42.02114486694336,303582000
2023-07-07,NVDA,42.239708925322894,43.12997664792233,42.097986731680244,42.42035675048828,355881000
2023-07-10,NVDA,42.574069582991044,42.72776951271603,41.568026064774784,42.09799575805664,353908000
2023-07-11,NVDA,42.398400353937646,42.67486219078261,41.98520766702778,42.322547912597656,298244000
2023-07-12,NVDA,42.94932537767914,43.84957190915323,42.693822639384614,43.81663513183594,481277000
2023-07-13,NVDA,44.43144469055369,46.06525908080091,44.405494267990946,45.88760757446289,478204000
2023-07-14,NVDA,46.492428621249765,47.99450350820883,44.972390985691305,45.38059616088867,772075000
2023-07-17,NVDA,46.1990038397671,46.40559830268811,45.1740001632929,46.37066650390625,510488000
2023-07-18,NVDA,46.61019966194242,47.8028759240553,45.645080740043866,47.40165710449219,569164000
2023-07-19,NVDA,47.37171842574284,47.72503024968798,46.65112205838491,46.985469818115234,427502000
2023-07-20,NVDA,46.416572252146125,46.99544633379389,44.974382199398164,45.43149185180664,537865000
2023-07-21,NVDA,45.69896353449378,45.77681478765064,44.01424612102242,44.22283935546875,963769000
2023-07-24,NVDA,44.64402903720118,45.02129625877823,43.95437445925072,44.52526092529297,382516000
2023-07-25,NVDA,44.85362300335587,46.093204951452925,44.835656447425045,45.590187072753906,348081000
2023-07-26,NVDA,45.93152233751283,45.96346161310325,44.54322798421179,45.36362838745117,364237000
2023-07-27,NVDA,46.42855649018283,47.302852779891246,45.66105061247082,45.810760498046875,455976000
2023-07-28,NVDA,46.577273520195284,46.93557675732461,46.29083271639734,46.659114837646484,331194000
2023-07-31,NVDA,46.6630907290073,47.038359066996236,46.415571856481925,46.63813781738281,251055000
2023-08-01,NVDA,46.36966307349115,46.808809981833214,45.9375063312931,46.41657257080078,237858000
2023-08-02,NVDA,45.74189331269121,45.75087468728102,43.302644871740895,44.18292999267578,530142000
2023-08-03,NVDA,43.714841517541664,45.03027980086514,43.714841517541664,44.42845153808594,324176000
2023-08-04,NVDA,44.897531651391645,45.55325186395774,44.30668368202593,44.59312438964844,362666000
2023-08-07,NVDA,45.02328860387296,45.451455331655026,44.47635377122551,45.32869338989258,322154000
2023-08-08,NVDA,44.765791580742274,45.154035175235585,43.97034032891443,44.5771598815918,353843000
2023-08-09,NVDA,44.18791316298273,44.2258412871121,42.05207472701769,42.47126007080078,586449000
2023-08-10,NVDA,42.07802662294512,43.489278793199354,41.75365777083557,42.30558395385742,492705000
2023-08-11,NVDA,41.66982393739307,41.936306917018776,40.55998646089097,40.77556610107422,533085000
2023-08-14,NVDA,40.40728424676243,43.714840105511556,40.23262525589616,43.667930603027344,690286000
2023-08-15,NVDA,44.473361921944495,45.17998551740348,43.62501232005784,43.85456466674805,676512000
2023-08-16,NVDA,44.43343721611258,44.588134620821634,43.321601018047524,43.40144729614258,527451000
2023-08-17,NVDA,43.88450979004493,43.97632996907339,42.91739206244817,43.259727478027344,452395000
2023-08-18,NVDA,42.552106546557646,43.49327393992906,41.57900368302175,43.21481704711914,583768000
2023-08-21,NVDA,44.40749864860008,46.97349951188341,44.136028083718024,46.87569046020508,692573000
2023-08-22,NVDA,48.04141091720703,48.09331176452581,45.24486061801989,45.57920837402344,755293000
2023-08-23,NVDA,45.77682903768783,47.10823512648874,45.12010736864763,47.02439880371094,779046000
2023-08-24,NVDA,50.11836604551162,50.16826807045973,47.06731047667301,47.0713005065918,1156044000
2023-08-25,NVDA,46.92059466008382,47.71205208326433,44.936457196698406,45.92852783203125,925341000
2023-08-28,NVDA,46.391631711311426,46.888664634446876,44.800732684420076,46.74394607543945,685192000
2023-08-29,NVDA,46.57526966972096,48.9855752028849,46.30080281747559,48.689151763916016,701397000
2023-08-30,NVDA,48.94863943193041,49.82992198159772,48.330843509784565,49.168212890625,735206000
2023-08-31,NVDA,49.28399374905417,49.64728445636799,48.86281334141854,49.25904083251953,528570000
2023-09-01,NVDA,49.665250288293905,49.70317460901009,48.04839726391632,48.4146842956543,463830000
2023-09-05,NVDA,48.129233017529124,48.756014074010885,47.766939883518965,48.4536018371582,382653000
2023-09-06,NVDA,48.35079314460042,48.4585899209421,46.49325871140174,46.97336196899414,468670000
2023-09-07,NVDA,45.44023319735737,46.257708449088824,45.067926633125616,46.15489959716797,433330000
2023-09-08,NVDA,45.856458279277405,46.519219579428515,45.186706235848995,45.487144470214844,473069000
2023-09-11,NVDA,46.06206706824175,46.077038527672016,44.22948732817348,45.093875885009766,473966000
2023-09-12,NVDA,44.654695251427476,45.58795561962286,44.44807996157311,44.78644943237305,349256000
2023-09-13,NVDA,44.51695245570367,45.84447779885845,44.4201329496468,45.400306701660156,398355000
2023-09-14,NVDA,45.86444047531069,45.90137033130358,45.04696523433204,45.49612808227539,370097000
2023-09-15,NVDA,45.25656332752661,45.514082288276775,43.726417212467545,43.8182487487793,506831000
2023-09-18,NVDA,42.668401863830084,44.15961943213608,41.92179358623107,43.884132385253906,500271000
2023-09-19,NVDA,43.751381753727316,43.88413352477652,42.92192782259573,43.43896484375,373064000
2023-09-20,NVDA,43.51881278602881,43.82124998391259,42.14437793528599,42.16034698486328,367108000
2023-09-21,NVDA,41.505572228064345,42.02160786318076,40.903694380315116,40.94062423706055,450736000
2023-09-22,NVDA,41.494585230845004,42.03657715904044,41.154220620543846,41.53251647949219,479236000
2023-09-25,NVDA,41.513557426280826,42.45679753767784,41.10032682953403,42.14338302612305,419091000
2023-09-26,NVDA,41.92279078773523,42.74026599878411,41.577434392681035,41.83295822143555,402282000
2023-09-27,NVDA,42.2511801171412,42.79217068875673,41.55148521974545,42.388919830322266,444935000
2023-09-28,NVDA,42.38093579889095,43.36509986355093,42.03658080053992,43.008766174316406,424663000
2023-09-29,NVDA,43.74538760189782,44.06179864340564,43.22635545841842,43.417999267578125,397830000
2023-10-02,NVDA,43.948009813372195,45.09087814744479,43.77932579033049,44.698612213134766,433298000
2023-10-03,NVDA,44.7245629218231,45.045965740925496,43.16547120468859,43.43596649169922,470850000
2023-10-04,NVDA,43.66055277170503,44.06080708258773,43.21138991227506,43.9589958190918,361821000
2023-10-05,NVDA,43.967980976112926,44.816400615425316,43.80628385856815,44.604793548583984,393483000
2023-10-06,NVDA,44.11070601288464,45.70373466330227,43.944017177662325,45.67678451538086,434436000
2023-10-09,NVDA,44.75848927091242,45.52006881439678,44.285372981439615,45.18868637084961,409675000
2023-10-10,NVDA,45.22562871384522,46.17285906419018,45.004041982640686,45.71271896362305,368582000
2023-10-11,NVDA,46.109976834306515,46.77174426177856,45.96424879463127,46.718841552734375,378137000
2023-10-12,NVDA,46.68989566086201,47.52034710135052,46.24372943331202,46.857582092285156,481325000
2023-10-13,NVDA,46.87255588078778,47.02826743741539,45.19568386802554,45.376346588134766,474115000
2023-10-16,NVDA,44.9790832052808,46.13891807478204,44.82836342341364,46.00916290283203,375099000
2023-10-17,NVDA,43.918066921379186,44.670664500769895,42.40089687991119,43.85618209838867,812333000
2023-10-18,NVDA,42.51168506984707,43.13851774775219,41.74711270086322,42.1174201965332,627294000
2023-10-19,NVDA,42.73128289845607,43.21637798376251,41.8040119269262,42.022605895996094,501233000
2023-10-20,NVDA,41.81199440818419,42.39091619548763,41.00150619051564,41.309932708740234,477266000
2023-10-23,NVDA,41.15222663549808,43.16746801501632,40.86875508234883,42.89497375488281,478530000
2023-10-24,NVDA,42.99678817947999,43.615632642963874,42.61150915403504,43.581695556640625,401463000
2023-10-25,NVDA,43.317183162193714,43.56871659941446,41.47761668487891,41.70119857788086,398379000
2023-10-26,NVDA,41.77506089043769,42.17731029147376,39.80573548899641,40.25090408325195,541001000
2023-10-27,NVDA,41.0534036065449,41.12926228301036,39.94047842445542,40.42457580566406,416784000
2023-10-30,NVDA,41.01049849985918,41.68823125867914,40.405624059194345,41.08435821533203,388028000
2023-10-31,NVDA,40.37467987980174,40.802881903079644,39.1569503913023,40.704063415527344,517969000
2023-11-01,NVDA,40.807870455778854,42.30208459844571,40.79289899587781,42.24618911743164,437593000
2023-11-02,NVDA,43.24731404731201,43.802278424689874,42.814124127350155,43.424983978271484,409172000
2023-11-03,NVDA,43.93803330221259,45.22463078266812,43.641585445769095,44.921199798583984,424610000
2023-11-06,NVDA,45.200677734191665,45.849468936509936,44.815394894536624,45.665809631347656,400733000
2023-11-07,NVDA,45.63386992886557,46.13193749816825,45.073913725971586,45.86943054199219,343165000
2023-11-08,NVDA,46.01415398971753,46.779727832903724,45.8823998221808,46.487274169921875,346719000
2023-11-09,NVDA,47.37861498022088,48.14019475321026,46.662950986381574,46.862579345703125,540496000
2023-11-10,NVDA,47.411554622346145,48.38174487246118,47.19495962235481,48.244998931884766,421245000
2023-11-13,NVDA,48.23002031531456,49.02453947075824,48.009431181663935,48.52946090698242,384136000
2023-11-14,NVDA,49.58749498042509,49.74120755867973,48.948687284637685,49.56353759765625,416954000
2023-11-15,NVDA,49.84201782618033,49.86696898933371,48.11024794590893,48.796966552734375,475497000
2023-11-16,NVDA,48.58835975878918,49.43278516309001,48.24001057724096,49.38786697387695,339756000
2023-11-17,NVDA,49.43178055903223,49.62442196935827,48.915744960766254,49.20620346069336,325205000
2023-11-20,NVDA,49.22017477900762,50.45387324372552,49.08941820057832,50.31513214111328,414120000
2023-11-21,NVDA,50.03266205340574,50.422932832163035,49.130346021791986,49.85100173950195,565747000
2023-11-22,NVDA,49.759168450104845,50.24126692176278,47.60119189596065,48.625282287597656,899420000
2023-11-24,NVDA,48.379750254535665,48.829910707399556,47.656097917344944,47.687042236328125,294645000
2023-11-27,NVDA,47.7109937696309,48.43963402417859,47.56327053938668,48.15217208862305,395662000
2023-11-28,NVDA,48.146180818273855,48.233020614585215,47.38460109717888,47.73195266723633,401491000
2023-11-29,NVDA,48.288911166313994,48.67119737228817,47.77087663297862,48.05035400390625,382005000
2023-11-30,NVDA,47.934577593167546,48.02041980667685,46.33556313621097,46.68291473388672,526247000
2023-12-01,NVDA,46.43836652084653,47.11210883022558,46.10099466756543,46.67791748046875,369317000
2023-12-04,NVDA,45.99119263522652,45.99119263522652,44.92617831886354,45.42524719238281,437543000
2023-12-05,NVDA,45.38533254496545,46.517319443047896,45.19067882409736,46.48338317871094,371718000
2023-12-06,NVDA,47.13122440124437,47.30292009715476,45.331422145943435,45.42226028442383,380590000
2023-12-07,NVDA,45.618910872891085,46.54626331215597,45.52308054469381,46.51332092285156,350823000
2023-12-08,NVDA,46.5123243077979,47.65629078492983,46.467402174460815,47.42170715332031,359224000
2023-12-11,NVDA,47.40674269328456,47.44666883134117,45.748690336704186,46.544273376464844,509728000
2023-12-12,NVDA,45.96430321028968,47.581427820158346,45.96430321028968,47.572444915771484,372387000
2023-12-13,NVDA,47.544485137739954,48.50777292153931,47.52352249310834,48.00267028808594,447792000
2023-12-14,NVDA,48.30413968812158,48.58364165791398,47.337858729747325,48.26420974731445,391232000
2023-12-15,NVDA,48.108492709816815,49.316344970250725,48.03462269335951,48.80325698852539,479948000
2023-12-18,NVDA,49.312347036005846,50.34351123549537,49.06279063158867,49.98814392089844,412587000
2023-12-19,NVDA,49.33630646675969,49.61181773302037,48.80824574504592,49.515987396240234,464444000
2023-12-20,NVDA,49.5668939044448,49.91028529819524,48.012657344636494,48.025634765625,397894000
2023-12-21,NVDA,48.724392927903814,49.007889407965415,48.333086371904265,48.903076171875,300425000
2023-12-22,NVDA,49.107712672335644,49.29537882848635,48.38100372795406,48.74336242675781,252507000
2023-12-26,NVDA,48.88111364335506,49.51199224313979,48.87312841671405,49.19156265258789,244200000
2023-12-27,NVDA,49.42315016052461,49.591849010515,48.99790354922427,49.329315185546875,233648000
2023-12-28,NVDA,49.55491529927827,49.795484989479434,49.324322381717465,49.43412780761719,246587000
2023-12-29,NVDA,49.72461182444803,49.90828725509975,48.66449595698359,49.43412780761719,389293000
2024-01-02,NVDA,49.156625856562634,49.20753405733888,47.510553413556266,48.08253479003906,411254000
2024-01-03,NVDA,47.40074947125083,48.09850675959303,47.23604131164446,47.48460006713867,320896000
2024-01-04,NVDA,47.68224884044641,48.41395003873669,47.42370949212884,47.912841796875,306535000
2024-01-05,NVDA,48.37601604637922,49.459090025386296,48.22029079492016,49.0098876953125,415039000
2024-01-08,NVDA,49.424151981929796,52.18225008334284,49.39120958940494,52.16028594970703,642510000
2024-01-09,NVDA,52.30802433098523,54.22861030764682,51.59828353362604,53.045711517333984,773100000
2024-01-10,NVDA,53.52086794542818,54.50311934146144,53.39409057576156,54.253562927246094,533796000
2024-01-11,NVDA,54.9014155282273,55.247799966123495,53.46496957614301,54.724727630615234,596759000
2024-01-12,NVDA,54.52308221048439,54.872463461679565,54.23359967517569,54.61292266845703,352994000
2024-01-16,NVDA,54.920385030235444,56.734158722808395,54.80259436306696,56.28196334838867,449580000
2024-01-17,NVDA,56.24702168282456,56.37080221365978,54.642874592370525,55.95354461669922,474394000
2024-01-18,NVDA,57.15840468720761,57.49780159403606,56.00745052096862,57.00567626953125,491650000
2024-01-19,NVDA,57.88610696898355,59.394427545023596,57.12346261571884,59.38544464111328,543501000
2024-01-22,NVDA,59.94245635666948,60.223957503871716,58.96519328035112,59.54815673828125,452955000
2024-01-23,NVDA,59.46430941121268,59.803706328736965,58.481056408623395,59.76677322387695,294654000
2024-01-24,NVDA,60.197006547482026,62.73748925623283,59.83165479543139,61.25312805175781,560271000
2024-01-25,NVDA,62.239368666397,62.607717226695215,60.742030169454694,61.50767135620117,482777000
2024-01-26,NVDA,60.85184105783135,61.67338271174931,60.46553046315559,60.92271423339844,390309000
2024-01-29,NVDA,61.12335395532468,62.37812361839996,60.79893365210522,62.35416793823242,348733000
2024-01-30,NVDA,62.788396424260334,63.38034275629544,62.14952879417416,62.66261672973633,410735000
2024-01-31,NVDA,61.33099160859471,62.158523170614345,60.59230665111332,61.41783905029297,453795000
2024-02-01,NVDA,61.98981538927627,63.07888305643791,61.54061686379006,62.9151725769043,369146000
2024-02-02,NVDA,63.86048434942647,66.48182425910672,63.57698787949549,66.04261016845703,476578000
2024-02-05,NVDA,68.10394628020288,69.37369252800232,67.08575942583846,69.208984375,680078000
2024-02-06,NVDA,69.50645284574946,69.630233381063,66.18236704818828,68.1019515991211,683111000
2024-02-07,NVDA,68.19777661316522,70.09540449820057,67.48005062301553,69.97461700439453,495575000
2024-02-08,NVDA,69.9496558671256,70.66837949372972,69.33175856710787,69.51742553710938,414422000
2024-02-09,NVDA,70.40786779391557,72.05693748338919,70.08743811818825,72.00503540039062,436637000
2024-02-12,NVDA,72.47118484090161,74.4786183227707,71.1235816589561,72.11981201171875,613710000
2024-02-13,NVDA,70.27510691021548,73.31969142351917,69.49649190429426,72.00003814697266,602580000
2024-02-14,NVDA,73.0721307009838,74.10429279758857,71.81037331243682,73.76889038085938,504917000
2024-02-15,NVDA,73.73794078168315,73.84374789733648,72.27154539670707,72.52908325195312,420122000
2024-02-16,NVDA,73.96851471281462,74.2699807907232,72.37235296886776,72.4841537475586,495327000
2024-02-20,NVDA,71.81934169951924,71.82832841143384,67.61381946264177,69.32877349853516,704833000
2024-02-21,NVDA,67.88532873628714,68.76576751724065,66.13045246980936,67.35227966308594,673755000
2024-02-22,NVDA,74.89189108055353,78.43558804957509,74.08831901858908,78.3986587524414,865100000
2024-02-23,NVDA,80.64665337566204,82.24780364536768,77.4323654765101,78.67715454101562,829388000
2024-02-26,NVDA,79.5585907729136,80.50291911362528,78.36571128314377,78.95167541503906,503973000
2024-02-27,NVDA,79.24014935736925,79.33898034064636,77.0250924240117,78.56135559082031,391705000
2024-02-28,NVDA,77.48227691873889,78.7929431019633,76.98815248522881,77.52519989013672,393110000
2024-02-29,NVDA,78.95366810218512,79.84807446200602,78.2109848648127,78.97163391113281,507289000
2024-03-01,NVDA,79.85804776923267,82.15396968894088,79.29404786978826,82.13300323486328,479135000
2024-03-04,NVDA,83.98072393894745,87.53940093463996,83.57045769196934,85.08576202392578,615616000
2024-03-05,NVDA,85.12270452666515,85.94827947163024,83.2729084960246,85.81550598144531,520639000
2024-03-06,NVDA,87.86993807352297,89.56899358821315,86.87964744648528,88.54676055908203,582520000
2024-03-07,NVDA,90.00225477502153,92.60674904676837,89.44721547430589,92.50891876220703,608119000
2024-03-08,NVDA,94.97364703765751,97.23174040772027,86.35655527181379,87.37679290771484,1142269000
2024-03-11,NVDA,86.27969890435133,88.6436045203793,84.0206076407832,85.6258316040039,678364000
2024-03-12,NVDA,87.8969031445505,91.80114256968415,86.0011815049168,91.75422668457031,668075000
2024-03-13,NVDA,90.89769886633881,91.34592070136199,88.28222228746216,90.73098754882812,635713000
2024-03-14,NVDA,89.42225054534444,90.48940398821422,86.45038860441925,87.79206848144531,602318000
2024-03-15,NVDA,86.77984124405515,89.39131979974543,86.10800722766477,87.68527221679688,642086000
2024-03-18,NVDA,90.2318598178106,92.24537384693531,86.93456418081807,88.30220031738281,668976000
2024-03-19,NVDA,86.5502309225731,90.38759254394184,84.86315541638959,89.24357604980469,672171000
2024-03-20,NVDA,89.6418701073994,90.25381771221527,88.07059173697641,90.21588134765625,479063000
2024-03-21,NVDA,92.14054202127372,92.4879403765992,90.24881163098036,91.27703094482422,480372000
2024-03-22,NVDA,90.9835495525749,94.61426754269417,90.67708069798141,94.12611389160156,586719000
2024-03-25,NVDA,93.77871885813295,96.59883562555477,93.34846365413705,94.83788299560547,552136000
2024-03-26,NVDA,95.68541767838448,96.20851455285562,92.34220396856466,92.4011001586914,513648000
2024-03-27,NVDA,92.95116447926165,93.07894173608074,88.96905637776396,90.09410858154297,586067000
2024-03-28,NVDA,89.8445252112995,91.1422825108375,89.03892009399118,90.19991302490234,435212000
2024-04-01,NVDA,90.14300148966248,92.0656689808471,89.049892011898,90.2068862915039,452441000
2024-04-02,NVDA,88.295199136712,89.93835929549583,87.46863424504667,89.29747009277344,433064000
2024-04-03,NVDA,88.33115142365672,90.21788597554938,88.24729689318218,88.81031799316406,370067000
2024-04-04,NVDA,90.24981545155312,90.47742601324012,85.73163346290652,85.756591796875,434965000
2024-04-05,NVDA,86.71594667786945,88.32816244191248,85.7775755946387,87.8559799194336,399678000
2024-04-08,NVDA,88.54676191015398,88.67654220104028,86.58216705957724,86.98247528076172,283220000
2024-04-09,NVDA,87.2909487172583,87.48361610941927,82.87858592167979,85.20655059814453,501700000
2024-04-10,NVDA,83.78102746556362,87.24902545092569,83.56439945092491,86.8886489868164,431929000
2024-04-11,NVDA,87.26898672835297,90.58225365038547,86.77584440203218,90.45946502685547,431637000
2024-04-12,NVDA,89.54405551793229,90.0192388417283,87.37880342967303,88.0336685180664,426805000
2024-04-15,NVDA,88.94407438415881,90.45645646962656,85.78055040974887,85.85242462158203,443077000
2024-04-16,NVDA,86.28368645109244,87.965773191981,85.91532822119116,87.26399230957031,370453000
2024-04-17,NVDA,88.18737923912188,88.62163290761173,83.80496405819224,83.88982391357422,495400000
2024-04-18,NVDA,84.82321393436638,86.0411075798554,82.25964941091485,84.52472686767578,447260000
2024-04-19,NVDA,83.00637428065669,84.17834237736079,75.47540651529913,76.06837463378906,875198000
2024-04-22,NVDA,77.96907171420484,79.93467203595871,76.26802061217705,79.38063049316406,596341000
2024-04-23,NVDA,80.62947459576492,82.62601974052421,80.1253496885507,82.2806167602539,438559000
2024-04-24,NVDA,83.80497344877082,83.93674919660243,79.0462101404743,79.53936004638672,512208000
2024-04-25,NVDA,78.73175253009703,83.1790583894206,78.08787011237102,82.4892578125,424641000
2024-04-26,NVDA,83.67321658546781,88.17842147858853,83.2429613231266,87.58345031738281,551011000
2024-04-29,NVDA,87.44368500312586,87.8399947565515,85.11870586410434,87.60540771484375,388971000
2024-04-30,NVDA,87.08929643239856,88.66557118869024,86.15092540038592,86.25274658203125,363709000
2024-05-01,NVDA,84.93001509196907,85.85141694267458,81.11461218464028,82.89752960205078,559863000
2024-05-02,NVDA,84.30310641773906,86.08801954331209,83.05626359727954,85.66874694824219,377898000
2024-05-03,NVDA,87.6373400551101,89.12675929539812,86.8896334546632,88.63561248779297,398341000
2024-05-06,NVDA,89.23557796278553,92.06069095925291,88.90115758999175,91.98082733154297,376203000
2024-05-07,NVDA,90.94061902784969,91.62243773928878,88.8572265315021,90.3975601196289,437342000
2024-05-08,NVDA,89.32841761603471,91.03646035901207,89.26552291616532,90.25581359863281,325721000
2024-05-09,NVDA,90.37262376475964,90.9146850807723,88.0785966955897,88.59370422363281,378013000
2024-05-10,NVDA,90.14899684375659,91.24310415488777,89.07285618291228,89.72273254394531,335325000
2024-05-13,NVDA,90.32170192056742,90.84080791917694,88.37607119051684,90.24284362792969,289680000
2024-05-14,NVDA,89.44421267221655,91.49266969851776,88.78036057605543,91.19818115234375,296507000
2024-05-15,NVDA,92.31226052004403,94.69813133508781,91.44076747625896,94.4665298461914,417735000
2024-05-16,NVDA,94.74605748352667,95.65348387790415,93.94044465961885,94.19600677490234,323952000
2024-05-17,NVDA,94.20599431591704,94.57634804363961,91.64741799856931,92.31925201416016,359691000
2024-05-20,NVDA,93.58806000142961,95.0355522829654,93.27859792021394,94.61627960205078,318764000
2024-05-21,NVDA,93.43729892728764,95.23519004733342,93.01902406434208,95.2212142944336,328946000
2024-05-22,NVDA,95.29408831779949,95.85411617010452,93.0879071432018,94.78596496582031,548648000
2024-05-23,NVDA,101.85176064066984,106.13634662239213,101.34463491102811,103.61970520019531,835065000
2024-05-24,NVDA,104.2685576920773,106.29105867121642,102.82206339543845,106.28507232666016,429494000
2024-05-28,NVDA,110.05355122917427,114.74044007562202,109.69317481392171,113.70423126220703,652728000
2024-05-29,NVDA,112.85471267036033,115.29248791517858,110.70942292973874,114.62664031982422,557442000
2024-05-30,NVDA,114.45194499585061,115.61892428256706,109.47356046717066,110.30911254882812,484553000
2024-05-31,NVDA,112.32561724375552,112.52228313915187,106.75526253688238,109.44361114501953,613263000
2024-06-03,NVDA,113.42471506551881,114.80133056640625,111.80950641949946,114.80133056640625,438392000
2024-06-04,NVDA,115.51610755402032,116.39857553569502,113.8479889155611,116.23585510253906,403324000
2024-06-05,NVDA,118.16650675945408,122.23745699449587,117.26506688652523,122.22847747802734,528402000
2024-06-06,NVDA,123.83371299207869,125.37005594832782,118.1156108470622,120.78898620605469,664696000
2024-06-07,NVDA,119.56310374577737,121.48178833918006,117.81812979264019,120.6791763305664,412386000
2024-06-10,NVDA,120.16206002224595,122.88733960177423,116.80786391189227,121.57960510253906,313434100
2024-06-11,NVDA,121.56960679291505,122.66780267992146,118.5445943075993,120.71102905273438,222551200
2024-06-12,NVDA,122.85750238613136,126.6712162731191,122.36831081363356,124.99398040771484,299595000
2024-06-13,NVDA,129.1770893049594,129.5864183097163,126.9507630154097,129.396728515625,260704500
2024-06-14,NVDA,129.7461556011969,132.62140615970972,128.10885485479358,131.66299438476562,309320400
2024-06-17,NVDA,132.77118307637525,133.5099557271365,129.3667902512595,130.7644805908203,288504400
2024-06-18,NVDA,130.92420671975586,136.10566894087242,130.47495024767164,135.35690307617188,294335100
2024-06-20,NVDA,139.56996619369176,140.52837801062054,129.30688285479897,130.56480407714844,517768400
2024-06-21,NVDA,126.91083052082259,130.4150570517715,124.09547105255645,126.36173248291016,649445800
2024-06-24,NVDA,123.03719724453093,124.2551908621237,117.8457572795687,117.91564178466797,476060900
2024-06-25,NVDA,121.00055473590018,126.29183629953359,119.12365113611966,125.88250732421875,414192600
2024-06-26,NVDA,125.92244138152637,127.9091645624237,122.39825146602374,126.19200134277344,362975900
2024-06-27,NVDA,123.8957921998042,126.2019962793405,122.71773358253314,123.78597259521484,252571700
2024-06-28,NVDA,124.3750052910358,127.49985213027985,122.54801473015355,123.33671569824219,315516700
2024-07-01,NVDA,123.26681539905613,124.63455601247117,118.63445172722665,124.09545135498047,284885500
2024-07-02,NVDA,120.93067286767031,123.20692743216773,120.8308389451457,122.4681396484375,218374000
2024-07-03,NVDA,121.45982152361671,128.0689239501953,121.16031210370706,128.0689239501953,215749000
2024-07-05,NVDA,127.17040031042268,128.63799033992214,125.4732006158399,125.62295532226562,214176700
2024-07-08,NVDA,127.28019064518816,130.5547992263396,126.83093424608442,127.98902130126953,237677300
2024-07-09,NVDA,130.1355144487565,133.59980576329167,128.43829962119838,131.163818359375,285366600
2024-07-10,NVDA,133.80946190177127,134.87770860466375,132.20211043348235,134.68801879882812,248978600
2024-07-11,NVDA,135.5266111960585,135.92594686670037,126.84093087332322,127.19035339355469,374782700
2024-07-12,NVDA,128.04894535138322,131.70292655352904,127.01066335258953,129.02734375,252680500
2024-07-15,NVDA,130.34514408452472,131.1737800395054,126.97070905664152,128.2286376953125,208326200
2024-07-16,NVDA,128.22865593379024,128.82765950066548,124.37500690887067,126.1520767211914,214769500
2024-07-17,NVDA,121.15031675281162,121.64949400158038,116.52793817127537,117.79584503173828,390086200
2024-07-18,NVDA,121.64949097287113,122.19858897958201,116.36819489836525,120.89073944091797,320979500
2024-07-19,NVDA,120.15196272062997,121.39990584738524,117.176870571876,117.73594665527344,217223800
2024-07-22,NVDA,120.15196240961751,123.86584236392231,119.66277083791101,123.33671569824219,258068900
2024-07-23,NVDA,122.57796493987696,124.48482570104972,121.89908357161131,122.38827514648438,173911000
2024-07-24,NVDA,118.97391446537992,119.75262982559674,113.25334693957731,114.06201171875,327776900
2024-07-25,NVDA,112.85399693651604,116.43808604158575,106.12508953993542,112.09524536132812,460067000
2024-07-26,NVDA,115.99880916186419,116.00878722251285,111.3963944118867,112.87395477294922,293399100
2024-07-29,NVDA,113.50293033164324,116.0886649396649,111.11686358531041,111.40637969970703,248152100
2024-07-30,NVDA,111.33647720819822,111.80570498592243,102.37125913301429,103.5593032836914,486833300
2024-07-31,NVDA,112.71422275560462,118.14526596856572,110.6975424326974,116.82743835449219,473174200
2024-08-01,NVDA,117.3365974252001,119.96227450650746,106.63423649015627,109.03028869628906,523462300
2024-08-02,NVDA,103.58925680976456,108.54109382170915,101.20319035397925,107.09347534179688,482027500
2024-08-05,NVDA,91.90851250035082,103.239842127859,90.5407717150732,100.28470611572266,552842400
2024-08-06,NVDA,103.6691316762756,107.5327664843651,100.38455194570304,104.07846069335938,409012100
2024-08-07,NVDA,107.6325862976113,108.6209626457341,98.52759897070796,98.74723815917969,411440400
2024-08-08,NVDA,101.83215026963444,105.32639072006307,97.35951914167633,104.7972640991211,391910000
2024-08-09,NVDA,105.46616394434741,106.42458330646772,103.25980151433504,104.57762908935547,290844200
2024-08-12,NVDA,106.14505252549102,110.88723650727509,106.08515369153115,108.84060668945312,325559900
2024-08-13,NVDA,112.25498947976828,116.03875418683985,111.39640394640423,115.94889831542969,312646700
2024-08-14,NVDA,118.3349528711921,118.40483737868666,113.88229289564154,117.88569641113281,339246400
2024-08-15,NVDA,118.56459228097263,123.03721654252207,117.27671395628101,122.65784454345703,318086700
2024-08-16,NVDA,121.73933737686731,124.79429938850936,120.9805859038701,124.37499237060547,302589900
2024-08-19,NVDA,124.07548340044629,129.78607177734375,123.21689800857207,129.78607177734375,318333600
2024-08-20,NVDA,128.18871285893894,129.6662885004724,125.68284852553639,127.04061126708984,300087400
2024-08-21,NVDA,127.11050029285343,129.13716641620366,126.45159025428316,128.28855895996094,257883600
2024-08-22,NVDA,129.80604926899383,130.5348437487765,122.89743071735391,123.536376953125,376189100
2024-08-23,NVDA,125.65290085977209,129.38675225949072,125.01395457447234,129.15711975097656,323230300
2024-08-26,NVDA,129.35679802537265,131.04400430992783,124.16535012958609,126.25190734863281,331964700
2024-08-27,NVDA,124.84424526829238,128.98741074794592,123.67616460225028,128.08889770507812,303134600
2024-08-28,NVDA,127.90918484234558,128.11884600848597,122.43820596970414,125.4033203125,448101100
2024-08-29,NVDA,121.16030028839229,124.22524823697073,116.51795043355128,117.39649963378906,453023300
2024-08-30,NVDA,119.33330911013266,121.54965726206557,117.02711271158417,119.17357635498047,333751600
2024-09-03,NVDA,115.81911857253483,116.01878644458095,107.11346529492099,107.82229614257812,477155100
2024-09-04,NVDA,105.23655349888746,113.0836130103624,103.94867525541761,106.03523254394531,372470300
2024-09-05,NVDA,104.817243866478,109.4695798052194,104.58762658147727,107.0335922241211,306850700
2024-09-06,NVDA,107.86222325429438,107.97204286084109,100.78388574677186,102.66079711914062,413638100
2024-09-09,NVDA,104.70740474857429,106.3746623538231,103.51936821450626,106.29479217529297,273912000
2024-09-10,NVDA,107.63259542371279,109.21998302790867,104.77730096516093,107.922119140625,268283700
2024-09-11,NVDA,109.20999835891277,116.99716652085532,107.24323877137772,116.7176284790039,441422400
2024-09-12,NVDA,116.6577172050991,120.60155948017247,115.19999582839206,118.95413208007812,366052700
2024-09-13,NVDA,118.8942191250157,119.77284345041441,117.41652479583126,118.9141845703125,238358300
2024-09-16,NVDA,116.60779536966285,117.99562620382233,114.1815861384539,116.59780883789062,248772300
2024-09-17,NVDA,117.98564481894722,118.61466685067687,114.65085910577872,115.40966796875,231925900
2024-09-18,NVDA,115.70919560695407,117.51636932909096,113.04336298957726,113.19313049316406,310318900
2024-09-19,NVDA,117.16691844656921,119.47331975028854,117.06707598202318,117.68611145019531,293506400
2024-09-20,NVDA,116.87737463970251,118.43494609535816,115.2099818009,115.81903076171875,382462400
2024-09-23,NVDA,116.36816938577523,116.80747774675662,114.68080357526898,116.07862091064453,206228500
2024-09-24,NVDA,116.33821493002908,121.60998405209612,115.19999404233639,120.68143463134766,354966800
2024-09-25,NVDA,121.82963321276459,124.74508350925583,121.42027681497308,123.31731414794922,284692900
2024-09-26,NVDA,126.6021852727835,127.47082313052574,121.609985658202,123.84648895263672,302582900
2024-09-27,NVDA,123.7765997601264,123.83650371853182,119.07394858799772,121.21060943603516,271009200
2024-09-30,NVDA,118.12541998168962,121.31044564232414,117.96567356169257,121.25054168701172,226553700
2024-10-01,NVDA,121.58001370293499,122.24897417258154,115.60934783662292,116.81745910644531,302094500
2024-10-02,NVDA,116.25834508658102,119.19375323018366,114.96037016184738,118.66458129882812,221845900
2024-10-03,NVDA,120.73135864781146,124.16599456239773,120.15226164035356,122.6583480834961,277118000
2024-10-04,NVDA,124.7450859792245,124.84492844767553,121.63993722019764,124.72511291503906,243678100
2024-10-07,NVDA,124.7949925984476,130.43617917860723,124.75505409102715,127.52073669433594,346250200
2024-10-08,NVDA,130.0567764001493,133.27175410957346,129.2180905372518,132.68267822265625,285722500
2024-10-09,NVDA,133.90079866653508,134.31016275245554,131.17506153574655,132.4430694580078,246191600
2024-10-10,NVDA,131.70421594134592,134.7893916948541,130.79563194093248,134.5996856689453,242311300
2024-10-11,NVDA,133.80093033986074,135.5681732923908,133.4514855032485,134.58970642089844,170209500
2024-10-14,NVDA,136.25710420849128,139.38222619629536,136.08737124143596,137.8546142578125,232347700
2024-10-15,NVDA,137.65492238931424,138.35384259997033,128.53917525345673,131.39471435546875,377831000
2024-10-16,NVDA,133.77097927850218,136.40686011825153,131.37472950963348,135.50827026367188,264879700
2024-10-17,NVDA,139.12261346955344,140.6701983777905,136.65646567187503,136.71636962890625,306435900
2024-10-18,NVDA,138.45365135367973,138.68328825202838,137.06582057977474,137.78469848632812,176090200
2024-10-21,NVDA,137.91449801128798,143.4857940673828,137.78469595874105,143.4857940673828,264554500
2024-10-22,NVDA,142.6870654207542,144.19470435057536,141.55882333477078,143.36599731445312,226311600
2024-10-23,NVDA,141.80841766733155,142.20778753302577,137.24555525009052,139.34226989746094,285930000
2024-10-24,NVDA,140.6003124972593,141.12948441968888,138.2439937495604,140.19094848632812,172354900
2024-10-25,NVDA,140.71011917970793,143.90513885209074,140.58033236044267,141.3191680908203,205122100
2024-10-28,NVDA,142.77689244758375,142.91667341121004,139.83149806296922,140.30076599121094,173586700
2024-10-29,NVDA,140.0711235834401,142.0380513591214,138.68329276437913,141.02963256835938,157593600
2024-10-30,NVDA,139.32228929215535,140.1110653014331,136.59655278062618,139.1226043701172,179418100
2024-10-31,NVDA,137.38533225522045,137.39531116933003,131.90389188236236,132.55287170410156,270039600
2024-11-01,NVDA,134.4898767241073,137.0958059615883,134.36008987253786,135.18878173828125,207127800
2024-11-04,NVDA,136.9959472521015,138.74321710094807,135.3585064031532,135.83775329589844,187528200
2024-11-05,NVDA,137.23555788662173,140.151000495864,137.11574997671616,139.6917266845703,160537400
2024-11-06,NVDA,142.73698322061895,146.2614750565614,141.73854326176877,145.38284301757812,242043900
2024-11-07,NVDA,146.1616297903136,148.69766066609404,145.9419717733186,148.6477508544922,207323300
2024-11-08,NVDA,148.53787885494532,149.53631855776948,146.03178545046896,147.399658203125,175665800
2024-11-11,NVDA,148.44804913905642,148.61779734270107,143.3460354590936,145.03338623046875,182325600
2024-11-12,NVDA,146.55100082856893,149.41651833977537,145.78219787373922,148.0586395263672,198634700
2024-11-13,NVDA,148.83744386134128,149.09703275189045,145.6723759576151,146.04180908203125,191903300
2024-11-14,NVDA,147.40966837696516,148.7675472701728,145.32293261192063,146.53103637695312,194463300
2024-11-15,NVDA,144.6439744081883,145.0134075079149,139.86145428913719,141.75848388671875,250132900
2024-11-18,NVDA,139.2823404686185,141.32914493468758,136.9360010405669,139.9313201904297,221205300
2024-11-19,NVDA,141.09952959154865,146.90046279249913,140.77004260660007,146.7806396484375,227834900
2024-11-20,NVDA,147.18003223590216,147.32979212988033,142.50732548898966,145.6623992919922,309871700
2024-11-21,NVDA,149.11701974284432,152.65149063112756,140.4805046221909,146.44119262695312,400946600
2024-11-22,NVDA,145.70233282975542,146.93042492260167,140.8798813363258,141.72854614257812,236406200
2024-11-25,NVDA,141.76847182265374,141.82837577269152,135.60810012239304,135.8077850341797,344941900
2024-11-26,NVDA,137.4851722903331,139.08268223719327,135.45834049580736,136.70639038085938,190287700
2024-11-27,NVDA,134.7993582371888,137.00591700209634,131.59437486042492,135.12884521484375,226370900
2024-11-29,NVDA,136.56660913585418,139.1326070072914,135.83775227020575,138.03431701660156,141863200
2024-12-02,NVDA,138.6134117376161,140.23087948399635,137.60499293345052,138.41372680664062,171682800
2024-12-03,NVDA,138.04431859051348,140.3207607312636,137.73480460641824,140.04119873046875,164414000
2024-12-04,NVDA,141.77845844597738,145.56253876730494,140.07111960214385,144.91355895996094,231224300
2024-12-05,NVDA,144.89360218968224,146.32146235801875,143.73532840807314,144.8436737060547,172621200
2024-12-06,NVDA,144.38438282581114,145.482733396531,141.09928024490165,142.22760009765625,188505600
2024-12-09,NVDA,138.76274660606958,139.74128080496888,136.92549436926976,138.6029815673828,189308600
2024-12-10,NVDA,138.80268748950093,141.60850970621567,133.5904709096604,134.8685760498047,210020900
2024-12-11,NVDA,137.15514511831444,139.9609519122756,135.00835767243856,139.10223388671875,184905200
2024-12-12,NVDA,136.8755708420711,138.23354324797214,135.59748095840345,137.1351776123047,159211400
2024-12-13,NVDA,138.73281333743972,139.3918327936691,132.34234795745746,134.0498046875,231514900
2024-12-16,NVDA,133.9798724705664,134.19954557462145,130.2254857362255,131.80313110351562,237951100
2024-12-17,NVDA,128.89747709842524,131.39374870651014,126.67080709010266,130.19554138183594,259410300
2024-12-18,NVDA,133.6603731199009,136.49613412730267,128.08869283192976,128.71775817871094,277444500
2024-12-19,NVDA,131.56349862817564,133.8301176053825,129.3568029702355,130.485107421875,209719200
2024-12-20,NVDA,129.61639349168385,135.0782365234782,128.02876854092193,134.4990997314453,306528600
2024-12-23,NVDA,136.0767567466981,139.58151660116854,134.91848306333998,139.46170043945312,176053500
2024-12-24,NVDA,139.79122163679293,141.6883821217358,138.44322876231024,140.01089477539062,105157000
2024-12-26,NVDA,139.4916759779926,140.6399702368576,137.52461242783102,139.72132873535156,116205600
2024-12-27,NVDA,138.34337590905767,138.81267619141968,134.50910636621433,136.8056640625,170582600
2024-12-30,NVDA,134.628921256616,140.06081067569033,133.82013169900247,137.2849578857422,167734700
2024-12-31,NVDA,137.82418093259395,137.86412982039317,133.6304466398302,134.08975219726562,155659200
2020-01-02,JPM,117.3390963518269,118.43871526293431,116.89421774236182,118.43031311035156,10803700
2020-01-03,JPM,116.15783882531366,117.61931202449885,115.8030309735662,116.8674545288086,10386800
2020-01-06,JPM,115.36377043840189,116.80835761995961,115.31308543034523,116.7745590209961,10259000
2020-01-07,JPM,115.97199962637478,116.46197611772448,114.7386216398624,114.789306640625,10531300
2020-01-08,JPM,114.63724658343565,116.22544546461353,114.55277587318666,115.68478393554688,9695300
2020-01-09,JPM,116.62248910506871,116.77454410982247,115.76924861043828,116.10717010498047,9469000
2020-01-10,JPM,115.91286749580017,115.94665319836851,114.73016165972709,114.94981384277344,10190900
2020-01-13,JPM,115.05118375505081,115.90441131591797,114.6879197781839,115.90441131591797,12355200
2020-01-14,JPM,116.52954276082819,118.91182766845151,116.31834669605661,117.25605773925781,24906000
2020-01-15,JPM,116.45353475275891,117.08712305306689,115.01739095975128,115.4989242553711,16293400
2020-01-16,JPM,116.11560957007558,116.4957599601079,115.60029058657817,115.9466552734375,10783800
2020-01-17,JPM,116.19165331416,116.82524168292144,116.00581258514728,116.74921417236328,14697700
2020-01-21,JPM,115.89597572131315,116.63939012992965,115.47358351466961,115.60029602050781,8474200
2020-01-22,JPM,115.93823145260495,116.0733871782786,115.21171625425569,115.46514129638672,7549100
2020-01-23,JPM,114.64568787903077,115.51581471364234,113.80934674608014,115.34684753417969,9345700
2020-01-24,JPM,115.2032388933349,115.25392389240491,111.78187255224552,112.4830322265625,15166400
2020-01-27,JPM,110.05007215482217,112.30564505348516,109.57699493283275,111.5368881225586,12860500
2020-01-28,JPM,112.22113484222695,114.02052939024172,111.91701200158197,113.56433868408203,13062800
2020-01-29,JPM,113.88537747648242,114.50206644979741,112.93922311847736,113.39540100097656,9326000
2020-01-30,JPM,112.0944746590179,115.00053584976548,112.0944746590179,114.79778289794922,9048900
2020-01-31,JPM,113.61504563153002,113.90226920106107,111.06379342535396,111.8156509399414,12785200
2020-02-03,JPM,112.06908702058207,113.4038477458128,112.06908702058207,112.66887664794922,10021100
2020-02-04,JPM,114.51053049453476,115.39755671195032,114.11348078664767,114.29087829589844,9157100
2020-02-05,JPM,115.37220830773515,116.35214838626727,114.89911822970134,116.23387908935547,10150700
2020-02-06,JPM,116.78302713597166,116.82525605343959,115.82841641802143,116.25080871582031,8992300
2020-02-07,JPM,115.50735168999279,116.30145098043177,115.14410063479231,115.87905883789062,6379800
2020-02-10,JPM,115.69324680662417,116.45356067043991,115.52429246701729,116.36063385009766,5960700
2020-02-11,JPM,116.79990820413155,117.2729983839537,116.39441522610191,116.58026885986328,6578600
2020-02-12,JPM,117.08714475019234,117.6700352665646,116.41131452655004,116.58026885986328,7958000
2020-02-13,JPM,116.36904811243872,116.86746780194984,115.22858404556325,116.47887420654297,7447500
2020-02-14,JPM,116.44507086969269,116.74075054621267,115.68477011633576,116.12406158447266,6627600
2020-02-18,JPM,116.02269410765105,116.3352731218733,114.08814337494319,114.58656311035156,8996400
2020-02-19,JPM,115.65946794293427,116.90974559852064,115.17793451163423,116.14944458007812,7071200
2020-02-20,JPM,115.87910730838885,116.8844030905986,115.3384456554009,116.14944458007812,7422800
2020-02-21,JPM,115.35532399238012,115.66789012687215,113.97832115705447,114.73017883300781,9772800
2020-02-24,JPM,111.03845984875059,112.52527570200228,110.49779836662393,111.6467056274414,13618400
2020-02-25,JPM,110.66676749761967,111.70584880450998,106.09648034162021,106.66249084472656,20797200
2020-02-26,JPM,107.22848587298913,108.93494755252715,106.73005971747872,106.9834976196289,24825600
2020-02-27,JPM,103.83245528048528,106.1218202659605,102.47235186013677,102.53148651123047,23005500
2020-02-28,JPM,99.27907156500238,100.09851356091063,95.17342482619856,98.08792877197266,45931400
2020-03-02,JPM,98.52720769633696,102.70889457453276,96.69402699388195,102.658203125,27355400
2020-03-03,JPM,102.19357970000215,103.86624936310947,98.19774626890069,98.80599212646484,32547700
2020-03-04,JPM,99.9633139944596,101.53461309160592,96.89674328300055,101.24738311767578,25795900
2020-03-05,JPM,97.71622140150431,98.35825942506375,95.1058403946494,96.28009033203125,25025600
2020-03-06,JPM,89.76679857009603,93.1966214169855,88.71926119862144,91.30430603027344,38159400
2020-03-09,JPM,81.58084164961265,83.82797158884537,78.56496114103862,78.9366683959961,40352000
2020-03-10,JPM,83.633662677713,85.55977024148383,79.89971686056471,85.06979370117188,31102700
2020-03-11,JPM,82.53541341991141,84.52066143783846,79.87434835709195,81.06549072265625,38127000
2020-03-12,JPM,75.68424035286937,81.91030444567157,72.92179787041285,74.3832778930664,49725200
2020-03-13,JPM,81.09086449026618,87.84914066861148,77.7201760509709,87.78156280517578,38543300
2020-03-16,JPM,71.97562010778405,79.39283170932649,71.42651546645222,74.6451416015625,38589700
2020-03-17,JPM,76.7824445807777,82.31578432885561,73.9186263168049,79.20697784423828,35239800
2020-03-18,JPM,74.06224128235037,76.69797073421668,67.8868698409747,70.86895751953125,41525600
2020-03-19,JPM,68.90060640364366,74.43394622366525,64.97236451017322,72.06010437011719,32175100
2020-03-20,JPM,72.90491204320531,75.57442797223472,69.67783519606773,70.53951263427734,30150800
2020-03-23,JPM,69.84678577170828,70.75070496842244,65.96922139566911,66.76332092285156,32536600
2020-03-24,JPM,71.72221142014669,76.11508861452766,70.03264227689327,74.70429992675781,34363200
2020-03-25,JPM,75.38857018283475,80.381249883947,71.41808544198385,77.4920883178711,38111700
2020-03-26,JPM,79.4773358961886,83.27041690646328,79.02115144346413,82.89026641845703,29826300
2020-03-27,JPM,78.72545919699249,80.11934828133542,76.49522892781172,76.98519897460938,30041500
2020-03-30,JPM,76.5797011429459,79.48575486829455,75.43924358142988,78.98733520507812,21656900
2020-03-31,JPM,77.7624146235215,79.55335361143094,75.4730429914774,76.05594635009766,23379300
2020-04-01,JPM,71.89113737185993,73.12452158603864,70.32828782044406,71.26599884033203,28029600
2020-04-02,JPM,70.54795550100485,74.26500859538368,70.08332144725965,73.92709350585938,24018000
2020-04-03,JPM,73.40640353531879,74.66967939174546,70.64939272323156,71.74195861816406,21199400
2020-04-06,JPM,75.9585731692519,77.66569925066914,74.8574760652775,76.35974884033203,26820800
2020-04-07,JPM,80.6190160347941,80.66169678610912,77.14501517443995,77.366943359375,22563800
2020-04-08,JPM,78.61313981547089,80.96897518377929,77.2901212609611,80.49098205566406,22903300
2020-04-09,JPM,82.72733122649537,89.10344840481203,82.70172537632854,87.71214294433594,42055900
2020-04-13,JPM,88.01086007997746,88.01086007997746,83.0516623380751,83.81133270263672,26911900
2020-04-14,JPM,86.22691516762694,87.0634096155616,79.9276237574696,81.51525115966797,46151300
2020-04-15,JPM,77.80224771750459,78.55338061004447,76.93161004607911,77.49496459960938,30118600
2020-04-16,JPM,77.01699043484916,77.30719872177143,74.3026599020473,74.54165649414062,32449600
2020-04-17,JPM,78.5277811199018,81.68596101659602,77.6400749866515,81.24211120605469,30191900
2020-04-20,JPM,78.92898323611648,80.84096281332468,77.21331953090639,78.2802734375,23679400
2020-04-21,JPM,75.64277134414328,77.99860103181202,75.3952372405216,76.00980377197266,23035000
2020-04-22,JPM,77.40963186866213,78.41683648625582,76.12074989336377,76.25731658935547,16662400
2020-04-23,JPM,76.59874116747586,77.91322895814004,76.18903457765542,76.29999542236328,16638800
2020-04-24,JPM,77.36694762950599,77.75958581703537,75.53178592853374,77.42669677734375,15809200
2020-04-27,JPM,78.4765732315435,81.62621582888193,78.13514677728197,80.76412200927734,22870200
2020-04-28,JPM,83.48698954955312,83.95645177407489,81.11408560488334,81.33601379394531,20238900
2020-04-29,JPM,84.57101855512406,84.88683267848594,83.02606518906296,83.52967071533203,20462600
2020-04-30,JPM,81.60060181489438,82.65901785618927,80.70436478837473,81.73717498779297,19127600
2020-05-01,JPM,79.8081478497298,80.01300116518797,78.39123001340128,79.59475708007812,18547700
2020-05-04,JPM,78.54484032963896,79.09965741208478,77.50349925891271,78.64727020263672,15725900
2020-05-05,JPM,79.93618186499225,80.41417509465954,78.44244651011262,78.52780151367188,18064100
2020-05-06,JPM,78.66435674909316,79.17649316556097,76.76090869515582,77.05111694335938,20978000
2020-05-07,JPM,77.96442303887612,79.30452288677537,77.31571999953081,77.85346221923828,16771900
2020-05-08,JPM,79.21065142934003,80.30321106083397,78.62169085741914,79.12528991699219,20487800
2020-05-11,JPM,77.76812816650018,77.76812816650018,76.24878701539447,76.7950668334961,31907600
2020-05-12,JPM,76.94868647449502,77.49496613666217,74.17460741948447,74.28556823730469,27962900
2020-05-13,JPM,73.7307632371803,74.14047630720151,71.1871493633526,71.72489166259766,35451600
2020-05-14,JPM,70.60672141948335,75.20742475289727,70.33358156245542,74.70381927490234,35152500
2020-05-15,JPM,74.13194239458961,74.49897473095109,72.80892370280748,73.32106018066406,26099000
2020-05-18,JPM,75.70247679133192,77.80224021982006,75.01108658661236,77.20474243164062,30504400
2020-05-19,JPM,76.86335358524529,77.84494586165584,75.61714582864694,75.68543243408203,19597300
2020-05-20,JPM,77.42667559605373,78.86066126403928,77.13646738942384,77.95588684082031,20552400
2020-05-21,JPM,77.0511295341305,78.32294309932097,76.53899303397549,76.96577453613281,14621400
2020-05-22,JPM,76.82919560439743,77.1279413058895,75.72809872275421,76.36827087402344,13557900
2020-05-26,JPM,79.28744433411791,83.22236918259661,79.04844780302743,81.78838348388672,41233900
2020-05-27,JPM,87.12315665147587,87.55847551245601,84.33200909944819,86.52566528320312,39402000
2020-05-28,JPM,87.86577673330937,87.87430767449237,84.84416295147092,85.23680114746094,24713900
2020-05-29,JPM,84.21252640996023,84.65637629250527,82.60782384592106,83.06021118164062,26526400
2020-06-01,JPM,83.435781060051,84.93805372402795,83.11996041395957,84.16130828857422,15176800
2020-06-02,JPM,85.59527878362208,85.71477705777812,83.58940745352581,84.4429702758789,21195000
2020-06-03,JPM,86.70491971064347,89.5558166302192,86.26106336214778,89.0009994506836,25941100
2020-06-04,JPM,88.61690373071006,90.99834510295663,87.73773494881833,90.85324096679688,26784700
2020-06-05,JPM,98.09999094512182,98.8169807034286,93.49074967316727,94.94181060791016,42231000
2020-06-08,JPM,96.80257128367238,97.46834930144782,95.54783278301802,96.83670806884766,24881800
2020-06-09,JPM,94.44675958970322,95.28324779215635,93.04691660781984,94.35286712646484,17031100
2020-06-10,JPM,94.28455524474019,94.32723599374381,90.34962983438794,90.52887725830078,24913300
2020-06-11,JPM,85.38189292131918,86.70491797588205,82.4029603257339,82.97484588623047,36259200
2020-06-12,JPM,85.96231284096208,86.32080767086697,83.07727278594034,85.24532318115234,24856800
2020-06-15,JPM,82.30053043306495,86.57688223883957,81.83107476146306,86.4232406616211,22153600
2020-06-16,JPM,89.93992153828097,90.2045239428575,84.76732614184665,87.1146240234375,22193600
2020-06-17,JPM,87.515823883241,87.52436133767603,84.68199464259033,84.91246032714844,15639800
2020-06-18,JPM,84.22106478566697,85.80015512957839,83.76013995608426,84.45153045654297,16591900
2020-06-19,JPM,85.80867635750984,85.8684254993703,82.56514128024949,83.48698425292969,40371200
2020-06-22,JPM,83.00899582500607,83.60648727749093,82.4029669197233,82.58221435546875,16216900
2020-06-23,JPM,84.47713042714464,85.33069341982119,83.52113753096614,83.58942413330078,15381400
2020-06-24,JPM,82.58221460133554,82.65903214024011,80.49951893989892,80.79827117919922,22919800
2020-06-25,JPM,80.53365081929132,83.8284038277036,80.45683329127952,83.6150131225586,25743600
2020-06-26,JPM,81.1823773629792,81.40430556614594,78.52779591488301,79.0313949584961,41896300
2020-06-29,JPM,79.72278177210252,80.65316227272776,78.68143391888151,79.38135528564453,18499700
2020-06-30,JPM,79.23624645124212,80.79826813853639,79.0143182713666,80.28612518310547,19137000
2020-07-01,JPM,80.99456879251613,81.69448998673555,79.40694155720944,79.60326385498047,18755700
2020-07-02,JPM,81.65456109152875,81.84417586375986,79.23267886133095,79.86185455322266,27845600
2020-07-06,JPM,81.38737523250747,82.05102031896821,80.56859139425214,81.87864685058594,18625300
2020-07-07,JPM,80.86161478526158,81.10294023298587,79.29299279942833,79.56879425048828,25757200
2020-07-08,JPM,79.54295101451434,80.44792158140113,79.12063141663386,80.4134521484375,18762200
2020-07-09,JPM,80.60306540719134,81.12019899297371,78.24151456291686,78.67245483398438,25600800
2020-07-10,JPM,79.29297993446185,83.46447702688828,79.18093787351832,82.97320556640625,28954200
2020-07-13,JPM,85.09348378943672,85.55889357752137,82.93878205500543,84.16265106201172,32079200
2020-07-14,JPM,84.78318296014609,86.14494908533793,83.29212687559532,84.64527893066406,42731700
2020-07-15,JPM,86.95513083256573,87.29988437827339,85.0245201824805,85.95535278320312,22508400
2020-07-16,JPM,85.1365546253524,87.23954514677276,84.93832579296522,86.19667053222656,16886900
2020-07-17,JPM,86.1880372093081,86.25698921722565,84.58493919116495,84.60218048095703,16137700
2020-07-20,JPM,83.97302691274241,84.80043149761491,83.82650878925635,83.8609848022461,14458100
2020-07-21,JPM,84.21433426635295,86.23113784973216,84.15400290053877,85.67953491210938,17798100
2020-07-22,JPM,85.88638728362612,86.30008621306567,84.05919838099464,85.0589828491211,14271200
2020-07-23,JPM,84.89523912077128,85.62783631582509,84.43844345475985,85.30894470214844,12870200
2020-07-24,JPM,85.84328641676485,86.01566644192312,84.412568373892,84.70560455322266,12744200
2020-07-27,JPM,84.04195235845032,84.14537378908294,82.88702930326077,83.51620483398438,11959100
2020-07-28,JPM,83.17147021145543,84.3694836086584,83.17147021145543,83.87821197509766,11754300
2020-07-29,JPM,83.66274554978213,85.93810969815057,83.60241417371277,85.9122543334961,12743500
2020-07-30,JPM,84.06781804218629,84.24019149816337,82.78361804096727,83.61963653564453,14834800
2020-07-31,JPM,83.15423205837315,83.54207564624345,82.09411616890078,83.29212951660156,14535000
2020-08-03,JPM,83.61961892533316,84.09365569287664,82.6112206114219,82.82669067382812,12962800
2020-08-04,JPM,82.66295386745891,82.69742329755351,81.90449489286284,82.35267639160156,13366200
2020-08-05,JPM,82.62848479108908,84.86937274582974,82.49920140270233,83.78340148925781,15260900
2020-08-06,JPM,84.10231560714341,84.55049065294371,83.20595893991528,83.80927276611328,10482100
2020-08-07,JPM,83.54208925164664,85.74850154764059,83.22319105314267,85.65369415283203,14743700
2020-08-10,JPM,86.28283615232063,87.94626537108134,86.213884151135,86.73963165283203,14989900
2020-08-11,JPM,89.51492950808603,91.49725773682246,89.21327257996384,89.48045349121094,31518600
2020-08-12,JPM,91.49723338524463,91.7299382176833,87.6618613679134,88.72197723388672,19240800
2020-08-13,JPM,87.91181472488756,89.08397278060286,87.60153720569076,88.230712890625,13598600
2020-08-14,JPM,87.48087566910853,89.04087735762803,87.41192364708098,88.26519012451172,12134400
2020-08-17,JPM,87.48088511842624,87.91182543920668,85.78297920245099,85.93811798095703,14988000
2020-08-18,JPM,86.11047506058154,86.11047506058154,84.56770833507703,84.74008178710938,13246500
2020-08-19,JPM,85.25722320199837,86.69656215541737,84.75733090030884,84.9383316040039,13533000
2020-08-20,JPM,83.82648779794168,84.49013279883377,83.43002361128045,83.92129516601562,13672600
2020-08-21,JPM,83.83511531883074,84.95556262550511,83.55069974459934,83.87821197509766,12228300
2020-08-24,JPM,84.85213321140449,86.3690447436039,83.96439734205318,86.23976135253906,17898300
2020-08-25,JPM,87.2826407997277,87.89458177954512,86.01568190902773,86.6189956665039,13648900
2020-08-26,JPM,86.13632056741243,86.42073607316802,85.36924761505279,85.40371704101562,12052400
2020-08-27,JPM,85.32617201403869,88.4720372468533,85.32617201403869,88.21347045898438,22163900
2020-08-28,JPM,88.89435285917183,88.98916023874504,87.74805023387836,88.57545471191406,13756700
2020-08-31,JPM,88.01522066278525,88.06693137779533,86.20526672993236,86.35179138183594,14219400
2020-09-01,JPM,85.8002018790438,86.93788381600275,85.36064100605651,86.30870819091797,11595600
2020-09-02,JPM,86.1449599204183,87.86010698079092,85.80882702581052,87.61016082763672,14475700
2020-09-03,JPM,89.04947534090786,90.4888139123762,86.7396357958606,87.33433532714844,23281200
2020-09-04,JPM,89.67868029959756,90.67845839008824,87.3688399966508,89.22187805175781,26325500
2020-09-08,JPM,88.75647714322935,89.2649835985756,85.73989470125191,86.1191177368164,22108600
2020-09-09,JPM,86.87755772666253,87.64463085176129,85.80882116364452,86.9378890991211,13434000
2020-09-10,JPM,87.39467108684241,88.27378617351943,85.87775979006354,86.04151916503906,15922800
2020-09-11,JPM,86.16220788787787,87.36022144106876,85.83468903910827,87.11027526855469,13784300
2020-09-14,JPM,87.4894673792739,89.17013126266109,87.36880466844737,88.3168716430664,19017400
2020-09-15,JPM,88.54098900252112,88.64441045685847,85.44683450627336,85.56749725341797,23683000
2020-09-16,JPM,85.69676906052986,87.16196312097415,85.11931076646512,85.92947387695312,19270600
2020-09-17,JPM,85.06761558201838,85.61921865937096,84.2143555991804,84.94695281982422,18290100
2020-09-18,JPM,84.36949638305589,85.74850410924789,83.98165272043636,84.76596069335938,20121600
2020-09-21,JPM,82.05103610731827,82.7836399279772,80.86164316511305,82.14584350585938,28378800
2020-09-22,JPM,81.84417323364079,82.44749354186317,80.73234657589138,81.24947357177734,19257000
2020-09-23,JPM,81.68901513358601,82.18028664968996,79.86183307575203,79.93077850341797,19952700
2020-09-24,JPM,79.56881174824002,81.27533812269326,78.75864193075319,79.86185455322266,18366500
2020-09-25,JPM,79.33609837519175,80.77543715439134,79.1809596305362,80.55996704101562,13293100
2020-09-28,JPM,81.93035186129163,83.54207063831569,81.31841754290303,82.87842559814453,20894100
2020-09-29,JPM,82.76638449197722,82.76638449197722,81.30119025223998,82.18030548095703,12848200
2020-09-30,JPM,82.18027734521144,83.77475443094262,82.10271128200996,82.97320556640625,16400600
2020-10-01,JPM,83.70582145278034,84.26603841639069,82.76636845763919,83.5765380859375,15778700
2020-10-02,JPM,82.09411246736133,84.9727900002051,81.95620843972462,84.36947631835938,15149600
2020-10-05,JPM,85.52641951870035,86.33540646438654,84.83921498319113,86.1527328491211,13871900
2020-10-06,JPM,87.04870230621317,87.73590681033123,84.82181646567903,85.26544952392578,19220400
2020-10-07,JPM,86.08314267010483,87.29227279214865,85.83087720510122,86.7529525756836,16358500
2020-10-08,JPM,87.43145155717716,88.6579762533266,86.90082537390921,88.53619384765625,15659000
2020-10-09,JPM,88.72756712925025,88.82325425218384,87.08349803396325,88.03166198730469,13689100
2020-10-12,JPM,87.94467332711433,89.59744302084692,87.72720380521908,89.11031341552734,16058000
2020-10-13,JPM,89.59746699253473,89.7888412848674,87.21400225312982,87.66633605957031,21697300
2020-10-14,JPM,87.88379847705411,88.66669022886113,87.07481143962761,87.17919921875,15204100
2020-10-15,JPM,86.20490328874024,88.53617645401484,86.15271273560431,88.4839859008789,17171200
2020-10-16,JPM,88.21432883724162,89.01461498332452,87.6141109093583,88.30131530761719,13275000
2020-10-19,JPM,88.37963500895333,88.61450586928149,86.60508245934714,86.81385803222656,11725700
2020-10-20,JPM,87.2574494198911,88.52747034868281,87.09217713295409,87.30964660644531,11257100
2020-10-21,JPM,87.30098168624312,87.84900259445894,86.40500815075697,86.43980407714844,10730500
2020-10-22,JPM,86.39630804484206,89.80622921258312,86.38760740402924,89.49307250976562,14837200
2020-10-23,JPM,90.03236480956572,90.85874617973109,89.53653466013813,90.3020248413086,15087600
2020-10-26,JPM,89.29298326388508,89.33647318445006,87.20527461412362,88.06645202636719,12410700
2020-10-27,JPM,87.43145526826079,87.78810186096393,86.25712108565517,86.40499877929688,10391700
2020-10-28,JPM,84.81310947137875,85.5090145627241,83.5691836003328,83.97802734375,16389500
2020-10-29,JPM,83.61268634852472,85.23066016456188,82.84718936403375,84.52605438232422,14208800
2020-10-30,JPM,85.16977802506952,85.6134111301312,83.70838237884257,85.2828598022461,15194500
2020-11-02,JPM,86.45718081836866,87.75329728398886,85.12626843356256,87.20527648925781,15011600
2020-11-03,JPM,89.61484298249152,91.11103444381573,89.32778824039745,89.9541015625,17482600
2020-11-04,JPM,87.85768504154652,88.78845431067937,86.0570377026954,87.20527648925781,18886500
2020-11-05,JPM,87.90987467635627,91.42418283741135,87.85768411644847,90.77177429199219,17837400
2020-11-06,JPM,91.36330007403207,91.42419127842744,89.06682231305874,89.56265258789062,12552800
2020-11-09,JPM,98.43540898485526,103.42850742076085,95.99104701085676,101.68875122070312,47792400
2020-11-10,JPM,102.08020822108264,102.16719471612143,99.7663355971587,101.35820770263672,20539300
2020-11-11,JPM,101.68005553295495,101.74094673745647,99.13131231028854,99.84461212158203,14443400
2020-11-12,JPM,97.887386675102,99.13131268893582,97.47854288475442,98.61808776855469,22063000
2020-11-13,JPM,99.77501505786998,99.91419873896005,98.79205519758327,99.2356948852539,11847900
2020-11-16,JPM,102.46295875550767,103.1762586473258,100.67101170361819,102.0367202758789,19858600
2020-11-17,JPM,100.3752430426293,101.28861778977526,99.67064383786426,101.00155639648438,14553200
2020-11-18,JPM,102.07149048370194,103.17623935924709,100.20995192777228,100.25344848632812,12571200
2020-11-19,JPM,99.32269514381534,100.74929488964413,98.78336825975066,100.52312469482422,10202500
2020-11-20,JPM,99.54013625541143,100.60138843942514,99.24437429490557,99.66191864013672,12718900
2020-11-23,JPM,100.94934638563736,102.79348353163442,100.53180201794142,102.53252410888672,13209200
2020-11-24,JPM,104.44626496277671,107.42994716155528,104.1331083105646,107.27336883544922,20121600
2020-11-25,JPM,105.57711372896166,106.45568588436065,104.79422206459914,106.15122985839844,11715600
2020-11-27,JPM,106.12514397162032,106.42960002453792,105.3248575934814,105.44664001464844,5983600
2020-11-30,JPM,104.3853809975906,105.01169434543915,102.4455497472621,102.5412368774414,14411800
2020-12-01,JPM,104.6811511149354,105.75980498200708,104.06353832022945,104.15922546386719,12668900
2020-12-02,JPM,104.12441658394462,106.39479918849979,103.75036869715389,106.1599349975586,10811300
2020-12-03,JPM,105.99464595129508,106.02944187195281,104.69852943085066,105.46401977539062,12904400
2020-12-04,JPM,106.54269513235377,107.24729441858753,105.85549049167439,106.42090606689453,13583700
2020-12-07,JPM,105.38574458768063,106.27301742591932,104.56805696115035,106.020751953125,9724300
2020-12-08,JPM,105.29006264702326,106.41220636962107,105.04649780242423,106.1251449584961,9592100
2020-12-09,JPM,107.14288148316065,107.25596988097247,104.76811804211515,105.29874420166016,13073900
2020-12-10,JPM,104.37667444447946,105.06387896017965,104.00262658496274,104.6202392578125,13668400
2020-12-11,JPM,103.46331951165013,104.40278296266308,102.96748918260508,104.00263977050781,9981600
2020-12-14,JPM,105.55101720043633,105.62060904896586,102.74131434165727,102.9065933227539,12112400
2020-12-15,JPM,103.76775347618076,105.16825766889818,103.18493677493987,104.66372680664062,12590200
2020-12-16,JPM,104.64634999740652,105.32485393078325,104.2636014661093,104.96820068359375,11169400
2020-12-17,JPM,105.48142203115228,105.64669436000332,104.02002653320709,104.09831237792969,11618000
2020-12-18,JPM,103.63728120194823,104.28098916811587,102.8804848299833,103.58509063720703,28954800
2020-12-21,JPM,107.14289175759707,108.73477038888484,105.33354358553154,107.47344970703125,28323600
2020-12-22,JPM,107.33426522182144,107.44734699299813,105.78588316479392,105.83807373046875,11788200
2020-12-23,JPM,106.80364761998166,110.05699032981136,106.4295997170082,108.79566955566406,14973200
2020-12-24,JPM,108.81305286736348,109.21320265024592,107.49084102051494,108.31722259521484,4164900
2020-12-28,JPM,109.44807730236062,110.17007781727645,108.55210379821779,109.03053283691406,8072600
2020-12-29,JPM,109.77861972242164,109.84821156711917,108.63908147123496,108.74346923828125,8389200
2020-12-30,JPM,109.16100199197929,109.47415864201257,108.64777709348455,109.04792022705078,7398000
2020-12-31,JPM,108.81304649121425,110.7615781804298,108.57818232833509,110.53540802001953,8580200
2021-01-04,JPM,110.90946084299868,111.22261749866333,108.54339128315176,109.49156188964844,16819900
2021-01-05,JPM,109.50907627770478,110.65682778188479,108.44018109392785,110.08733367919922,13731200
2021-01-06,JPM,113.79342734457371,116.32547941731998,112.0411351186114,115.25658416748047,24909100
2021-01-07,JPM,118.88384273436418,121.07420017771562,118.20920889852529,119.04154205322266,21940400
2021-01-08,JPM,119.12913330303363,119.46207183310611,117.50826383374968,119.17294311523438,12035100
2021-01-11,JPM,117.91131351302894,121.08294654446672,117.49952527902816,120.95153045654297,15937900
2021-01-12,JPM,122.16933956457898,124.11437741754249,121.63489198572185,122.85272979736328,18033500
2021-01-13,JPM,121.42461690743413,123.352128226408,120.99531552876671,122.96663665771484,14816800
2021-01-14,JPM,123.08928799774368,125.06936561072935,122.65997327847361,123.68505859375,18565600
2021-01-15,JPM,120.40829852506262,124.10562220867287,120.04032015351709,121.46843719482422,27881000
2021-01-19,JPM,122.53732764334819,123.27328435739169,120.75000228511718,120.94274139404297,19843800
2021-01-20,JPM,120.74997369320265,121.05661556700676,118.66475012828704,119.12910461425781,16028800
2021-01-21,JPM,118.88381627434238,119.29560445155104,117.68350494058147,118.13033294677734,13411700
2021-01-22,JPM,116.25537490900894,117.75357141246513,115.82606018094253,117.21912384033203,12933200
2021-01-25,JPM,115.77349278334567,116.67591867098437,113.95111441124602,115.75596618652344,14212800
2021-01-26,JPM,116.30796056685043,116.6759389508191,115.07259596924793,115.28287506103516,11307800
2021-01-27,JPM,113.53935166130324,113.76715736428125,111.57679349815639,112.02362823486328,17603900
2021-01-28,JPM,113.81094583874884,115.79979376365834,113.01366604082438,113.99494171142578,13761800
2021-01-29,JPM,114.94115965106553,115.40551419921977,112.31273162655043,112.7332763671875,14808100
2021-02-01,JPM,113.3728603289545,113.95988770410122,112.56681064711164,113.56561279296875,11080700
2021-02-02,JPM,115.59829018306681,117.74483749949802,114.96746625929157,117.06144714355469,12253600
2021-02-03,JPM,117.0964666954097,118.94512833013219,116.97380725196787,118.40192413330078,10600800
2021-02-04,JPM,118.69106363970619,121.48596125077894,118.69106363970619,121.12673950195312,12419500
2021-02-05,JPM,122.1255162497476,122.213135857133,120.36447443985199,120.89015197753906,10051300
2021-02-08,JPM,121.08293460502277,122.92283986780915,121.06540800540124,122.78265380859375,10136400
2021-02-09,JPM,122.16057039041095,122.64245154976406,121.38080392123108,122.29199981689453,8614800
2021-02-10,JPM,122.65996872199615,123.42220853529979,121.81886591131148,122.3620834350586,10323200
2021-02-11,JPM,122.36210377958211,123.1418703184933,121.10045603822516,122.0204086303711,9201000
2021-02-12,JPM,121.82766871910822,124.07059232676896,121.7838589018425,123.75518035888672,8324600
2021-02-16,JPM,125.77031304852922,127.32108968880823,124.76274071559611,126.73406219482422,12130600
2021-02-17,JPM,126.1207238927326,127.37361475555912,125.39352393452384,127.1282958984375,10810100
2021-02-18,JPM,126.16456854381532,127.73285833993528,125.63887749399794,127.55763244628906,10587800
2021-02-19,JPM,127.79417407734334,130.40507556617715,127.79417407734334,129.6866455078125,11969800
2021-02-22,JPM,128.67908510388062,131.58788553434144,128.60899207760568,130.9044952392578,11488400
2021-02-23,JPM,132.74439477801974,133.44531171271984,131.06220215606666,131.95587158203125,16234400
2021-02-24,JPM,131.51777439423617,134.7156897354281,131.51777439423617,134.27761840820312,15061400
2021-02-25,JPM,135.1625681959784,135.71452912915785,131.93835538958197,132.4552764892578,18127700
2021-02-26,JPM,131.684318427966,132.1837130728191,128.3637283950946,128.94198608398438,19829200
2021-03-01,JPM,131.0008808326756,132.630507045509,130.08968479491995,131.8594970703125,14845500
2021-03-02,JPM,131.49151219392232,132.98095227069587,131.28123311046045,131.43017578125,14221700
2021-03-03,JPM,132.4990813401028,135.78461707416818,132.1398729268598,133.97100830078125,14324100
2021-03-04,JPM,133.7081590909672,135.25893565808195,130.21234435326892,131.9120635986328,20093900
2021-03-05,JPM,134.24262280058974,134.47918513849436,129.64287234968145,132.21873474121094,18465100
2021-03-08,JPM,133.58550330229693,136.20517527372152,132.0785365094286,133.97100830078125,17133300
2021-03-09,JPM,132.73565150747245,135.1450445216345,131.26373782861037,133.0247802734375,16238800
2021-03-10,JPM,133.09485012195302,136.8184568587185,132.7443849959897,135.91603088378906,14342200
2021-03-11,JPM,135.0223792356936,136.80970482149334,134.36527207830144,135.2063751220703,11771500
2021-03-12,JPM,137.4317443227225,138.10637794435,135.86345477355772,136.80967712402344,12849500
2021-03-15,JPM,136.98491117655144,137.4843055443555,134.890930739568,136.12628173828125,12101100
2021-03-16,JPM,135.0048226851118,135.45166400909298,133.34015693656318,134.4966583251953,12805600
2021-03-17,JPM,136.1000324251549,137.4492999534158,134.0936711026135,135.88099670410156,13952400
2021-03-18,JPM,138.08010492409906,141.66352561955372,137.65079015703594,138.1239013671875,21898500
2021-03-19,JPM,136.24897327224215,136.62572165918615,132.46404301534375,135.9248046875,54418800
2021-03-22,JPM,133.87464446064223,134.89973010042522,131.95588927506876,132.27130126953125,19944800
2021-03-23,JPM,131.7105278007135,133.2788172812208,130.51021663347257,130.9482879638672,17076300
2021-03-24,JPM,131.42141064885618,134.20753813755087,131.29875120033898,131.96461486816406,13079800
2021-03-25,JPM,131.42141193658384,134.0235569624384,130.83439790086572,133.65557861328125,15608300
2021-03-26,JPM,135.18884970788005,136.1964086771735,133.65559966050688,135.88099670410156,16754400
2021-03-29,JPM,133.27880200248921,134.68939205940862,132.33256643304566,133.76943969726562,17570300
2021-03-30,JPM,135.32898335672414,136.56433418458977,134.8208190764579,135.34649658203125,13184300
2021-03-31,JPM,134.29519695746177,135.35533586177257,133.27886787659673,133.375244140625,16736700
2021-04-01,JPM,133.0861060974922,134.74201570514077,132.77946409244927,134.67193603515625,16561500
2021-04-05,JPM,136.07315734826662,136.54906842732942,134.4868229450295,135.3857421875,13508000
2021-04-06,JPM,134.65430100499057,135.9674475263067,133.8346955386655,134.43397521972656,13071600
2021-04-07,JPM,134.92751035959975,136.80467682337473,134.53091320541608,136.540283203125,16903500
2021-04-08,JPM,135.720677981307,137.05144082686428,134.2312735843088,136.70773315429688,12335500
2021-04-09,JPM,137.3158127759061,138.39981165713579,136.5755215129988,137.7300262451172,12122400
2021-04-12,JPM,137.11311593409016,138.58489026146785,137.10430774564455,137.43919372558594,12273400
2021-04-13,JPM,136.38163572658038,136.77821937681134,134.33700636454745,135.7999725341797,16113600
2021-04-14,JPM,133.4909900584214,135.57086604360262,133.01507882371695,133.26185607910156,19939600
2021-04-15,JPM,133.29705213668674,134.13428713000596,131.59614414113608,134.10784912109375,17694100
2021-04-16,JPM,135.60611082506966,136.17014430082656,134.56617956723807,135.10377502441406,13773400
2021-04-19,JPM,135.20950613063405,135.61491143203594,134.15194520854732,134.53089904785156,11900200
2021-04-20,JPM,133.7289748867117,133.73778307904917,131.00573732079081,131.55215454101562,13716700
2021-04-21,JPM,130.24775781588374,132.7330386040948,129.3664548607932,132.6713409423828,12236700
2021-04-22,JPM,132.3981672952546,132.45986497006928,129.7806958869553,129.8776397705078,15256100
2021-04-23,JPM,129.71015418964092,133.19131139796912,129.2783243757055,132.36288452148438,14041900
2021-04-26,JPM,132.8828678421098,134.36346390359387,132.53035201431763,132.68898010253906,10799100
2021-04-27,JPM,132.63611132408963,133.57911205879174,132.29240366653653,133.29708862304688,12821200
2021-04-28,JPM,134.33702453132142,134.74242987262318,133.42928341782584,134.1607666015625,8943700
2021-04-29,JPM,135.31529650970467,136.84876902195907,135.01565662898548,136.7694549560547,12976900
2021-04-30,JPM,135.80876221380427,136.15246975614346,134.84813197447565,135.5531768798828,11705100
2021-05-03,JPM,136.46976240153663,137.02497409619062,134.95392030487702,135.1566162109375,11801100
2021-05-04,JPM,134.72476240206123,137.16597506236067,134.08141508677002,137.02496337890625,12977700
2021-05-05,JPM,137.48323097681336,139.49260019989623,136.27585049518905,138.82281494140625,10506700
2021-05-06,JPM,139.3075676580866,141.73115083837945,138.50557872372548,141.6165771484375,13542400
2021-05-07,JPM,138.55846121194037,142.33043704353875,138.38220329831384,142.10130310058594,14257800
2021-05-10,JPM,142.33045826339801,144.2957605161909,141.9955587642461,142.0836944580078,14014300
2021-05-11,JPM,141.9603193899926,143.11482441671296,139.28115016302644,139.7218017578125,15451700
2021-05-12,JPM,140.6647718755699,141.69589476824692,138.3910085298142,138.7611541748047,14381700
2021-05-13,JPM,139.40452666399025,143.16769490281882,138.9638750862976,142.33045959472656,15395000
2021-05-14,JPM,143.11478921484266,144.930271187189,142.76227340476973,144.54249572753906,10584000
2021-05-17,JPM,143.97846419783855,145.28280229648757,143.67882441069608,145.12416076660156,9886800
2021-05-18,JPM,145.13296817523488,145.85564307311154,142.98260020175584,143.0795440673828,11098100
2021-05-19,JPM,141.88978098698632,142.04840906987988,139.8099053985892,141.98672485351562,13278900
2021-05-20,JPM,141.73997497558594,142.6477160658073,140.58547010050546,141.73997497558594,10426000
2021-05-21,JPM,142.18941110750353,143.84626491458127,141.83689531551977,143.3527374267578,10249000
2021-05-24,JPM,143.9696373191826,144.73636651251616,142.8768169197114,144.12826538085938,9440300
2021-05-25,JPM,144.40152226383725,146.03192497486253,142.38333057896787,142.638916015625,12609100
2021-05-26,JPM,144.1547181865093,144.30453806203187,142.162965076071,142.62124633789062,13058300
2021-05-27,JPM,144.48960335056196,145.19464833854215,143.27341453010115,144.84213256835938,15707500
2021-05-28,JPM,145.13295546237103,145.36210282338973,143.88150695510802,144.7451934814453,10291300
2021-06-01,JPM,146.1817515041301,147.09831432532349,145.83804380808735,146.34039306640625,9445400
2021-06-02,JPM,147.40674309791964,147.56538463946117,145.88209258886187,146.34918212890625,10498600
2021-06-03,JPM,145.77632057277856,147.3979147331475,145.11534337666578,146.44610595703125,13354400
2021-06-04,JPM,146.48138609475447,146.8867779677455,145.44144150130873,146.68408203125,8510800
2021-06-07,JPM,147.17755497207528,147.2656906235586,145.53833136681715,145.99661254882812,7267200
2021-06-08,JPM,144.96556402582422,146.08480937523964,143.79342918993453,145.41502380371094,10370700
2021-06-09,JPM,144.65706339730087,144.7275692459046,143.01783939820774,143.59950256347656,12377400
2021-06-10,JPM,144.85095814491547,145.62650906955795,141.28167839097026,141.36099243164062,12119400
2021-06-11,JPM,141.3874505001537,142.06605765547218,140.1800695510798,141.26406860351562,13683800
2021-06-14,JPM,141.14069364524994,141.29933520450797,138.06495426799324,138.866943359375,19917900
2021-06-15,JPM,138.10015848255034,138.29404619178553,135.8352170757425,136.7605743408203,24485500
2021-06-16,JPM,136.3640077894381,138.9109728909911,134.93630124979595,137.72122192382812,25321200
2021-06-17,JPM,138.45270441822342,138.7699740309473,133.2970765733641,133.7465362548828,29722400
2021-06-18,JPM,131.57852221973133,131.93103799146965,130.04505037267867,130.36231994628906,43595700
2021-06-21,JPM,131.3846357699513,133.252993583774,131.33175974844534,132.5743865966797,18664800
2021-06-22,JPM,132.7242160001011,133.05029375483122,131.01448630130585,132.38050842285156,14251200
2021-06-23,JPM,132.37168286551668,133.9932768512802,132.27473901595397,133.18247985839844,12733300
2021-06-24,JPM,133.88756613362082,134.94512717037946,133.2706566494798,134.40753173828125,13733200
2021-06-25,JPM,134.47800136873164,136.1612930736391,133.6672043440781,135.76470947265625,15484900
2021-06-28,JPM,135.45627988667573,136.14369520910597,134.06381941498898,136.01150512695312,14125800
2021-06-29,JPM,136.60196101277418,137.75646575745708,135.37695041643522,135.8440399169922,14528700
2021-06-30,JPM,135.50033911419163,137.55377676131098,135.4650929103979,137.07786560058594,12531000
2021-07-01,JPM,137.71241413248353,138.48796514439132,136.97212277436307,138.43508911132812,10479400
2021-07-02,JPM,138.23121187034394,138.5591822690405,137.49551349774717,138.3021240234375,11424000
2021-07-06,JPM,138.0805173169613,138.0805173169613,135.0402350806245,135.97979736328125,15083400
2021-07-07,JPM,134.7388587460548,136.75094871429897,134.33113079440767,136.13934326171875,12271800
2021-07-08,JPM,134.38432514398679,135.1997946550329,132.99269943402788,133.7904510498047,17834600
2021-07-09,JPM,135.66069642007983,138.40847105912547,135.24409601728655,138.0716552734375,13694500
2021-07-12,JPM,136.81302151444098,141.07651534953,136.44960176952983,140.04830932617188,19940400
2021-07-13,JPM,138.31983170070205,139.50757962964707,136.0595562373403,137.96527099609375,22671700
2021-07-14,JPM,138.23121229085044,139.4101014800356,135.57206740474837,137.49551391601562,14622800
2021-07-15,JPM,136.4141235939525,138.7453115430436,136.23684997798162,137.79689025878906,11539300
2021-07-16,JPM,138.24010204596053,138.52373716954742,133.8613740887337,134.65025329589844,14002700
2021-07-19,JPM,131.67195328323973,132.79766139362414,129.15463347546418,130.27146911621094,22172900
2021-07-20,JPM,129.87262091028344,133.94996768715788,129.70420626159904,132.70018005371094,15385200
2021-07-21,JPM,134.77429701098558,136.19249916155465,134.1626916699141,135.4922637939453,12356700
2021-07-22,JPM,135.51002540099716,136.0063969405435,132.93065165966516,133.7815704345703,9913300
2021-07-23,JPM,134.26912418795834,135.47460409287888,133.1788782561546,133.52456665039062,9666100
2021-07-26,JPM,133.12564456459683,134.69454366455776,133.10791314691176,134.4197540283203,8208000
2021-07-27,JPM,133.31177412347188,135.16432176442302,132.7799533308235,134.2424774169922,11218700
2021-07-28,JPM,134.98704268827927,135.41251557789045,133.7372549597358,134.46408081054688,9217300
2021-07-29,JPM,135.74048693442194,136.38754175949134,134.65024127914674,135.61639404296875,9063500
2021-07-30,JPM,135.24409633688512,136.2102489647489,134.02088548961353,134.5349884033203,9805200
2021-08-02,JPM,134.7565818636977,136.90162352640857,133.9056631756532,133.99429321289062,10203200
2021-08-03,JPM,134.68567429807973,135.90002622298712,132.5317736159463,135.5188751220703,10394800
2021-08-04,JPM,134.06520965448289,135.9443342154893,133.76384317302131,134.0563507080078,10155000
2021-08-05,JPM,134.97819616696538,136.2279975356676,134.73886933516673,135.7493438720703,9151500
2021-08-06,JPM,137.5575331291864,139.888720564627,137.48662099340075,139.60507202148438,13328800
2021-08-09,JPM,139.62283666900805,140.53580865625037,138.18688924650905,139.4544219970703,9516900
2021-08-10,JPM,138.93144367440405,141.8033111299167,138.55029258950182,141.1651153564453,8667000
2021-08-11,JPM,141.82103739690896,143.150609622505,141.00556805488972,142.8492431640625,9156500
2021-08-12,JPM,143.4874384209373,143.92175669040265,142.30854942861646,143.40765380859375,8844200
2021-08-13,JPM,143.40767805504467,143.73564845542185,141.43992327833328,141.80332946777344,8980900
2021-08-16,JPM,140.88147684112778,140.96124792957355,138.9668895677798,140.8726043701172,8755800
2021-08-17,JPM,139.6671155068264,140.810541494785,137.62843570125315,139.1707305908203,9347200
2021-08-18,JPM,138.55034475815032,140.0571911975693,137.69055328195975,137.90328979492188,8065500
2021-08-19,JPM,135.75821817341085,137.8855287455141,135.62525280946016,136.75096130371094,9517700
2021-08-20,JPM,136.81300383307882,137.30050288751434,135.75820757691088,137.14096069335938,6974100
2021-08-23,JPM,137.6816576116109,139.24168438191933,137.60188651244337,138.89599609375,7934600
2021-08-24,JPM,139.1619090412802,140.53580320498995,139.0466751070326,139.7557830810547,7670900
2021-08-25,JPM,140.50033755954504,143.3988090756872,139.87101421994598,142.6365203857422,11335000
2021-08-26,JPM,143.8242573376149,145.21588278482804,142.84037333149664,143.37220764160156,11027500
2021-08-27,JPM,143.37220696551307,144.6220081207902,142.93787516347194,144.52450561523438,8780200
2021-08-30,JPM,144.66635579939285,144.91454158067384,141.71470326653957,142.21107482910156,7937600
2021-08-31,JPM,142.21104994344134,143.0353782459223,141.24489735501476,141.77671813964844,12340800
2021-09-01,JPM,142.01606679453946,142.49470692690596,140.9080897495971,141.5728759765625,8729900
2021-09-02,JPM,141.838765017992,143.24810829338364,141.31578967750363,142.22877502441406,8813300
2021-09-03,JPM,142.1667413091675,142.6099320998969,141.06762327911918,141.36900329589844,7959700
2021-09-07,JPM,141.8121649838632,143.04423458824056,140.89919322432996,141.12078857421875,9285600
2021-09-08,JPM,140.837158587275,141.448763997554,140.08372888835854,140.49147033691406,7852700
2021-09-09,JPM,140.28760376329723,142.55673823881511,140.11918911431437,141.1030731201172,7904300
2021-09-10,JPM,142.3174522324594,142.45927655910066,139.35694042066226,139.4810333251953,8311600
2021-09-13,JPM,140.51805618856187,141.86535983714055,140.11032827820648,141.6969451904297,10052800
2021-09-14,JPM,142.2199136179085,143.00879263768573,138.50597284751478,139.2239532470703,11685600
2021-09-15,JPM,138.913732776238,140.65990570254004,138.69213736452565,140.19012451171875,11691500
2021-09-16,JPM,141.29808186049829,142.57447341793414,139.35690416065694,140.1280517578125,10880900
2021-09-17,JPM,139.49869908024112,140.94349146180744,139.16186984430382,139.7646026611328,25581600
2021-09-20,JPM,136.4052763472482,136.9991504505012,133.39158404191113,135.58094787597656,15819900
2021-09-21,JPM,136.08613000992455,136.9902427900747,135.24407041743174,135.59861755371094,8999900
2021-09-22,JPM,137.56638775515776,139.38347229293274,137.47775773203858,138.1957244873047,11236200
2021-09-23,JPM,140.0482570823013,143.33673793066038,139.75574960588878,142.866943359375,12336100
2021-09-24,JPM,143.09743791055868,145.00315281056876,142.54788568406644,144.51564025878906,10102400
2021-09-27,JPM,146.25296382658053,148.38027425401413,145.90727554399484,148.00799560546875,13220900
2021-09-28,JPM,148.6461692435583,150.06438500015915,146.83795700274467,147.21023559570312,13387900
2021-09-29,JPM,147.32546905737283,147.93706090633802,146.28839084257476,147.09500122070312,7777100
2021-09-30,JPM,147.95477435085948,148.01682753784317,144.29401502179454,145.09176635742188,13161200
2021-10-01,JPM,145.36658196561464,149.17802553924722,145.01203473671805,148.14096069335938,11285000
2021-10-04,JPM,147.99913095445916,151.07487606627808,146.90001294508417,147.9813995361328,14120000
2021-10-05,JPM,149.1049691924734,151.71771035696676,148.62343128073803,150.39796447753906,12292900
2021-10-06,JPM,149.80050556305105,150.79031833267277,148.0259724408329,150.71897888183594,8692600
2021-10-07,JPM,152.6629544211171,152.9393863370158,151.18269117389224,151.6731414794922,10195400
2021-10-08,JPM,151.6107358946688,152.7878030831522,150.9686942985462,151.78907775878906,8190100
2021-10-11,JPM,152.30624962233819,152.74318506505367,148.43617612240683,148.5966796875,12154700
2021-10-12,JPM,147.8030478222222,148.64126939567723,146.92916332519033,147.4552764892578,13032600
2021-10-13,JPM,146.30494746923307,147.49985260162964,143.21066866354056,143.56735229492188,22753500
2021-10-14,JPM,144.23614856760418,146.25143699697023,142.72913500829483,145.76991271972656,15176800
2021-10-15,JPM,147.4463652401446,149.06929360366405,146.3673747031609,148.56993103027344,14267400
2021-10-18,JPM,148.45400658921304,150.35338049012066,147.94573167325507,148.5164337158203,12672900
2021-10-19,JPM,149.27440601184736,150.38905962187192,148.5432003191092,150.31773376464844,8053900
2021-10-20,JPM,150.0769640661393,152.36868480208688,149.32792010932766,152.34193420410156,8185600
2021-10-21,JPM,152.27056891851095,152.778857407259,150.41578400193282,151.14700317382812,8415200
2021-10-22,JPM,151.61960011860168,153.4565465887637,151.32533001319595,153.18011474609375,8817900
2021-10-25,JPM,154.00942899241946,154.23235966088902,152.02087763291308,152.4310760498047,10159200
2021-10-26,JPM,152.48462485544655,153.81329695285987,152.0744263104464,152.84130859375,8015100
2021-10-27,JPM,151.87821606599223,152.21706143787156,149.22087263599218,149.65782165527344,9847000
2021-10-28,JPM,150.0769629620378,152.04766290105195,149.77378044936046,151.91390991210938,7212900
2021-10-29,JPM,152.64509788541554,153.59033545518025,151.0489201072479,151.49478149414062,8140100
2021-11-01,JPM,153.4120013642685,153.67060862435602,150.71008207222275,151.41455078125,7435500
2021-11-02,JPM,151.4145407390419,153.09989635999239,150.62982028683703,152.01199340820312,7173800
2021-11-03,JPM,151.70879181590527,152.60051454241906,150.8348937471633,152.0654754638672,8402700
2021-11-04,JPM,151.59286023922454,151.7712020593607,148.46291843501731,150.06800842285156,9574200
2021-11-05,JPM,150.61199071655346,151.6731431329804,149.28333231834785,149.85403442382812,7975600
2021-11-08,JPM,150.7457416010709,152.41325887786448,150.4693097109725,150.75465393066406,6413700
2021-11-09,JPM,149.22978601910833,150.2285110001935,148.56099405357293,149.61322021484375,7990300
2021-11-10,JPM,149.31895931504312,150.6565433285071,148.9979386075474,149.47055053710938,6999200
2021-11-11,JPM,149.38140287902908,150.41579095562895,148.82852550677035,149.46165466308594,5815300
2021-11-12,JPM,149.4973016087992,149.57756699088696,147.7762833704556,148.7928466796875,8113400
2021-11-15,JPM,149.1049575043401,149.62214469253712,148.0259670587511,148.52532958984375,6492500
2021-11-16,JPM,148.97120246354845,148.9801283993998,147.2412581279684,147.4552764892578,9706100
2021-11-17,JPM,147.3215313889373,147.6336262083905,145.69858934398377,146.66165161132812,9909600
2021-11-18,JPM,146.59030625237727,147.00050471526617,144.95845194340032,145.39540100097656,8122500
2021-11-19,JPM,143.83492232584197,144.55721577730006,142.18522933658568,143.49606323242188,12193600
2021-11-22,JPM,146.38522746254358,148.00815598675536,145.34191335270506,146.55465698242188,14549900
2021-11-23,JPM,147.58009422583407,150.3087632773633,147.46416593063597,150.05908203125,12354400
2021-11-24,JPM,150.21963380444038,151.09351836726648,148.4183498794795,148.88204956054688,9629800
2021-11-26,JPM,144.583935256684,145.0387089894779,141.62342261546195,144.39666748046875,13619300
2021-11-29,JPM,145.6272150533841,146.9380483587319,142.5151118999125,143.77243041992188,12104400
2021-11-30,JPM,141.92660964580276,143.2374433014271,141.15080152706733,141.63233947753906,18922600
2021-12-01,JPM,143.5673560680819,145.59157042622144,140.71384612221195,140.79409790039062,12253400
2021-12-02,JPM,142.5240568529297,145.5737471981936,141.60558345683899,143.754638671875,12969900
2021-12-03,JPM,144.01323892079705,144.30750909132325,140.1699156504948,141.1508026123047,12681800
2021-12-06,JPM,143.576285083772,145.00304702583506,142.19412561024816,142.81832885742188,11186500
2021-12-07,JPM,144.3520858229234,145.69858230221814,143.71004434239103,144.96737670898438,9851600
2021-12-08,JPM,145.04764903420445,145.59160054317354,142.8272541323578,143.3087921142578,11705700
2021-12-09,JPM,142.36352387061504,143.50492784015694,141.4718011689974,143.08583068847656,11189600
2021-12-10,JPM,143.85273624840346,144.19158167786043,141.8998610358837,142.51515197753906,10405400
2021-12-13,JPM,142.22978546192576,142.48837908494812,140.25015977323721,140.82086181640625,12069000
2021-12-14,JPM,140.40174005805798,143.46926840317553,140.26798709221055,141.89984130859375,12563600
2021-12-15,JPM,142.54189313181374,142.54189313181374,140.31258616138567,140.8386993408203,14014200
2021-12-16,JPM,143.02342149950582,144.29859219812784,141.51640776777535,143.041259765625,19542800
2021-12-17,JPM,142.06927491426154,142.12277610214872,138.37752967073413,139.7864532470703,28082000
2021-12-20,JPM,137.78007971088095,137.94950921352105,135.3991815578562,137.2718048095703,15148000
2021-12-21,JPM,138.58266083074585,140.16100058607552,138.29730296812085,139.18902587890625,11291300
2021-12-22,JPM,138.88582201883227,140.05397667544838,138.43104830257548,139.7329559326172,7273000
2021-12-23,JPM,140.5444387620308,141.89093536551516,140.18775506510846,140.23233032226562,8055200
2021-12-27,JPM,140.53553420463166,141.07055977960627,139.4119546446229,141.03489685058594,6188100
2021-12-28,JPM,141.07056088721586,142.8094178311062,140.96355849270313,141.46292114257812,6342300
2021-12-29,JPM,141.65017828769635,142.34572101294867,141.02596141568108,141.39157104492188,6398900
2021-12-30,JPM,141.8819800082521,142.8896308760631,141.22210040178902,141.3201904296875,6948200
2021-12-31,JPM,141.2934793043358,142.04252321389316,140.8565438270659,141.20431518554688,5805900
2022-01-03,JPM,142.55079232444794,145.02978035858226,142.23868393470661,144.19155883789062,13120900
2022-01-04,JPM,146.518953956493,150.3266136770625,146.44761450804248,149.65782165527344,20195800
2022-01-05,JPM,150.54591425399366,151.03032480937415,146.87689680518605,146.9217529296875,17539400
2022-01-06,JPM,149.7295897094847,150.1422332319074,147.00249593345234,148.482666015625,14047500
2022-01-07,JPM,148.6172517115506,150.28579871431185,148.0700396921458,149.95388793945312,13913300
2022-01-10,JPM,151.6673118183176,151.8825994041311,148.4916830458377,150.09744262695312,12922500
2022-01-11,JPM,150.94065620808104,151.17390264766982,149.19137635202188,150.2499237060547,11854100
2022-01-12,JPM,151.12008752741153,152.1337651012082,149.97182784699717,151.10214233398438,12568000
2022-01-13,JPM,151.0124506280425,152.33114191706343,150.6087726940547,150.9137725830078,13623400
2022-01-14,JPM,144.21264222235172,144.45485440743153,140.74995930359225,141.6380615234375,40158400
2022-01-18,JPM,139.7452498407538,139.7452498407538,135.04460866379125,135.69947814941406,32324800
2022-01-19,JPM,135.96861465476633,136.56066918106663,133.2594652364409,133.600341796875,22380000
2022-01-20,JPM,133.6541616115064,135.10740734088094,132.19193644201366,132.4610595703125,14860800
2022-01-21,JPM,132.3175245318056,132.32649028369337,129.41999884423763,130.14662170410156,20705400
2022-01-24,JPM,127.63482895550824,130.5054437056573,125.2037824359175,130.02999877929688,28471400
2022-01-25,JPM,128.86382718518345,131.73445605784812,126.29821186975613,131.4473876953125,18915900
2022-01-26,JPM,133.41193192091282,135.07151292084316,130.93602957942716,132.69427490234375,20709100
2022-01-27,JPM,134.0398854480491,134.90107666430532,129.29440222770756,130.35293579101562,17536800
2022-01-28,JPM,129.34821668802778,131.65367396618265,127.53613578143928,131.5191192626953,14117000
2022-01-31,JPM,130.64897881203532,133.47473744678217,129.77882178469122,133.30430603027344,13985700
2022-02-01,JPM,133.3850326915344,135.87888044168872,133.03517674638817,135.59181213378906,14584900
2022-02-02,JPM,135.00873406395868,135.4034461742531,132.82886539324826,134.50637817382812,12441100
2022-02-03,JPM,134.56020362018114,136.0403603847344,133.0262112761155,133.39401245117188,12474900
2022-02-04,JPM,133.75285680649242,137.6999509010247,133.4568226961766,136.85670471191406,16654400
2022-02-07,JPM,137.493619851515,137.80758544696707,135.32271687632593,137.314208984375,12572300
2022-02-08,JPM,139.04552383242864,142.16731627675307,138.866112990924,139.89773559570312,20411400
2022-02-09,JPM,140.47188603736984,141.2254199323025,139.78115347776782,140.48086547851562,9131100
2022-02-10,JPM,140.53465982443993,142.66070635701823,139.24287986453473,139.89773559570312,16455600
2022-02-11,JPM,139.59270677489116,141.90714310718653,137.224448570151,138.07666015625,16830000
2022-02-14,JPM,137.00917180548444,137.86138354343666,134.84724864411163,136.79388427734375,17026500
2022-02-15,JPM,138.60593652730816,139.88875055914627,138.01388220078155,138.79432678222656,9500000
2022-02-16,JPM,137.91524667224485,140.03232781374226,137.91524667224485,139.04554748535156,9076500
2022-02-17,JPM,137.25140566676166,137.90626148202614,135.16123555879835,135.84300231933594,11367500
2022-02-18,JPM,136.4709536816993,138.27405536078084,135.57388571810577,136.47991943359375,11733300
2022-02-22,JPM,135.09843500652676,137.46669378146026,134.9279899106364,136.23770141601562,11333500
2022-02-23,JPM,137.35904486865755,137.52052422308435,132.73915024183813,133.38504028320312,11799000
2022-02-24,JPM,128.2268629912127,130.06585456781542,125.39212569086091,129.671142578125,25655100
2022-02-25,JPM,130.29911000538084,134.6768056546227,129.99411021032242,132.7391357421875,18367700
2022-02-28,JPM,128.77409236741448,130.12865989067305,126.37892285491631,127.2042236328125,31315300
2022-03-01,JPM,125.62535408072262,126.02006605693003,119.83030443198065,122.4048843383789,36840400
2022-03-02,JPM,123.15845620666198,125.62539313674434,122.54845655427278,124.9436264038086,19405600
2022-03-03,JPM,125.44598486023004,126.46864182475801,122.95213693465882,124.05552673339844,16640800
2022-03-04,JPM,121.05034995086852,121.48093872915727,118.7717897190759,120.56592559814453,21016000
2022-03-07,JPM,118.56547753013588,119.03195672916887,115.67691743579225,115.91016387939453,27560100
2022-03-08,JPM,116.29587870181693,118.22456915671027,114.16982537539673,115.09381103515625,19207800
2022-03-09,JPM,119.22033329865842,121.31948284938129,118.80768967858674,119.70475769042969,17536200
2022-03-10,JPM,118.2873764038086,119.71371111054437,116.90589783067844,118.2873764038086,15604200
2022-03-11,JPM,118.8525350472462,120.27886977167104,115.20146199955721,115.62308502197266,20061800
2022-03-14,JPM,116.1344136290496,119.23826082477186,115.92807816141368,116.77132415771484,15786900
2022-03-15,JPM,118.23354444343701,119.80341316866581,117.63251063121541,118.84354400634766,15096600
2022-03-16,JPM,120.98753408318174,124.23492894194467,120.59282204712015,124.15418243408203,20354900
2022-03-17,JPM,122.77268290448978,125.75991991349302,121.92943709743484,125.72402954101562,17050500
2022-03-18,JPM,125.75993966664973,126.35200771202503,124.20801617331925,125.67920684814453,23656500
2022-03-21,JPM,125.9035094435377,126.27129695023085,124.45024985821244,125.27555084228516,12676100
2022-03-22,JPM,127.62585378428568,129.11497609316,127.132463702353,127.9398193359375,13548600
2022-03-23,JPM,126.46864501888555,127.01585705598157,124.87186504601617,125.39216613769531,12093200
2022-03-24,JPM,125.85865534612932,126.22645654696777,124.79114213247138,126.20851135253906,10017600
2022-03-25,JPM,126.56731397680672,128.4421827100561,126.30717029369798,127.31188201904297,8383500
2022-03-28,JPM,125.58950465638422,126.45966160512846,123.70565661127058,126.36994934082031,10818100
2022-03-29,JPM,128.59469017882293,128.81895715598296,125.8048084354255,126.64804077148438,11316500
2022-03-30,JPM,127.29393413927097,127.49129017946342,125.50877771412613,126.07392120361328,8771000
2022-03-31,JPM,125.43700288101368,125.90348200973193,122.23446398986555,122.28829956054688,17353900
2022-04-01,JPM,123.25710868857904,123.26608812689341,120.02767286225253,121.38224029541016,15721300
2022-04-04,JPM,120.31475002974481,122.84448823916672,119.21136027516562,121.9205093383789,17416400
2022-04-05,JPM,121.16137143271622,122.36330317195386,120.20341961893156,120.50164794921875,12110300
2022-04-06,JPM,118.9111347216262,119.79677389446677,118.35083435773585,118.82980346679688,12914700
2022-04-07,JPM,118.34178761407875,119.21839457185682,116.33553393644571,118.46830749511719,12994200
2022-04-08,JPM,118.9924653046347,121.0077511930586,118.82980279589442,120.63723754882812,13126900
2022-04-11,JPM,120.19439697265625,121.91145427069885,119.80580516537665,120.19439697265625,10466400
2022-04-12,JPM,119.41720538697705,121.62227784070798,118.11585024775015,118.87496948242188,12989900
2022-04-13,JPM,114.71787411714051,116.80545883465285,113.87741676810822,115.043212890625,30838000
2022-04-14,JPM,114.32023197182036,115.9469257775669,112.98272740989371,113.97682189941406,18835200
2022-04-18,JPM,113.5701434058857,116.79642055778413,113.45266264732628,116.09152221679688,11834400
2022-04-19,JPM,116.08248358573627,118.67616159488745,115.88366467800672,118.49540710449219,15015400
2022-04-20,JPM,119.76062934387755,120.65530071190196,118.69423568013787,118.9111328125,13430200
2022-04-21,JPM,119.48949275267643,120.02268260662909,117.44709678570847,117.98931884765625,12174200
2022-04-22,JPM,117.73629551729815,117.95319264604935,114.49195353307734,114.60039520263672,14318800
2022-04-25,JPM,113.87741931573453,114.88054607395067,111.25663775728529,114.56423950195312,17149000
2022-04-26,JPM,112.63933285439121,114.23891646619906,111.03975613739975,111.17530822753906,17209500
2022-04-27,JPM,110.55173323892895,111.66330159927047,109.54860653628974,109.7293472290039,17215200
2022-04-28,JPM,110.98551611682517,111.74464221162738,109.47630992531687,111.46448516845703,13015600
2022-04-29,JPM,111.20241774955869,111.70849723680001,107.45198953422596,107.8676986694336,14874800
2022-05-02,JPM,108.33762647553962,109.08771348260495,106.83745935622471,108.85274505615234,18545000
2022-05-03,JPM,109.82877297906336,112.21458633002966,109.15098493856574,111.1843490600586,15720900
2022-05-04,JPM,110.97649210909837,115.13359049410413,110.92226438022381,114.86247253417969,17128500
2022-05-05,JPM,113.19060084992145,113.95875923720516,110.39811747978256,111.98865509033203,15055400
2022-05-06,JPM,111.88019850998393,112.32301803273535,109.51245682857419,111.80789947509766,14417900
2022-05-09,JPM,110.35290530799239,111.45544136982969,108.89792009783856,110.1269760131836,14312300
2022-05-10,JPM,111.25662753072615,111.86211641350623,106.24099420067569,107.44293975830078,16382400
2022-05-11,JPM,107.81346726380494,111.05780877890473,106.58441129119713,106.76515197753906,14630300
2022-05-12,JPM,105.73493018464183,106.92783681349641,104.26187338300672,106.67479705810547,16318800
2022-05-13,JPM,107.91289919303422,108.67201850760863,106.60250481218553,107.62370300292969,10443200
2022-05-16,JPM,107.12665884232258,107.95807717553483,105.94279128318739,106.87361907958984,10269000
2022-05-17,JPM,109.38593115236017,111.13010563112051,109.17807316181118,110.41616821289062,11160200
2022-05-18,JPM,109.62090876078413,110.22639768329066,108.02132531497953,108.52740478515625,12664900
2022-05-19,JPM,106.81036630341985,108.12979293675538,106.30427984919123,106.91880798339844,12765800
2022-05-20,JPM,107.95805051440482,108.14783028958668,103.94554413966033,106.04216766357422,13150100
2022-05-23,JPM,108.86177591902336,114.38348870637573,108.8527368162398,112.60316467285156,24376700
2022-05-24,JPM,112.38626834912826,115.21490062259404,111.25662188123722,114.1937026977539,19324900
2022-05-25,JPM,114.12142297694743,115.54929800869557,113.11829619215871,114.9889907836914,12780400
2022-05-26,JPM,116.01018869398546,117.65496084587582,115.86560440198564,116.9771728515625,15990900
2022-05-27,JPM,117.62785462635095,118.6309814453125,116.7060590600973,118.6309814453125,11177800
2022-05-31,JPM,117.64589690430057,120.32993805559101,117.22116251243808,119.49851989746094,17015000
2022-06-01,JPM,120.0769041580333,120.0769041580333,116.28129454298582,117.40190887451172,10768000
2022-06-02,JPM,117.3928681441484,119.29971214009548,116.28129976042759,119.29067993164062,8374800
2022-06-03,JPM,118.57676705837365,119.08284660003112,117.47423071849128,117.62786102294922,8596000
2022-06-06,JPM,118.46829864467907,119.6431339034861,116.99524880898599,117.23924255371094,11323500
2022-06-07,JPM,116.42590199657988,117.77244574458803,116.2361152951919,117.54651641845703,6722200
2022-06-08,JPM,116.5795367360115,116.98620678065254,114.68173170299315,115.67581939697266,8422100
2022-06-09,JPM,115.1064820824074,115.76619878581485,113.20867011950584,113.24481964111328,13560100
2022-06-10,JPM,110.78670816689691,111.51872391904678,107.83155542504012,108.03941345214844,12945200
2022-06-13,JPM,105.60841065322221,106.59345926062625,103.98171665635213,104.82217407226562,16805600
2022-06-14,JPM,104.42453907119632,106.02411569368229,102.31887606109719,103.07799530029297,13357900
2022-06-15,JPM,104.4877992193629,105.68973801718992,102.2736876442601,104.29801940917969,14083500
2022-06-16,JPM,102.89724278274221,103.25873104816637,101.0988474531464,102.5086441040039,16724900
2022-06-17,JPM,102.60806113597721,103.59310966490476,101.36093376761,102.14716339111328,30919900
2022-06-21,JPM,104.71370841222056,105.7620167185101,103.96362152468716,104.67755889892578,11680500
2022-06-22,JPM,103.81903100380764,105.01193744982425,103.37621149974488,104.09014892578125,9842700
2022-06-23,JPM,103.93653253030116,104.09016282234957,100.74641144394799,102.95147705078125,11851500
2022-06-24,JPM,102.3279085951846,106.47596751765342,101.96642031147374,106.02410888671875,14841100
2022-06-27,JPM,106.69286698952862,107.09050482560198,104.50587268075745,105.17462158203125,11280500
2022-06-28,JPM,106.34041663724126,107.80444119495111,104.46972203868671,104.66854095458984,11590900
2022-06-29,JPM,104.83122310770838,105.57227113319433,103.68350499188654,104.19862365722656,9338400
2022-06-30,JPM,102.27368047151269,103.09606648611297,100.2493557433808,101.7676010131836,15172600
2022-07-01,JPM,101.8037414110807,103.40331778132884,100.45720474732921,103.0689468383789,10573600
2022-07-05,JPM,100.99025424622354,102.75897633463552,99.65004452314356,102.67692565917969,12514200
2022-07-06,JPM,101.86551285671348,103.0142641569838,101.00850195629745,102.01138305664062,10656200
2022-07-07,JPM,103.47922576144309,104.75562288886854,103.38805602858515,104.59151458740234,10347400
2022-07-08,JPM,104.99267749225798,105.43941408522994,103.57952218355622,104.2633056640625,8807800
2022-07-11,JPM,103.52481970997854,104.14478366510028,102.31224202549255,102.89573669433594,7939500
2022-07-12,JPM,102.64045824039744,105.01090619267762,102.34871090712919,102.99602508544922,11250900
2022-07-13,JPM,101.8837325408835,102.54928481624609,100.63468561996145,102.02960968017578,12979900
2022-07-14,JPM,98.45570180114818,98.67451752235421,96.69609870566313,98.4648208618164,26204800
2022-07-15,JPM,99.52238892994943,103.82565956188452,98.1639343566293,102.97776794433594,18863900
2022-07-18,JPM,104.63709203129324,105.6126227432874,101.46434093029362,101.92019653320312,13977900
2022-07-19,JPM,103.14190070755488,104.7921029519822,102.72251432862689,104.44564819335938,11862300
2022-07-20,JPM,104.0262511393981,104.60974577679487,103.46099462206014,104.42740631103516,11667500
2022-07-21,JPM,104.33624634213706,105.33000834839368,103.36071550184063,105.1385498046875,11595900
2022-07-22,JPM,105.06560059004582,105.98643088341088,103.63421423183108,104.62798309326172,7645500
2022-07-25,JPM,105.61264277252636,106.17790633142492,104.6371118755246,105.0473861694336,9394000
2022-07-26,JPM,104.46389194898495,105.3756033321198,103.05073652280359,103.40630340576172,10675100
2022-07-27,JPM,103.94420419292103,105.52146080012055,103.29689002372183,105.06560516357422,9337400
2022-07-28,JPM,105.0747392276748,105.74029161262165,103.50659450110939,104.673583984375,10384800
2022-07-29,JPM,105.38468508483814,106.21434554331857,104.65532036188563,105.17499542236328,12944500
2022-08-01,JPM,104.39093823517094,104.94708265472225,103.0871908680628,104.12654113769531,14740400
2022-08-02,JPM,103.86214812609651,104.2997726043284,102.35782311166867,102.50370025634766,14942900
2022-08-03,JPM,103.4336211767037,104.0262347809395,101.84724581548163,103.57949829101562,14394500
2022-08-04,JPM,102.88660928971977,103.31511467398225,101.21817609577185,102.43987274169922,18033900
2022-08-05,JPM,102.59487277237781,105.9317395113263,102.15725523809935,105.53970336914062,14174600
2022-08-08,JPM,105.98641817636052,106.39668539988294,104.09917642771038,104.25416564941406,10332500
2022-08-09,JPM,104.61887691977174,105.74939704082172,104.27242911249343,105.19325256347656,10233800
2022-08-10,JPM,107.54547146536183,108.83098782502921,107.12608507338823,107.93750762939453,12847300
2022-08-11,JPM,109.31418836276644,110.49940890206962,108.77627506840615,109.53299713134766,11684900
2022-08-12,JPM,110.01619247768109,111.45669789077503,108.89479155979754,111.3472900390625,9906700
2022-08-15,JPM,110.44469667973978,111.88520207732508,109.95237178604083,111.64815521240234,8456200
2022-08-16,JPM,111.49319191619784,113.27102642726751,111.11027478393764,112.71488189697266,9555000
2022-08-17,JPM,111.50228771728254,112.28635994213667,110.94614330300683,111.76667785644531,8149300
2022-08-18,JPM,111.44758384323562,111.65728049616463,109.90679652486368,110.90055847167969,9531800
2022-08-19,JPM,109.9706138068486,110.3079425186389,107.68221661490286,108.15630340576172,13464500
2022-08-22,JPM,106.44230045506949,106.81610544855921,105.30266126390171,106.3693618774414,8967600
2022-08-23,JPM,106.38759990235309,106.9346253224517,105.19325330115488,105.32089233398438,7607000
2022-08-24,JPM,105.1111819703536,106.13230098820786,104.34534096801184,105.57615661621094,9771300
2022-08-25,JPM,105.90439211650425,108.25660207670461,105.4667676147196,108.08338165283203,10758900
2022-08-26,JPM,108.91304263974573,109.39624856717718,104.48212469431598,104.54594421386719,11276200
2022-08-29,JPM,103.93509018612681,104.71916247557431,103.44276524002221,104.29065704345703,8117300
2022-08-30,JPM,104.84679761492905,105.37559182881495,103.3515916662762,104.30889129638672,10745400
2022-08-31,JPM,104.37272551462083,104.8741626177771,103.33336810551654,103.6889419555664,10738300
2022-09-01,JPM,103.28775856961052,104.50944819017472,102.02959966780205,104.4000473022461,9979800
2022-09-02,JPM,105.6399844420633,107.08048292247653,103.19659802769777,103.67068481445312,10666600
2022-09-06,JPM,104.23595712027515,104.61887420614619,102.17548758479874,103.69804382324219,9751900
2022-09-07,JPM,103.14188399961701,105.85878639528137,102.80455531240868,105.66732788085938,10647900
2022-09-08,JPM,105.10209322537187,108.30220231324256,104.50947940083194,108.12897491455078,11435000
2022-09-09,JPM,108.62127038275723,109.4509309026302,108.19276501146497,108.64862060546875,9299700
2022-09-12,JPM,109.97061998265413,110.81851177352989,109.2138979310091,109.93415069580078,8614600
2022-09-13,JPM,107.64574992677623,108.42070311911871,105.55793027299376,106.11407470703125,12904600
2022-09-14,JPM,106.39669186076198,107.43604204888304,104.73737779237537,105.86790466308594,9345700
2022-09-15,JPM,105.8678996761389,108.84007297299692,105.53968311052941,107.46339416503906,10821400
2022-09-16,JPM,107.02579999821101,107.03491905977778,105.18414604266165,106.74317169189453,14844100
2022-09-19,JPM,105.75851391589639,108.24748889878178,105.31177731335993,107.72781372070312,8201300
2022-09-20,JPM,107.04402106759404,107.29929910434645,104.51857701299748,105.603515625,9619000
2022-09-21,JPM,106.25084449626627,106.30554495291823,102.49459112650202,102.55841064453125,12606300
2022-09-22,JPM,103.3698226400101,103.57040023496134,101.26377180463231,101.39141082763672,11684500
2022-09-23,JPM,100.33382622887612,100.5982163712799,97.69898126275494,99.50416564941406,18138600
2022-09-26,JPM,98.46481837518832,99.93267409446803,96.6960962637023,97.36164855957031,15753600
2022-09-27,JPM,98.23688374799112,98.6198007901911,95.41058036310774,96.50463104248047,12793600
2022-09-28,JPM,96.59579683285273,99.13035975859935,96.31316859263455,98.4556884765625,12762600
2022-09-29,JPM,97.50750767216194,97.80837403019432,95.18264834252217,96.78726196289062,12713900
2022-09-30,JPM,96.69610168109314,98.1183760894761,95.18266448644368,95.27383422851562,15973400
2022-10-03,JPM,96.29496206575092,98.79304939287385,95.23737348655948,98.21867370605469,12248100
2022-10-04,JPM,100.84438223755487,103.01425251532025,100.16059879789464,102.81367492675781,16013600
2022-10-05,JPM,100.95554298426751,102.05938210489853,100.10926585724786,101.54425811767578,10943500
2022-10-06,JPM,100.68878182704552,101.36028876432013,99.29058511910067,99.47455596923828,11521400
2022-10-07,JPM,98.90423905253799,99.0790162797713,96.83453532470998,97.4876480102539,11681100
2022-10-10,JPM,98.17754889137375,98.71106718331806,96.14463372809632,96.57697296142578,8931700
2022-10-11,JPM,96.00665802917217,96.16303395752341,93.68858595816101,93.7897720336914,12739700
2022-10-12,JPM,93.64258926104512,96.33780347408216,93.16425384807573,95.30754852294922,13181000
2022-10-13,JPM,93.80816922694486,101.0935242382516,93.60579708473557,100.60599517822266,22398700
2022-10-14,JPM,102.98846986738337,106.0056372325939,101.84783496498314,102.2801742553711,33387100
2022-10-17,JPM,106.16200506074296,107.63379295362031,105.15934495313265,106.57594299316406,22276300
2022-10-18,JPM,110.07144505078197,110.51297790830733,107.58779640955845,109.31714630126953,21539700
2022-10-19,JPM,108.5352598097451,109.30795283865571,106.40116561366753,107.17385864257812,17072000
2022-10-20,JPM,107.77178830736774,109.19758015880953,106.38278501714224,106.8243179321289,12207400
2022-10-21,JPM,107.12785001119728,112.58266873224537,107.00826967137668,112.43549346923828,20593300
2022-10-24,JPM,112.28832177486858,113.23578498979896,111.607621205954,112.57347869873047,12624200
2022-10-25,JPM,112.0859569347984,113.39216830619782,111.20288416182254,112.86784362792969,11289100
2022-10-26,JPM,113.14379401532369,115.16750134496804,113.03340729954687,114.16484832763672,11667000
2022-10-27,JPM,115.16750488693133,116.08737315924878,114.25683726238766,114.61558532714844,10727600
2022-10-28,JPM,115.25031573682665,116.16098351194422,114.1096808556059,115.97701263427734,11859500
2022-10-31,JPM,115.62745319512348,117.21882858921845,115.5262671113235,115.79302978515625,13295200
2022-11-01,JPM,116.70369547392043,118.00070614672758,116.2069657424076,117.88111877441406,13386900
2022-11-02,JPM,117.42118789912877,119.91403010751542,116.4921189668985,116.7956771850586,16546100
2022-11-03,JPM,116.18856567845296,117.90871495160084,115.82062396353767,117.00724792480469,12474400
2022-11-04,JPM,119.1137728554938,120.34639323272533,118.1663094572852,120.20840454101562,14953200
2022-11-07,JPM,120.50274709319883,121.68937102228881,120.02441164791836,120.84309387207031,12011200
2022-11-08,JPM,120.72352252607168,121.47780724444024,119.71166176671274,120.91668701171875,9884100
2022-11-09,JPM,120.79712081751882,120.89829286335986,118.86539163037673,119.3437271118164,9494000
2022-11-10,JPM,122.00213903547468,124.4121895277581,121.91014658960025,124.25581359863281,16351600
2022-11-11,JPM,124.35698959135296,125.25845653630671,123.05997200450365,124.45817565917969,10704700
2022-11-14,JPM,123.9982399619039,124.85371067676776,123.17955780029297,123.17955780029297,11085600
2022-11-15,JPM,123.88786977737047,124.83534714564182,121.05468744790996,122.28730773925781,14038300
2022-11-16,JPM,122.34249351684839,122.857617559568,121.45022007282428,122.45287322998047,7893400
2022-11-17,JPM,121.42261172136165,122.24129392076719,120.76030544363178,121.9193344116211,8820200
2022-11-18,JPM,123.7866949945706,123.87867341119204,121.68018853802984,123.11518096923828,9468500
2022-11-21,JPM,123.02319251818793,123.77747723170171,122.11251784062623,122.38848114013672,7800500
2022-11-22,JPM,123.26235254064387,124.43058921497376,122.97719561262804,124.21900939941406,9185700
2022-11-23,JPM,124.12702629211735,125.56201854399083,124.05343514637053,125.54361724853516,7316200
2022-11-25,JPM,125.54362402149044,126.15074047959821,125.15728101253367,125.78279876708984,3220500
2022-11-28,JPM,125.16649477413172,125.75520996446024,123.43713776175792,123.58432006835938,9906900
2022-11-29,JPM,123.86950388242549,125.69083970441908,123.63953674200933,125.61724853515625,7925300
2022-11-30,JPM,125.18486251952103,127.10738372802734,122.51725029960822,127.10738372802734,14761200
2022-12-01,JPM,127.10740114575573,127.54894805723036,124.57776319758342,125.32286834716797,8858500
2022-12-02,JPM,123.71307386734632,124.50416104623557,122.65521706190735,124.32938385009766,8931900
2022-12-05,JPM,123.48312543307155,123.78668365587976,120.13480538826083,120.84309387207031,10154500
2022-12-06,JPM,122.70123700651065,124.28341167026855,119.46329652764835,121.04547119140625,13966700
2022-12-07,JPM,120.78790740397876,122.41607826790143,119.88644037637134,120.96268463134766,11739400
2022-12-08,JPM,121.72619387306531,122.3241027521174,120.89830384505628,122.23212432861328,8907300
2022-12-09,JPM,121.60658988773196,123.04158223049309,121.42261902975072,121.5698013305664,7957800
2022-12-12,JPM,121.79055487914437,123.8602585129098,121.05467148266641,123.45552825927734,8841600
2022-12-13,JPM,125.92076505466073,126.10473589872196,122.41606924361821,123.3359375,10025400
2022-12-14,JPM,123.05996649293431,124.8353194150938,122.12169700020713,122.71961975097656,9966100
2022-12-15,JPM,120.6407161626169,121.49620093947502,118.70900124661992,119.67486572265625,12087800
2022-12-16,JPM,118.80099041726888,119.49089167180837,118.13868409002481,118.92977142333984,21133700
2022-12-19,JPM,119.26091978022608,120.80630582686874,118.74579577670399,119.63806915283203,9017200
2022-12-20,JPM,120.47513704157737,121.4685963634736,119.76683461061833,120.21757507324219,8549900
2022-12-21,JPM,121.58818859111081,122.32408605911253,121.21105324487613,121.5698013305664,8051700
2022-12-22,JPM,120.59473145255994,120.77870229269517,118.12028364992618,120.18998718261719,8648200
2022-12-23,JPM,120.11640990854696,120.90749724493894,119.25173142038864,120.76031494140625,5091900
2022-12-27,JPM,121.02708811180806,121.62499693754901,120.08881844482123,121.18346405029297,5411000
2022-12-28,JPM,121.28464392205296,122.71963625921501,120.51194386382389,121.84576416015625,8827700
2022-12-29,JPM,122.27809877499747,122.59086469611543,121.70778486273859,122.54486846923828,6585200
2022-12-30,JPM,122.16770168093653,123.56590536985559,121.82735491540012,123.35433959960938,9292500
2023-01-03,JPM,124.40300391783875,125.78280647845155,123.16117599885622,124.29261016845703,11054800
2023-01-04,JPM,125.09288920960297,126.6474547722274,124.70654622634046,125.4516372680664,11687600
2023-01-05,JPM,125.71110665298082,125.7574426311823,123.894840941672,125.42384338378906,8381300
2023-01-06,JPM,126.14667064087546,128.23166291856109,124.62694350184162,127.82392883300781,10029100
2023-01-09,JPM,128.4355058180764,128.69497034378918,126.8416442231229,127.29570007324219,8482300
2023-01-10,JPM,127.68490733956229,128.54671140906447,127.24011299323453,128.43551635742188,9048700
2023-01-11,JPM,128.71349465095616,129.50116391564796,127.97217550743012,129.3899688720703,8703700
2023-01-12,JPM,129.73280110072432,130.52973173021888,129.0100051972005,129.2602081298828,11001700
2023-01-13,JPM,125.65551692138334,132.9668879183642,124.91418364348826,132.52207946777344,20200000
2023-01-17,JPM,130.81701239235827,131.1598731733884,129.01928393227195,130.47415161132812,14292900
2023-01-18,JPM,128.73201653467143,130.40927422767282,126.4060975984864,126.55436706542969,13392600
2023-01-19,JPM,125.3960253585282,125.93347737587236,123.7928884255515,124.8678207397461,13303400
2023-01-20,JPM,125.24777975943063,125.5535802591071,123.7558517008759,125.17364501953125,13092500
2023-01-23,JPM,125.21070703148442,127.84244084474776,124.93271942775594,127.20304107666016,10487100
2023-01-24,JPM,126.41536871268397,130.00155011000138,125.09950890834466,128.29649353027344,6945000
2023-01-25,JPM,127.92582115073874,128.91734313964844,127.1844879739416,128.91734313964844,8967000
2023-01-26,JPM,129.19538056708268,129.788444444534,128.21311984565625,129.7143096923828,7487600
2023-01-27,JPM,130.29806866619722,130.90039388480972,129.50113802048105,130.0293426513672,7489900
2023-01-30,JPM,129.01930883385893,129.81623972338787,128.72278397297444,128.92665100097656,6729300
2023-01-31,JPM,129.62163552086386,129.79770376756338,128.1111701831327,129.69577026367188,9188700
2023-02-01,JPM,128.07411974583752,130.54830865112146,127.99070931640648,129.3529052734375,8841800
2023-02-02,JPM,129.73279438128654,130.15906549860185,127.87946874726815,128.7505340576172,11822100
2023-02-03,JPM,128.04629647186732,131.89195670361985,127.99997463008327,130.74288940429688,11501200
2023-02-06,JPM,129.94594596554768,131.8085476082206,129.76061619715742,131.5120086669922,8406200
2023-02-07,JPM,131.01162785812542,133.75454259559032,130.82628393444696,133.11514282226562,10447900
2023-02-08,JPM,132.18852179713275,133.47658329365044,131.84566088086336,132.17926025390625,6958000
2023-02-09,JPM,132.62398085326885,132.82784780881434,129.61232662969095,130.1219940185547,6443100
2023-02-10,JPM,129.52894300362496,130.91893739625775,128.4262118564423,130.696533203125,6582900
2023-02-13,JPM,130.9374985308317,132.26261997343792,130.4185694584892,132.11436462402344,7134600
2023-02-14,JPM,132.0494589363281,133.2633850333121,131.21546800947365,132.6981201171875,9249400
2023-02-15,JPM,131.224771060356,133.33756194053097,130.9375077422259,133.25416564941406,6728300
2023-02-16,JPM,132.4294012298099,132.87419547207415,131.28959565811144,131.41934204101562,8165300
2023-02-17,JPM,130.64095868762428,132.35529106289493,129.7977060205286,131.80856323242188,7948800
2023-02-21,JPM,130.372229463023,130.97455480207697,128.5745008464841,129.3899688720703,9996300
2023-02-22,JPM,128.73200618635008,129.20459916701773,127.3605490767579,128.39840698242188,11107500
2023-02-23,JPM,128.55595174504145,129.89034870367567,127.82389420955033,129.42701721191406,8068000
2023-02-24,JPM,128.9081003151785,130.99309222400296,128.74129360979924,130.59461975097656,9126900
2023-02-27,JPM,131.68808479655095,132.80007761336196,131.32668677759347,131.7344207763672,10014700
2023-02-28,JPM,132.45722294669986,133.21707931979367,131.49348542502423,132.837158203125,11019800
2023-03-01,JPM,131.6788296362746,132.93909199365447,131.40082788366382,132.0958251953125,7139200
2023-03-02,JPM,131.80855932255736,131.98461342733398,129.3065577377837,130.724365234375,11106800
2023-03-03,JPM,131.13208607962235,133.19855490846228,130.7336277461975,133.12442016601562,9513100
2023-03-06,JPM,132.9205348006957,133.4765240826197,132.19773883636643,132.34600830078125,9261300
2023-03-07,JPM,131.59542802066633,131.87342979188446,127.70344564288506,128.45404052734375,11747600
2023-03-08,JPM,127.87949022800817,128.42621798834037,126.8508937627579,127.69416046142578,10002500
2023-03-09,JPM,126.73041665822825,127.27715853073298,119.74338441829867,120.78124237060547,25888100
2023-03-10,JPM,119.50247292330836,125.34043881545394,118.44607054402006,123.8485107421875,37599700
2023-03-13,JPM,121.58745904945458,124.0616475748519,119.91946281330038,121.62451934814453,42901100
2023-03-14,JPM,125.35897649591112,125.5906422588234,121.661585829519,124.74737548828125,29648100
2023-03-15,JPM,121.37432254422968,121.38359822418991,117.43601164465217,118.85379791259766,34280600
2023-03-16,JPM,118.622124529571,122.27317898084158,116.77806715483966,121.16118621826172,24558500
2023-03-17,JPM,118.96499618763241,119.05765400044798,116.2498663425754,116.58346557617188,38396000
2023-03-20,JPM,117.67693998398852,119.97506748303013,116.7688141445197,117.8159408569336,22875500
2023-03-21,JPM,121.01292089516592,122.0693161768008,120.64226134151549,120.97586059570312,17807800
2023-03-22,JPM,120.98511512011504,121.07778707303171,117.7603319431326,117.85299682617188,17250200
2023-03-23,JPM,118.52020864551586,120.03066691183282,116.77807754068986,117.5379409790039,16677600
2023-03-24,JPM,116.41668031012709,116.46301629212412,114.08149245696909,115.7494888305664,22311100
2023-03-27,JPM,117.49162393861728,119.8916852204729,117.02829235454034,119.06695556640625,18853900
2023-03-28,JPM,119.27079083850661,119.85457886397357,118.37191960366397,119.4283218383789,10820500
2023-03-29,JPM,120.55885312460751,120.67004815174047,118.3997197261222,119.66925048828125,14595300
2023-03-30,JPM,120.41986180140537,120.57739282481155,118.28854100564449,119.30786895751953,12134700
2023-03-31,JPM,120.15114599009569,120.7812701374997,119.4005511099055,120.75347137451172,13105200
2023-04-03,JPM,120.38279804783063,121.800591357579,119.91946653118723,120.61446380615234,11775400
2023-04-04,JPM,120.92952841287085,121.0129246940969,118.06614297272823,119.00206756591797,11579900
2023-04-05,JPM,118.42301895348227,119.68382327165587,118.1054771924964,119.17950439453125,9614700
2023-04-06,JPM,118.60981623615582,119.6184683520307,118.47906582765681,119.04876708984375,8760200
2023-04-10,JPM,118.18020558100874,119.75855181831997,117.88134648944423,119.4410171508789,9477300
2023-04-11,JPM,119.82393672065467,120.42165491662038,119.11414369093428,120.02940368652344,10516300
2023-04-12,JPM,120.64578096915022,121.81320034337125,119.59977777008011,120.01071166992188,11821000
2023-04-13,JPM,119.97335336759399,120.515023384301,118.45103403413674,120.46833801269531,12450200
2023-04-14,JPM,126.22137438479558,129.92909937936918,125.98789051486388,129.5648651123047,43931300
2023-04-17,JPM,130.70427656738232,130.80701004727862,128.56557044137327,130.5922088623047,16050500
2023-04-18,JPM,131.00311913687133,132.41335642388827,129.84503414076758,132.05845642089844,13760100
2023-04-19,JPM,131.89969982484027,132.15186638694743,131.12453169001014,131.89036560058594,9158100
2023-04-20,JPM,130.66689493680227,132.08646637241037,130.60151262360765,131.50743103027344,10586200
2023-04-21,JPM,130.5081577667996,131.78764489908252,129.61157337617786,131.2552947998047,11842500
2023-04-24,JPM,131.18058693269546,131.77830508418094,130.78832148106375,131.4327392578125,7567500
2023-04-25,JPM,130.37740841650321,130.71362578436776,128.53755424384534,128.5749053955078,10629300
2023-04-26,JPM,128.52819436776014,128.70564438655003,125.14735253851849,126.29608917236328,14416100
2023-04-27,JPM,127.01520701683833,128.79902694732172,126.69767241946961,127.99584197998047,9041100
2023-04-28,JPM,127.53823491258476,129.18197058151966,126.7070328529894,129.1072540283203,9887300
2023-05-01,JPM,132.86165818584794,133.8983271537462,131.52613727038226,131.87168884277344,20415800
2023-05-02,JPM,132.0584810017057,133.0017650271843,129.28469127957604,129.74232482910156,14113400
2023-05-03,JPM,129.29403922640566,129.5088404117128,126.7910845535605,126.99655151367188,12930900
2023-05-04,JPM,126.04393126060248,126.75371705352376,123.10202612066476,125.25941467285156,17089200
2023-05-05,JPM,127.42616110609312,128.7710304978289,126.93117643423547,127.70634460449219,11261400
2023-05-08,JPM,128.40680811856598,128.85509320709122,127.46352406161003,128.01455688476562,7484900
2023-05-09,JPM,126.94984067076172,127.90245883341599,126.27742024793284,127.39813995361328,7343600
2023-05-10,JPM,128.83642572942864,128.93915922547262,125.95990209092457,127.46353912353516,8133400
2023-05-11,JPM,126.08130780997631,127.77172899012716,125.98790854834499,127.06194305419922,7057300
2023-05-12,JPM,127.78105102734064,127.93981833868189,124.33482704681553,125.2407455444336,9988600
2023-05-15,JPM,125.39951910473174,126.70702305782953,125.11000139016896,126.29608917236328,7639500
2023-05-16,JPM,126.5109139682824,126.95919903532884,125.11001066437758,125.44622802734375,6477200
2023-05-17,JPM,126.92185169720211,129.43414092654038,126.51093197351658,129.3033905029297,12711500
2023-05-18,JPM,129.13527508145933,130.4988130314299,128.65895882093156,130.2840118408203,10999600
2023-05-19,JPM,130.55485449843033,131.2086208352598,129.00453219445134,129.9851531982422,13492200
2023-05-22,JPM,131.68493833804226,132.28265663706523,128.5655964103514,128.91114807128906,11402500
2023-05-23,JPM,128.45349726906264,129.84506645540733,127.44485935294365,127.5662612915039,9514900
2023-05-24,JPM,126.45486808153771,127.34211825680605,126.15601611517806,126.39883422851562,8578000
2023-05-25,JPM,125.91318702081462,127.2673906034073,125.68903737754901,126.70702362060547,8472500
2023-05-26,JPM,127.1179516965541,128.5095206147694,126.6696666812411,127.89311981201172,8579900
2023-05-30,JPM,127.76238330992678,128.62160228714237,127.0339147368369,128.3787841796875,7399900
2023-05-31,JPM,127.69701171360947,127.79974520053621,125.52094003650785,126.7444076538086,14219900
2023-06-01,JPM,127.50087540035871,129.09789708675177,126.50155759891467,128.4908447265625,12248100
2023-06-02,JPM,130.34005654774538,132.13321127897007,130.13458956545355,131.18994140625,12922500
2023-06-05,JPM,130.8537261533879,130.8537261533879,129.00453753310654,129.90110778808594,8511900
2023-06-06,JPM,129.5181816060298,130.84438269291823,129.07924498660134,130.13458251953125,9329500
2023-06-07,JPM,130.33069985868914,131.93707003389363,129.65826516903496,131.3953857421875,9281400
2023-06-08,JPM,131.3767054077865,131.58217235836509,130.2653198798546,131.4327392578125,7368100
2023-06-09,JPM,131.07784257613426,132.43204609200288,130.94709218668604,131.69422912597656,7249100
2023-06-12,JPM,131.75028833145842,131.98377220735534,130.52682085114972,131.68490600585938,7596600
2023-06-13,JPM,131.1992738679104,133.4313794630357,130.88173917253985,132.63754272460938,7701600
2023-06-14,JPM,133.5527697521183,134.12247094836258,131.40471536050583,132.1425323486328,9068700
2023-06-15,JPM,131.30198684145745,133.92634328269568,130.7789852482786,133.63682556152344,9343100
2023-06-16,JPM,133.59944431624066,134.45866306158092,133.08577706339557,133.79556274414062,13813500
2023-06-20,JPM,133.18851658453121,133.55275078938246,131.72223129146204,133.11380004882812,8428600
2023-06-21,JPM,133.45937940871084,134.50539687612533,132.3293254158356,132.91770935058594,9926500
2023-06-22,JPM,132.90837435550557,133.17922366276454,129.77035013643084,130.35873413085938,10075200
2023-06-23,JPM,129.3873937376386,129.98511177599062,128.52817494817768,129.6769256591797,9919500
2023-06-26,JPM,129.69562536058743,130.76031131831627,128.59358825115126,129.99449157714844,8429700
2023-06-27,JPM,129.8170304532332,130.60153282860406,129.38741386630664,130.00381469726562,8154000
2023-06-28,JPM,129.96644728216324,130.0131469000075,128.84572770751336,129.43409729003906,7558600
2023-06-29,JPM,130.8163662865002,134.075792408893,130.61089931451409,133.95437622070312,15423200
2023-06-30,JPM,135.04710147353083,136.3546056908232,134.1691996773229,135.83160400390625,14212800
2023-07-03,JPM,136.5320498990697,137.73682057264804,136.35459985202274,136.92430114746094,8021600
2023-07-05,JPM,136.2942689956518,136.75503110193193,135.74886452312396,136.0121612548828,8934900
2023-07-06,JPM,134.48879649989652,134.83672124143538,133.0030424908184,134.66746520996094,9709500
2023-07-07,JPM,135.32568289850678,137.1405503169834,134.46996151791234,135.7300262451172,8981500
2023-07-10,JPM,135.8805082759092,137.28163425338343,135.8805082759092,136.49172973632812,9100100
2023-07-11,JPM,137.61074828925305,139.0024759399404,137.01833783588555,138.62632751464844,11260900
2023-07-12,JPM,138.654548055294,140.9301924049343,138.23139359767345,139.3127899169922,11323200
2023-07-13,JPM,139.82994945668568,140.45998181729362,138.9366204184682,139.98980712890625,11234900
2023-07-14,JPM,142.50995667461993,143.77002144671843,139.55726008625822,140.8361358642578,27028400
2023-07-17,JPM,141.38156169118153,144.5787444468276,141.38156169118153,144.23081970214844,17262400
2023-07-18,JPM,144.23082862174988,145.18997489860243,143.70423513282776,144.49412536621094,13491700
2023-07-19,JPM,143.6383953372702,145.9516615690135,143.14001121819382,145.04891967773438,12510000
2023-07-20,JPM,145.31222476408757,147.2493426739594,145.19938740191142,146.83558654785156,9935900
2023-07-21,JPM,146.50644079864747,146.82615615405976,145.4626523806658,145.70713806152344,10636400
2023-07-24,JPM,145.725923001834,149.31804964059958,145.50023401853824,148.57518005371094,14381400
2023-07-25,JPM,147.9169857104419,148.31193079594107,146.65692076881191,147.4656219482422,9944700
2023-07-26,JPM,147.36217757743256,148.81030950504785,146.95781982809268,148.3495330810547,8728600
2023-07-27,JPM,148.3589293263149,149.3086770578347,146.27135250380405,146.71331787109375,10778400
2023-07-28,JPM,147.89817192456593,148.19909065944483,147.10828176840127,147.5502471923828,9103800
2023-07-31,JPM,147.8041422898382,149.87292287540654,147.77593294990737,148.53762817382812,8892700
2023-08-01,JPM,148.03921029249162,148.57521637814307,146.83556411782206,147.8041229248047,6853900
2023-08-02,JPM,146.28076942585813,146.4030194553348,144.75740779094255,146.13031005859375,8299400
2023-08-03,JPM,145.75417354946845,147.55964288063694,145.14295210950536,147.02365112304688,6084000
2023-08-04,JPM,147.0706408871841,148.38713866051694,146.4123991748143,146.71331787109375,6209400
2023-08-07,JPM,147.25873467525594,148.29311049668297,147.25873467525594,147.4091796875,7251800
2023-08-08,JPM,145.11472231111318,146.67569136732507,143.4879075627913,146.5816650390625,8623400
2023-08-09,JPM,146.05506543061432,146.2431324276784,144.31541342343934,144.61631774902344,6277800
2023-08-10,JPM,145.1711483449259,146.16791643636807,143.95808955545877,144.40005493164062,5995100
2023-08-11,JPM,143.90168962180442,145.30281560835894,143.5255555435083,145.2369842529297,5180700
2023-08-14,JPM,144.44707877373204,145.6789342505091,143.79823536111664,145.5378875732422,5044300
2023-08-15,JPM,143.73241079690175,144.12735582105773,141.26868562441484,141.83290100097656,10300300
2023-08-16,JPM,141.6166564012589,141.9551828333585,140.75152213698502,141.23110961914062,6978200
2023-08-17,JPM,141.87990020390052,142.2372231638039,139.54782372021998,139.7641143798828,9953900
2023-08-18,JPM,138.84260923513173,140.58226169114948,138.6451438592742,140.08387756347656,8517500
2023-08-21,JPM,140.72327319354213,141.1464418760233,139.1905135241849,140.56341552734375,8327000
2023-08-22,JPM,140.35652682813597,140.71386414216659,137.14994672342922,137.64833068847656,9673300
2023-08-23,JPM,137.62015377672074,138.78617796270962,136.7832433034955,138.5792999267578,7858000
2023-08-24,JPM,138.7015454667466,140.49761638052095,138.2219724072368,138.44764709472656,6534000
2023-08-25,JPM,138.49467297346612,139.75473785763214,137.14998007810868,138.2783966064453,6695500
2023-08-28,JPM,138.76739302548728,139.74535026556242,138.3536369186339,138.7579803466797,5094100
2023-08-29,JPM,138.8989972823225,139.9709948784729,138.40059896745205,139.8863525390625,6337000
2023-08-30,JPM,139.7547267719963,140.25311081871706,138.41003398330267,139.32217407226562,6277300
2023-08-31,JPM,139.41620112815974,139.50084348167059,137.2534089211085,137.60133361816406,10933900
2023-09-01,JPM,137.3756530739663,139.24695371806996,137.00891734808206,138.06211853027344,7903500
2023-09-05,JPM,138.38181790077672,139.36918761732844,136.36005812905785,136.53872680664062,7854700
2023-09-06,JPM,136.06857976294606,136.85846995723358,135.5137769609057,136.31307983398438,8629200
2023-09-07,JPM,135.53256513460647,136.60456288869358,134.8367014053034,135.1470184326172,8373700
2023-09-08,JPM,134.81792114038134,135.52318335910877,134.1408682625153,135.25048828125,7107900
2023-09-11,JPM,136.11560583970288,136.39771359199148,135.11883755039997,135.84291076660156,6854200
2023-09-12,JPM,135.88049351350259,138.53228581057203,135.4573391369855,137.61073303222656,8363200
2023-09-13,JPM,138.55104679371934,138.88957307748686,137.12172634989201,137.67652893066406,8325900
2023-09-14,JPM,139.02124145269468,140.95835877601152,138.7203371284726,140.34713745117188,10034900
2023-09-15,JPM,140.03681912618072,140.79849978022395,139.46320546657168,139.93338012695312,19863400
2023-09-18,JPM,139.32220221559254,140.24374081945214,138.93665543029542,140.2249298095703,6512400
2023-09-19,JPM,140.58224019484695,140.78911821793756,138.42884630725024,140.04623413085938,7943400
2023-09-20,JPM,140.72329005809854,141.28750546996196,139.30336754798745,139.45382690429688,7332000
2023-09-21,JPM,138.77679322179205,139.9710412101602,137.88346398739847,138.363037109375,8052400
2023-09-22,JPM,138.50405209324057,138.7109301020789,136.52932702968312,137.037109375,7071700
2023-09-25,JPM,136.6798117345326,137.78001897736758,135.12822638033307,137.7141876220703,7044700
2023-09-26,JPM,135.97453313071816,137.1405572392171,135.6265940850523,136.2848358154297,7468400
2023-09-27,JPM,136.52933425011622,137.37564298659942,135.88988918481877,137.08413696289062,6717800
2023-09-28,JPM,137.55432304561114,139.9898247951475,137.30042466423484,138.7861785888672,8868100
2023-09-29,JPM,139.7359289492838,139.88637395090447,136.2190169681453,136.36947631835938,11917800
2023-10-02,JPM,136.1908141533554,136.93368391413614,134.12204820895175,135.1940460205078,9170600
2023-10-03,JPM,134.6580429468487,135.02477867086904,133.85875449633997,134.19728088378906,9431100
2023-10-04,JPM,134.64864342376092,134.91194012848763,133.46379390389643,134.79910278320312,8128700
2023-10-05,JPM,134.55276348943536,135.55690077931655,133.40655325446727,135.367431640625,8576200
2023-10-06,JPM,135.37694433963748,138.1903911218125,134.64752846347048,137.45150756835938,10270600
2023-10-09,JPM,136.0873952575736,137.7356670989599,135.93582571105355,137.13888549804688,6964900
2023-10-10,JPM,137.75463145002604,139.03347614529983,137.62201169643586,137.97250366210938,11288800
2023-10-11,JPM,138.78717603176514,139.46922462849858,137.3757259962922,138.44615173339844,8698200
2023-10-12,JPM,138.58826087525622,139.2134745307247,137.47993546118224,138.12408447265625,10484400
2023-10-13,JPM,140.67226765606853,145.0392659035703,140.04705410852486,140.19862365722656,29427000
2023-10-16,JPM,141.57220133475337,141.63851843881218,138.98610891137227,140.05654907226562,12663500
2023-10-17,JPM,139.7913175888073,141.43958969955224,139.052419542389,139.75341796875,11482700
2023-10-18,JPM,138.86297533908285,139.706061268437,137.7072825656575,138.2188262939453,9620300
2023-10-19,JPM,137.8114567626337,139.2702884043397,137.24309262471562,137.6314697265625,11143600
2023-10-20,JPM,136.94942649571723,137.48937311336277,134.6285594440336,135.41481018066406,13332900
2023-10-23,JPM,135.40535277788072,136.1063366664098,133.31183988001058,133.56761169433594,10133400
2023-10-24,JPM,133.7476332843503,134.25916259068111,132.96138228494746,133.7286834716797,8881400
2023-10-25,JPM,133.16030402699906,133.7381359302068,132.1561664323438,132.99925231933594,8242600
2023-10-26,JPM,132.39296772266337,134.20229129970062,132.08036094329557,133.3402557373047,9109400
2023-10-27,JPM,131.62564403609548,131.76774588645773,128.06384691911668,128.53749084472656,17434700
2023-10-30,JPM,129.24799226425498,130.76364457019,128.8690683469191,130.17633056640625,9855500
2023-10-31,JPM,130.45104346496146,131.9003930222097,130.2236891298068,131.72987365722656,9672500
2023-11-01,JPM,131.90988322864285,133.1224109809578,131.17099958127815,131.61622619628906,9432000
2023-11-02,JPM,132.70560479630942,134.02233485906768,131.89093633956514,133.9654998779297,10186200
2023-11-03,JPM,134.69488772667842,136.19160455337342,134.37281326452674,135.46218872070312,9538700
2023-11-06,JPM,135.62323960267491,136.589477540853,135.26326548846805,136.4852752685547,7625100
2023-11-07,JPM,135.9452860871207,136.65575203700607,135.29166955497826,136.41893005371094,6297900
2023-11-08,JPM,136.51369114592342,137.20520742421806,136.049514764893,137.09153747558594,7618200
2023-11-09,JPM,137.77357879262672,137.97250119221647,136.12529235225335,136.68418884277344,7992500
2023-11-10,JPM,137.29996029086482,138.75877782551825,136.4852918234821,138.71141052246094,7983300
2023-11-13,JPM,138.01988781690304,138.54089921767564,137.50835854898958,138.09567260742188,6676300
2023-11-14,JPM,138.94821168974792,141.38274904699387,138.79665657901384,140.61544799804688,9927700
2023-11-15,JPM,140.63438110068913,142.24476778987932,140.63438110068913,141.84690856933594,8365300
2023-11-16,JPM,142.1784843279759,143.5425816665274,142.1784843279759,143.466796875,8126200
2023-11-17,JPM,144.1772588984719,144.8024725697852,143.5520452271586,144.76458740234375,7812400
2023-11-20,JPM,144.06359767055616,145.6455673011771,143.91202808266553,145.20980834960938,7019000
2023-11-21,JPM,145.12453420331482,145.53187560312782,144.52775252863756,144.9066619873047,7083500
2023-11-22,JPM,145.3234654437586,145.76869199043034,144.84033928000449,145.2476806640625,5174500
2023-11-24,JPM,145.4939767932843,146.29917746551416,145.20031979301464,145.4466094970703,3496900
2023-11-27,JPM,145.3423911390429,145.4371257209846,144.6603570760402,145.11505126953125,6259100
2023-11-28,JPM,145.1434848193456,145.75921630671945,144.66984076614435,145.4466094970703,6582700
2023-11-29,JPM,146.04339921623102,147.4264461508105,145.88236197975067,146.1855010986328,9126100
2023-11-30,JPM,146.74439687209036,147.90008946187166,146.24233535655063,147.85272216796875,9869800
2023-12-01,JPM,147.606408578201,149.53886954814033,147.606408578201,148.5726318359375,8916000
2023-12-04,JPM,147.79590474217898,149.7188985762758,147.66328497618852,149.6620635986328,9607500
2023-12-05,JPM,148.97053122729264,150.1451737523716,148.69582402014166,149.6431121826172,9135600
2023-12-06,JPM,150.4672246773074,150.82719874806344,147.77693018657288,148.07058715820312,9366000
2023-12-07,JPM,148.4305789322475,149.0178929455568,147.9190352491648,148.52529907226562,8130900
2023-12-08,JPM,148.97050092478986,150.41038268611402,148.70526144960743,150.16409301757812,7369400
2023-12-11,JPM,150.16410270169644,150.90298620942215,149.81359630123396,150.71353149414062,8093900
2023-12-12,JPM,150.83667559584973,152.18182292300537,150.50513344346612,152.05868530273438,10223000
2023-12-13,JPM,152.05869172694915,153.48909157190943,151.34822564322266,152.57022094726562,12379100
2023-12-14,JPM,153.299648728851,156.1509809623848,153.18597877206992,155.34579467773438,13643000
2023-12-15,JPM,154.48373746814988,156.5677682945357,153.83010639865176,156.52040100097656,20309300
2023-12-18,JPM,157.17404014465845,158.32026510801109,156.89933295505307,157.4676971435547,8469600
2023-12-19,JPM,157.24979566628645,159.58959799912404,156.82351899061453,159.57064819335938,10345700
2023-12-20,JPM,159.13492535722085,160.4800726590447,157.6760936599054,157.7708282470703,10734700
2023-12-21,JPM,158.04553227748778,159.22964232114157,156.94667468790465,158.67074584960938,7601700
2023-12-22,JPM,158.67075387718188,159.3622701304102,158.41498204756135,158.57601928710938,6576300
2023-12-26,JPM,158.63286874261556,159.87381381865765,158.36761478125823,159.5138397216797,4683600
2023-12-27,JPM,158.99282920902155,160.53691341777682,158.74653950976872,160.47059631347656,6428600
2023-12-28,JPM,160.4232450918324,161.6641901868301,160.09168847592298,161.3231658935547,6320100
2023-12-29,JPM,161.03896292625708,161.69259397084912,160.68847098531793,161.13369750976562,6435100
2024-01-02,JPM,160.1769417494101,163.0945908390409,160.00643682914077,163.00933837890625,9977400
2024-01-03,JPM,162.80093544417744,162.9714403661268,161.38947095422876,162.2988739013672,9852300
2024-01-04,JPM,162.64200181002505,165.2249889082347,162.54668305166135,163.37591552734375,11972500
2024-01-05,JPM,163.4330960040298,165.25357661087241,163.4330960040298,164.1956024169922,10066000
2024-01-08,JPM,163.95733642578125,164.2813969569435,161.545920016577,163.95733642578125,11229900
2024-01-09,JPM,163.57605253977218,163.73808278220446,162.1273064155779,162.6610565185547,9923600
2024-01-10,JPM,162.0319849264367,163.06136634061303,161.03119622846532,163.00418090820312,9670200
2024-01-11,JPM,162.34654010755642,162.37513282741753,160.73574901857515,162.3179473876953,11919500
2024-01-12,JPM,165.6538904699053,168.04623999703182,160.98354774460927,161.12652587890625,19436500
2024-01-16,JPM,157.14243736078933,160.21151515002774,156.59916117294043,160.1162109375,17206400
2024-01-17,JPM,159.49668997215466,161.1456145088664,158.68653860841985,159.25840759277344,11107500
2024-01-18,JPM,159.28698002537405,159.67776656824674,157.4951066503195,159.5729217529297,9382300
2024-01-19,JPM,159.69682190226158,162.57527654660007,159.24884995436918,162.32745361328125,13115700
2024-01-22,JPM,162.47045721383148,163.91920354895163,161.7556101053545,162.13685607910156,12837500
2024-01-23,JPM,161.71745692199738,161.79370901610295,160.54511188027425,161.0693359375,8360800
2024-01-24,JPM,161.42197810648736,162.99463562700143,160.94541345862262,162.508544921875,9967100
2024-01-25,JPM,164.2337218321671,164.8818573759675,162.8993465119901,164.83419799804688,8873500
2024-01-26,JPM,164.51967362135542,164.9485789616812,163.72857443899406,164.20513916015625,7443000
2024-01-29,JPM,164.1670395473461,164.73890855334298,163.27109543998793,164.63406372070312,6971200
2024-01-30,JPM,164.72938024672698,168.47517236034656,164.72938024672698,168.00814819335938,10822100
2024-01-31,JPM,167.94140729707823,169.94298497281716,166.1685859265556,166.18765258789062,11521800
2024-02-01,JPM,165.50139530281825,166.64514772156565,163.3949728422143,165.58717346191406,9354800
2024-02-02,JPM,165.17731524669946,167.57920522249475,165.13918192921102,166.540283203125,8607600
2024-02-05,JPM,165.71108842584943,166.88343358893525,164.81514440685976,166.3210906982422,7820200
2024-02-06,JPM,166.42592096467948,167.626858743029,165.61575517744677,166.89295959472656,6764800
2024-02-07,JPM,167.45532725491395,167.6268835871332,165.80641726186371,167.20750427246094,7225500
2024-02-08,JPM,166.79764812133146,167.09311591388456,165.43468003475408,166.60702514648438,6060300
2024-02-09,JPM,166.7976486241064,166.89296738361762,165.52998474933108,166.8071746826172,6296700
2024-02-12,JPM,166.58794275909298,168.52279413115167,165.55856133977713,167.55059814453125,8539300
2024-02-13,JPM,167.10264500375442,167.9699816610953,164.52918411800974,166.09231567382812,8397600
2024-02-14,JPM,166.86437705636513,167.84609921027982,166.24483419786299,167.7793731689453,7056700
2024-02-15,JPM,167.8937343759437,171.7634518732101,167.8937343759437,171.4393768310547,8723400
2024-02-16,JPM,171.19154963479215,171.54420281252945,169.80951509500167,170.63873291015625,8152600
2024-02-20,JPM,170.79125525671367,172.00173363675566,170.04781550672885,171.30593872070312,9668000
2024-02-21,JPM,171.51561163249343,172.50687423160645,170.15264373821137,172.42108154296875,7024000
2024-02-22,JPM,173.29801377657841,174.82301226014678,172.7451969178192,174.4894256591797,9296500
2024-02-23,JPM,175.19470112930267,176.51955032615737,174.60376559423926,175.36627197265625,7105800
2024-02-26,JPM,175.1374974088103,175.8142255666887,173.92701920485217,174.76577758789062,7145400
2024-02-27,JPM,174.718140230457,174.93735591051686,173.69829938040482,174.85157775878906,5717100
2024-02-28,JPM,174.83253719077322,176.51958047785345,174.3845797059211,175.73802185058594,6131600
2024-02-29,JPM,176.95800272580232,177.69190187097396,175.23284088916765,177.33924865722656,9643000
2024-03-01,JPM,176.9961332386516,177.70145425651842,176.4242643035929,176.6053466796875,6311800
2024-03-04,JPM,176.0525545827284,178.7975576256145,175.6331752799481,177.93020629882812,7063600
2024-03-05,JPM,177.62518409467728,180.4273866766866,177.62518409467728,179.71253967285156,6617800
2024-03-06,JPM,180.37973138798867,181.16130444415123,178.83566647867224,180.6466064453125,7572900
2024-03-07,JPM,181.00879937810365,181.57114220733695,177.882536255817,179.0644073486328,7618300
2024-03-08,JPM,179.60771515433038,181.5330407077065,179.11208377013827,179.3980255126953,6172200
2024-03-11,JPM,178.5020662570391,179.60769981055208,177.49175145743587,179.4647216796875,5762600
2024-03-12,JPM,180.09380825926033,181.24710130313005,179.10256002169075,180.9420928955078,5708400
2024-03-13,JPM,181.4377312112628,182.7435139651818,180.94209980175992,182.40992736816406,7795500
2024-03-14,JPM,182.07630255175962,182.6481859917152,178.3305111052107,179.15972900390625,10310900
2024-03-15,JPM,177.73957742644203,181.99054121239186,177.73957742644203,181.3805389404297,17214200
2024-03-18,JPM,181.69506181540558,183.6680321068183,180.989740825109,183.62991333007812,9013800
2024-03-19,JPM,183.6775727454706,184.84037723128353,183.36303829879972,184.70693969726562,8478700
2024-03-20,JPM,185.08821790281664,187.34713013909908,184.53540105364505,187.12791442871094,9367000
2024-03-21,JPM,187.3090074968124,190.08260320108212,187.12791057055531,189.72994995117188,11203800
2024-03-22,JPM,189.68226010163048,191.08336136082147,187.32802952563463,187.40428161621094,8108800
2024-03-25,JPM,187.38525947737247,187.70932000646243,185.25024423049462,185.68869018554688,8620000
2024-03-26,JPM,185.46944807092873,187.44243292704115,184.96429064801697,186.55601501464844,5961500
2024-03-27,JPM,187.28992589560684,190.2446328340464,187.17555502229447,190.1683807373047,8725800
2024-03-28,JPM,190.13977178308275,191.31211676523003,189.23428730134387,190.91180419921875,8628300
2024-04-01,JPM,190.6163742122948,191.52184432986456,189.2629320655986,189.61558532714844,7309000
2024-04-02,JPM,189.09131945159734,190.4161685842863,188.79585169837588,189.53929138183594,7014700
2024-04-03,JPM,189.71087593046866,190.2065073077986,188.43368598081162,189.0055694580078,9353400
2024-04-04,JPM,190.92294758736315,191.43105169111553,187.47167525782456,187.56753540039062,9243800
2024-04-05,JPM,188.0564797235353,189.93550239099562,187.0498531231776,189.29318237304688,6532300
2024-04-08,JPM,189.4561511095411,190.7599689797472,189.4561511095411,190.28062438964844,8001000
2024-04-09,JPM,189.88757639283557,190.6641123023522,186.85811501755413,189.0055694580078,7351500
2024-04-10,JPM,187.47167064410988,188.9288822825521,186.15825653019593,187.3949737548828,7681400
2024-04-11,JPM,187.90307299515135,188.44953283112304,185.25709621308906,187.3566131591797,10137700
2024-04-12,JPM,180.54036501343975,181.12515140756062,174.99912773840998,175.23880004882812,31532300
2024-04-15,JPM,176.8781304650247,179.71585650140818,174.67314271511265,175.3346405029297,14766600
2024-04-16,JPM,175.34421656606602,175.59348507440095,172.22847723934825,173.3309783935547,16451800
2024-04-17,JPM,173.87746502819599,174.8840916689121,171.79711110588238,172.64076232910156,9017100
2024-04-18,JPM,173.61860787689943,175.78524005173225,172.5352844752654,173.7624053955078,9557700
2024-04-19,JPM,174.86488374948237,178.20113230723476,173.91579091483374,178.1244354248047,13402300
2024-04-22,JPM,178.30659681566635,182.27556923453258,178.29700056215378,181.58531188964844,11529700
2024-04-23,JPM,183.23425914662198,184.28880841859586,182.64945818883783,184.20252990722656,9144400
2024-04-24,JPM,182.65903852652195,185.24749624840408,182.313909855042,185.10369873046875,6964900
2024-04-25,JPM,184.30798671411355,185.92817369729963,183.28218231517408,185.3817138671875,9802300
2024-04-26,JPM,185.57344675747706,186.81973082192815,185.08450597891687,185.4967498779297,6413700
2024-04-29,JPM,185.48717558117502,186.23495195973294,184.48054903205914,185.29544067382812,5387800
2024-04-30,JPM,184.8448357100977,186.93478547211615,183.7231712629308,183.8190460205078,8153700
2024-05-01,JPM,184.3271633446403,186.42669488243652,182.90829289804591,183.93409729003906,7445300
2024-05-02,JPM,185.09409510958633,185.5063243643034,181.6907461813504,183.74234008789062,6501700
2024-05-03,JPM,184.06831413963806,184.57641821151952,180.67456103420002,182.63986206054688,8922800
2024-05-06,JPM,183.80946343667284,184.260048499611,181.97837830963059,184.0683135986328,7911100
2024-05-07,JPM,183.78069116101713,184.95987461709856,183.7327537819952,183.82862854003906,7688800
2024-05-08,JPM,183.109636489073,188.5262245966685,183.109636489073,187.56753540039062,9227600
2024-05-09,JPM,187.10736271795474,189.42738874358233,187.04026208314102,189.3411102294922,7977300
2024-05-10,JPM,190.33814573852757,191.1051000177961,190.07931018916793,190.55865478515625,7529800
2024-05-13,JPM,190.58739418867287,191.5940206597629,189.85878111742107,190.52027893066406,7049200
2024-05-14,JPM,190.77912056033855,193.25254005969873,189.9738252708075,193.1854248046875,8596200
2024-05-15,JPM,193.6647758753469,194.3166920568384,191.5173216973383,193.76065063476562,8370000
2024-05-16,JPM,193.866101662291,196.03273365800683,193.64560727584146,194.10577392578125,8497900
2024-05-17,JPM,195.39042954302607,196.5792093322775,194.43174041156257,196.32994079589844,9260500
2024-05-20,JPM,195.94646044000078,197.37491243517428,187.32784034615054,187.5004119873047,17373300
2024-05-21,JPM,188.86174835342052,191.64194082806156,188.47827857361983,191.27764892578125,14420800
2024-05-22,JPM,190.7791278137312,192.6389869781935,189.52324745359738,190.1176300048828,9425300
2024-05-23,JPM,189.63829745126534,190.10806039860006,187.97018770099368,188.78506469726562,8069400
2024-05-24,JPM,189.58077653024836,192.4664255616402,189.398623253968,192.4185028076172,7356200
2024-05-28,JPM,191.6036278494041,192.13090984541736,190.45320371256201,191.2584991455078,6910200
2024-05-29,JPM,189.82044693132437,190.76955443221763,188.75630141642043,189.9259033203125,6120000
2024-05-30,JPM,190.3573404393054,191.59405779816234,190.20394664420976,191.0955352783203,6829100
2024-05-31,JPM,191.06673418033685,194.901490452382,190.15598249141297,194.25917053222656,14417900
2024-06-03,JPM,193.95239907688003,194.05785546823523,190.9612936179844,193.48265075683594,6444300
2024-06-04,JPM,191.89119940422094,193.63600582884024,190.08885935002272,190.93251037597656,6848300
2024-06-05,JPM,191.50773045425237,191.56526408846938,188.78505690537415,189.1110076904297,8351600
2024-06-06,JPM,189.11099931395754,189.8396123640848,187.26073644389058,188.7754669189453,7640300
2024-06-07,JPM,189.27399483794662,192.61982529027472,188.87134714402987,191.6898956298828,6964500
2024-06-10,JPM,191.0092270817566,192.54312090911645,190.24227285385908,191.3639373779297,6070800
2024-06-11,JPM,189.73415971337363,189.76291921555642,185.60221211085312,186.330810546875,9235300
2024-06-12,JPM,187.9030786059077,188.5933359833063,183.406824027288,183.61773681640625,12751300
2024-06-13,JPM,184.3751194659853,186.54175185638388,182.99460463625155,185.65975952148438,8587800
2024-06-14,JPM,183.54101774777556,186.81015095563032,183.5122582462289,185.77476501464844,6874000
2024-06-17,JPM,185.48716772913508,187.50042074214187,184.68187237530643,186.92520141601562,8725400
2024-06-18,JPM,186.5609073499265,189.78210335662163,186.11032229627904,188.86175537109375,9023000
2024-06-20,JPM,188.276958498773,191.21054490916163,188.00852671144565,190.4627685546875,8731100
2024-06-21,JPM,188.58375516180442,189.02474399297842,186.19661383575362,188.19068908691406,20972100
2024-06-24,JPM,189.63830383493246,190.99964071138498,188.95764271092415,190.6641082763672,9785900
2024-06-25,JPM,189.90670597268976,191.80492077987228,189.57117359007896,189.88754272460938,6862500
2024-06-26,JPM,189.29314943452172,189.76291233386254,188.17148500476569,189.2739715576172,7758600
2024-06-27,JPM,189.28358009107907,191.6036059802996,188.76587978010525,190.94210815429688,7913500
2024-06-28,JPM,191.74741410626976,194.23043015450833,191.06675299288662,193.9044647216797,15307600
2024-07-01,JPM,194.46051287571873,198.53494195599288,194.28795584220356,196.9626922607422,10205800
2024-07-02,JPM,196.8093110631331,200.23183873105762,196.31080318214487,200.2030792236328,7802900
2024-07-03,JPM,200.89332093759472,201.68903471376527,199.07180271542398,200.06884765625,5560900
2024-07-05,JPM,199.53863075110766,199.90494123598646,197.1575464066805,197.41781616210938,8093100
2024-07-08,JPM,197.65882429121405,199.45186733579698,196.6273505271732,197.78414916992188,8707000
2024-07-09,JPM,198.22760639114142,202.2089220462034,198.05407849563014,200.15560913085938,9058900
2024-07-10,JPM,198.71922757684789,200.48335172261358,198.17938920186893,200.31947326660156,8328500
2024-07-11,JPM,198.7867338675259,200.60869591324348,197.98661094561373,199.98208618164062,10658100
2024-07-12,JPM,196.65627534258937,199.9820770572198,194.82467866192138,197.56243896484375,15443400
2024-07-15,JPM,199.7314503097893,203.99233468764302,199.2783684798156,202.48849487304688,10719700
2024-07-16,JPM,202.44028200402863,206.04565232180363,200.58940119084525,205.92996215820312,11557000
2024-07-17,JPM,206.1034814139679,209.72812101590785,205.59256190040833,209.06295776367188,11572500
2024-07-18,JPM,207.86760619146685,208.84124221450833,201.7076384383101,202.42098999023438,12415100
2024-07-19,JPM,203.59707529601897,204.70568563674118,201.3991534690736,202.2281951904297,8095900
2024-07-22,JPM,202.883717700245,204.53215166667349,202.16071673369055,202.71018981933594,7663200
2024-07-23,JPM,203.42355557512025,203.86698792954928,201.81367519196866,202.75839233398438,5557300
2024-07-24,JPM,202.0064718741431,204.39719093826727,200.57975409339878,201.08102416992188,7119000
2024-07-25,JPM,201.13884268857052,202.62341276054366,200.5604507994631,201.1581268310547,6403800
2024-07-26,JPM,201.7076360111633,205.48651931773958,201.10994520654938,204.59963989257812,8027800
2024-07-29,JPM,204.99487998321382,205.9203277459261,202.97048598586377,203.2596893310547,6533600
2024-07-30,JPM,205.5540018271571,208.02184290665085,205.2937320559166,207.44345092773438,8850700
2024-07-31,JPM,207.0481836547856,208.60022622835376,205.01414046469927,205.13946533203125,9071600
2024-08-01,JPM,205.5250819532728,206.13240750216778,198.9506004887708,200.47372436523438,10918600
2024-08-02,JPM,196.54057784566848,197.3021323543609,189.80220387142558,191.97120666503906,18041700
2024-08-05,JPM,187.06445780696276,189.10813588433086,184.0278448440605,187.88385009765625,13927000
2024-08-06,JPM,188.3658523579827,195.30667364113896,187.01625639153167,193.12802124023438,10605800
2024-08-07,JPM,196.1838811464482,198.34324915440877,192.99303949169902,193.1858367919922,9204400
2024-08-08,JPM,195.18133758602812,197.53350302957801,194.52580907593605,196.71409606933594,7761200
2024-08-09,JPM,196.14535459603678,199.0373586273821,195.59586676952446,198.3914794921875,5540200
2024-08-12,JPM,198.97953754481946,199.68325446598766,196.32853362766434,198.7674560546875,6936000
2024-08-13,JPM,200.25197526267817,200.59901630057058,198.00585058819286,200.4544219970703,6387800
2024-08-14,JPM,200.26165785619665,203.17293151843467,199.66396698059305,202.67166137695312,6999800
2024-08-15,JPM,205.33229307174528,206.19025370793764,203.50069634128775,203.9344940185547,7001000
2024-08-16,JPM,204.06944265968446,206.38303995381162,203.9730366434738,206.26736450195312,7931200
2024-08-19,JPM,206.29627759905622,207.77119840700038,206.12276442611807,207.69407653808594,6090800
2024-08-20,JPM,207.26027814783114,208.224279441542,205.98778937957647,206.7975616455078,5640000
2024-08-21,JPM,206.71080165097436,207.26028947898703,205.17804304045464,206.87469482421875,5202300
2024-08-22,JPM,206.8554135333752,208.9954977287081,206.62404791162533,208.8316192626953,5247100
2024-08-23,JPM,209.76667818866437,211.299436648114,208.70627092832652,210.45111083984375,7214000
2024-08-26,JPM,211.12593813281453,211.77181729592928,210.2005050400954,211.28018188476562,5105200
2024-08-27,JPM,211.60792033180917,212.48516504618274,211.2994475643601,212.25379943847656,5185200
2024-08-28,JPM,211.35728113662915,214.2107314043105,211.299443413212,213.32383728027344,6506400
2024-08-29,JPM,214.15288670074474,214.9530095590424,211.05845071030296,214.2107391357422,6416100
2024-08-30,JPM,214.49028314488254,217.36300281845735,213.94079535896643,216.70748901367188,8574100
2024-09-03,JPM,214.297494197532,216.03269949777572,211.34765254186397,212.36949157714844,8956100
2024-09-04,JPM,213.08285179473262,214.0757867173276,209.39073957096207,211.43441772460938,7389500
2024-09-05,JPM,212.2248812160305,212.85149088939755,208.2532005501347,209.7956085205078,8067900
2024-09-06,JPM,209.76667224642696,210.8656330535133,203.49101486350727,204.81170654296875,7777000
2024-09-09,JPM,207.44346464324533,210.2969005640103,206.46981381036423,209.00514221191406,8935100
2024-09-10,JPM,210.7307122448926,210.769265828774,193.38832173704978,198.16012573242188,28406900
2024-09-11,JPM,197.86127052265937,200.22307080989853,194.56438778018585,199.76998901367188,13658700
2024-09-12,JPM,200.1748482086534,201.26417429842346,197.514210126776,199.16265869140625,9054400
2024-09-13,JPM,199.41330902113066,200.3676756012256,195.71154756841665,196.96475219726562,10226700
2024-09-16,JPM,198.42038268062674,200.71471040461438,198.18901708097934,200.37730407714844,8634900
2024-09-17,JPM,200.2519838182576,202.37278371399074,200.18451137690533,201.71726989746094,7573300
2024-09-18,JPM,201.48590664975958,203.73203144648693,199.25906599771233,200.05918884277344,8259900
2024-09-19,JPM,202.22818666728926,204.2815140938797,199.87602119841407,202.90298461914062,11635200
2024-09-20,JPM,202.37279798547686,203.80916530403834,201.9582844621734,203.4910430908203,20885000
2024-09-23,JPM,203.40428249196864,204.17548650492685,202.4306464351734,203.8284454345703,7223500
2024-09-24,JPM,203.54887478135018,205.2840801158477,202.79695492131674,203.97303771972656,7323200
2024-09-25,JPM,204.05978081621666,204.59963388085862,201.10030458012938,202.62342834472656,8976500
2024-09-26,JPM,203.5296028527362,204.07907595472616,201.48591005736264,202.2281951904297,7807500
2024-09-27,JPM,203.06688130801132,204.79245198574228,201.79440715731258,202.9222869873047,7032500
2024-09-30,JPM,198.88310870703359,203.3657236421353,197.87090438559173,203.26931762695312,8663800
2024-10-01,JPM,201.37986551461756,201.56302811498028,198.76743023115927,199.58682250976562,8540100
2024-10-02,JPM,199.62541827841943,201.4280962489929,198.2854568764889,199.82785034179688,5810900
2024-10-03,JPM,198.7481435436215,199.05663101596807,196.9840194235567,197.84197998046875,7251300
2024-10-04,JPM,203.00191264193967,205.30059173762103,200.68383122656712,204.8641357421875,10211700
2024-10-07,JPM,204.67982149201012,206.91061434984078,203.3801474512296,204.58282470703125,6718900
2024-10-08,JPM,204.2433814525666,204.97081299762056,202.10958521366825,204.40826416015625,6021800
2024-10-09,JPM,203.38987804339538,207.79327240536833,203.07951491459352,206.99794006347656,7024000
2024-10-10,JPM,208.34608508892396,208.34608508892396,205.10659358890175,206.43536376953125,7927100
2024-10-11,JPM,209.18020708117118,217.8705955254054,208.68555897315463,215.6009979248047,18320700
2024-10-14,JPM,216.48361275309927,216.96856708937395,212.29361498349442,214.81536865234375,9048900
2024-10-15,JPM,216.92980160195145,218.66593180883564,215.14517299607007,215.69801330566406,9235800
2024-10-16,JPM,215.63982224842857,216.94919023024082,214.38863162622326,216.910400390625,6382500
2024-10-17,JPM,217.521435503585,219.0538930763408,216.59031660888084,217.6669158935547,6470200
2024-10-18,JPM,218.22947162354006,219.12178590933368,216.3866508941279,218.5883331298828,7000500
2024-10-21,JPM,218.44284085419463,218.90839289110613,216.19264554312963,216.28964233398438,5870000
2024-10-22,JPM,216.30905529120685,218.50104375579213,214.4468322523353,217.37594604492188,9586800
2024-10-23,JPM,216.9298093573414,218.03550481569224,215.8338076592832,216.6873321533203,6180500
2024-10-24,JPM,215.1548460427767,218.28764696123304,214.9899633417666,218.21005249023438,6002200
2024-10-25,JPM,218.22946395257756,218.83080262847554,214.23344472630617,215.6204071044922,6369700
2024-10-28,JPM,216.62910356108065,218.85018786454796,216.24113122011306,218.7144012451172,6843000
2024-10-29,JPM,218.43315914614644,219.92681213014208,216.1053692338975,216.19265747070312,6580000
2024-10-30,JPM,215.84348713272396,219.5000472712289,214.91238301870854,217.6572265625,7110900
2024-10-31,JPM,217.93850223567313,218.89871726600515,215.1451749831653,215.24215698242188,7829900
2024-11-01,JPM,216.83278396329408,219.34484391378845,215.9986618994674,216.2314453125,6923500
2024-11-04,JPM,215.9501522187724,217.02675139837888,212.57487430418087,213.16651916503906,8229600
2024-11-05,JPM,213.40901525279463,215.28094678500298,213.37991917505954,214.82508850097656,5600700
2024-11-06,JPM,227.92855883805424,240.53737273122323,227.70548396691856,239.6256561279297,23987800
2024-11-07,JPM,237.14268290793603,237.21058362240817,228.1419311373641,229.26702880859375,16451100
2024-11-08,JPM,232.13795371871322,232.13795371871322,228.68508098059854,229.84896850585938,9502100
2024-11-11,JPM,232.7781040164942,234.81491834649185,231.8081952497588,232.08946228027344,9017100
2024-11-12,JPM,233.31154859132423,234.194169089919,231.57540367214264,232.35133361816406,6861000
2024-11-13,JPM,233.34063416784122,236.74500833825084,233.07875467792292,233.90318298339844,11472600
2024-11-14,JPM,235.12526487780747,236.93898940783777,233.79649469695167,234.59181213378906,10172200
2024-11-15,JPM,234.1941593644623,239.00489819067897,234.1941593644623,237.9282989501953,11518800
2024-11-18,JPM,240.30460043640826,240.46948315746513,235.37746192618306,237.65675354003906,9051400
2024-11-19,JPM,234.96039616359047,237.77312563640768,234.28146299425183,235.77511596679688,6792700
2024-11-20,JPM,237.04567156138626,237.2493588926639,231.4590029846222,233.53460693359375,9015300
2024-11-21,JPM,235.9109076984406,238.10291100634333,234.82461460402516,237.39486694335938,8783500
2024-11-22,JPM,236.2794645809059,241.6527523940075,235.71691574566026,241.07081604003906,7997300
2024-11-25,JPM,242.07953542341588,246.65750617332893,241.56548494002442,242.7584686279297,10295400
2024-11-26,JPM,242.95241570865383,243.44706377730628,240.86710329452777,242.44805908203125,6212100
2024-11-27,JPM,241.8467358877818,243.63136431157088,241.2841870760072,242.2734832763672,5472300
2024-11-29,JPM,242.34139881448183,244.19392806320383,241.94373267843793,242.2056121826172,5494800
2024-12-02,JPM,242.04074411571574,242.71967731611377,237.65675219372102,238.8400421142578,8899700
2024-12-03,JPM,240.76044150846369,241.54606521705796,237.2687789369744,237.45306396484375,6657700
2024-12-04,JPM,237.3366594350314,237.96710897912115,234.9409837266818,236.07577514648438,7346300
2024-12-05,JPM,238.00589719302252,239.74202726798555,237.2590633441886,238.0931854248047,6572500
2024-12-06,JPM,238.30657391988672,240.28519603281265,237.47245181338516,239.9166259765625,5519700
2024-12-09,JPM,239.69355385728022,240.4112768597183,236.4249513096585,236.47344970703125,7076500
2024-12-10,JPM,236.55105259242768,240.49858844470623,234.93130670009893,235.5520477294922,9108300
2024-12-11,JPM,236.6577473583617,236.91962687843437,234.89250623735623,236.20188903808594,7884400
2024-12-12,JPM,235.68782146085866,236.75472698403252,233.78679383764873,234.26205444335938,6113800
2024-12-13,JPM,234.7858200575525,235.4162548301433,231.94397970195718,232.71990966796875,10392700
2024-12-16,JPM,233.36973231358596,233.42792446749883,230.3727179900156,232.3707275390625,9032000
2024-12-17,JPM,231.46872125413844,231.8275975615697,229.50951620113162,231.1874542236328,8083600
2024-12-18,JPM,231.80818316746954,231.87608388142587,222.62314644125652,223.4378662109375,11322400
2024-12-19,JPM,225.28069654614558,229.24761955351914,225.28069654614558,225.94993591308594,11790800
2024-12-20,JPM,224.941228167182,232.0118710112261,224.6211565141942,230.4503173828125,32348400
2024-12-23,JPM,228.966372067765,231.43962760916577,227.81217825530683,231.216552734375,8611500
2024-12-24,JPM,232.2252432886818,235.19317647466937,231.8760903487652,235.01858520507812,3729100
2024-12-26,JPM,234.16505795563904,235.93999271034167,233.54431695942878,235.8236083984375,4451800
2024-12-27,JPM,235.41624907067862,236.0660861464205,232.8168859680783,233.9128875732422,5730200
2024-12-30,JPM,231.58510803780834,233.59281138216528,229.97505601890364,232.11856079101562,5723800
2024-12-31,JPM,232.8265915853147,234.17476411638413,231.83728054536303,232.496826171875,4871000
2020-01-02,BAC,30.181848048341294,30.446527390556714,30.130622099970356,30.42945098876953,37614200
2020-01-03,BAC,29.865951754277773,30.011099584696417,29.67811453502715,29.797649383544922,50357900
2020-01-06,BAC,29.379280361959722,29.797644115326307,29.34512755413571,29.75495147705078,42185000
2020-01-07,BAC,29.626882196890538,29.814716118736396,29.48173439770099,29.558576583862305,34149000
2020-01-08,BAC,29.515885089520204,30.045240524599247,29.4988086874866,29.857406616210938,45311600
2020-01-09,BAC,30.139166506398414,30.164782744232888,29.831797708316415,29.908639907836914,39861600
2020-01-10,BAC,29.88302803494895,29.94279383045952,29.59273563232978,29.661041259765625,39730400
2020-01-13,BAC,29.746414601147094,29.94278835865202,29.592730224492634,29.93425178527832,37956100
2020-01-14,BAC,30.13915643334372,30.455061700461613,29.97693551390272,30.156232833862305,66719300
2020-01-15,BAC,29.68664505413543,29.703721455709584,29.319510562767512,29.60126304626465,74745500
2020-01-16,BAC,29.797647254515137,29.874489451718993,29.54150442584137,29.643962860107422,50368500
2020-01-17,BAC,29.81471911968935,29.840335355648747,29.541503154058084,29.635421752929688,54156100
2020-01-21,BAC,29.38781723472955,29.473199255159177,29.217059707852403,29.251209259033203,50811000
2020-01-22,BAC,29.345128294256853,29.413433911627624,29.225596720849097,29.336591720581055,38879700
2020-01-23,BAC,29.106064649982745,29.25120919892829,28.79869589104977,29.131677627563477,45717100
2020-01-24,BAC,29.131677293201346,29.148753697056186,28.405948042821166,28.636474609375,47797200
2020-01-27,BAC,27.808290573251096,28.286420172754006,27.722911799800173,28.047353744506836,57096200
2020-01-28,BAC,28.192499564837675,28.593786936928872,28.13273377626978,28.38033676147461,38834600
2020-01-29,BAC,28.457177258313013,28.551092594041087,28.158345076298577,28.183958053588867,37414700
2020-01-30,BAC,27.9192742215958,28.619390301329013,27.893657994392804,28.585237503051758,50542800
2020-01-31,BAC,28.235185665544137,28.32056442300213,27.876590975831594,28.030275344848633,54845300
2020-02-03,BAC,28.175419952219677,28.516941496861097,28.10711434049506,28.14980697631836,48485500
2020-02-04,BAC,28.65355461759599,28.9438470056625,28.627938380095927,28.70478057861328,45061600
2020-02-05,BAC,29.114602800635332,29.72080377780897,29.088989821667155,29.635421752929688,54604800
2020-02-06,BAC,29.831789582029895,29.891555359044155,29.541497269250392,29.60126304626465,39511500
2020-02-07,BAC,29.302440118401826,29.59273249019799,29.234137755209854,29.5500431060791,31263000
2020-02-10,BAC,29.404900765347026,29.618350982666016,29.353674797665246,29.618350982666016,24373800
2020-02-11,BAC,29.754949769899376,29.917173969260517,29.678107585199584,29.686647415161133,32476300
2020-02-12,BAC,29.951329482265674,30.267234822588566,29.695186672121093,29.81471824645996,36656700
2020-02-13,BAC,29.678107652842357,29.90863420746716,29.498810307131123,29.80617904663086,31775100
2020-02-14,BAC,29.7805677114143,29.848870070071303,29.62688333319727,29.75495147705078,26447700
2020-02-18,BAC,29.686648780835217,29.73787799198872,29.037758467521442,29.259748458862305,40318000
2020-02-19,BAC,29.41343626849585,29.754954611741933,29.379283457073832,29.643962860107422,29632100
2020-02-20,BAC,29.421969743244226,29.951328493543336,29.421969743244226,29.75495147705078,42604100
2020-02-21,BAC,29.4817362720073,29.575654867396565,29.148754529802524,29.336591720581055,46675500
2020-02-24,BAC,28.32910573326881,28.354718710446438,27.765597436424027,27.944894790649414,79159600
2020-02-25,BAC,27.910741170273226,27.97050695327453,26.331211321825737,26.536123275756836,91586800
2020-02-26,BAC,26.8008052754778,26.98010428149548,26.092150711398926,26.15191650390625,80012800
2020-02-27,BAC,25.22980060129729,25.87015088689869,24.683368878702485,24.871204376220703,121148300
2020-02-28,BAC,23.906416508189416,24.546766950373062,23.650276982714114,24.333316802978516,171198800
2020-03-02,BAC,24.205245352451616,25.084658856160146,23.42828700039103,25.076122283935547,147776300
2020-03-03,BAC,25.076126157393315,25.40056969238831,23.581974999017532,23.692968368530273,138698500
2020-03-04,BAC,24.119873085059552,24.265019289118328,23.394142064765678,24.239404678344727,111239800
2020-03-05,BAC,23.405923133475987,23.500440969458275,22.68415444152371,23.010669708251953,110878700
2020-03-06,BAC,21.88506052305564,22.520904269210632,21.56713946942144,22.091279983520508,119121200
2020-03-09,BAC,19.101094754400208,20.183748117334858,18.48243639224607,18.843320846557617,145196000
2020-03-10,BAC,19.977527620604857,20.347004737745404,18.55117524202958,20.28685760498047,134863600
2020-03-11,BAC,19.625234516660694,20.587591852466467,19.126870486611118,19.479162216186523,127347000
2020-03-12,BAC,17.691927837483764,19.65101512833431,17.313858015273333,17.623188018798828,139552600
2020-03-13,BAC,19.06672260445328,20.83677386344994,18.456655383446872,20.759441375732422,128357400
2020-03-16,BAC,17.056086738693217,18.67147354667732,16.824089200224503,17.56304359436035,121688800
2020-03-17,BAC,18.095773267774316,19.496349265059763,17.21074834617437,18.886281967163086,120065700
2020-03-18,BAC,17.41696940547854,18.018442438352874,16.927197968789542,17.863779067993164,148272500
2020-03-19,BAC,17.40837242221643,18.68865231518827,16.325719263842625,18.216066360473633,122461300
2020-03-20,BAC,18.69725035848074,18.765990183226062,16.806902719654392,16.90142059326172,150910400
2020-03-23,BAC,16.549123957746875,16.90141566163302,15.42350904140057,15.535210609436035,181898500
2020-03-24,BAC,16.686607082911245,18.173106696788846,16.334315304798903,18.069997787475586,147882400
2020-03-25,BAC,18.654284602583203,18.98939264018617,17.537262180937276,18.130144119262695,146991300
2020-03-26,BAC,18.310584995580015,19.71975364382514,18.190290730552746,19.522125244140625,116111400
2020-03-27,BAC,18.628508493976355,19.075318125340132,18.1301444094203,18.559768676757812,91522800
2020-03-30,BAC,18.602731447091855,19.204206109224256,18.276217707488325,18.93783950805664,80449100
2020-03-31,BAC,18.748804813931024,19.32450146065159,18.009850468887304,18.24184799194336,95213700
2020-04-01,BAC,17.124822460093274,17.485706887069004,16.763938033117547,16.987342834472656,83961300
2020-04-02,BAC,16.884229399155725,17.86377361226005,16.832674958114275,17.67473793029785,70007400
2020-04-03,BAC,17.52866971130001,17.82081434306222,16.910011358743485,17.21074867248535,68293500
2020-04-06,BAC,18.069995629465783,18.559766987429224,17.880959920156126,18.379323959350586,97766200
2020-04-07,BAC,19.590861714161733,19.659601516570202,18.774576765421923,19.023757934570312,94560300
2020-04-08,BAC,19.255758603203482,20.278264769090086,19.255758603203482,20.149377822875977,81212300
2020-04-09,BAC,20.682112796134113,21.756173507515292,20.664927431419233,21.360919952392578,125275700
2020-04-13,BAC,21.29217485978631,21.352321982507423,20.43292650345914,20.553220748901367,83164700
2020-04-14,BAC,21.05158674851628,21.180473686546254,19.848639262092615,20.389965057373047,88991100
2020-04-15,BAC,19.04094673208285,19.461978302698288,18.82613460591866,19.06672477722168,99082200
2020-04-16,BAC,19.03235274827652,19.083907196140633,18.121549854540905,18.405101776123047,89213300
2020-04-17,BAC,19.195615056441273,20.106418170554335,19.1698370068288,20.00330924987793,92800300
2020-04-20,BAC,19.393240783412086,19.874419544087626,19.058134351373884,19.333093643188477,74446300
2020-04-21,BAC,18.81754586108612,19.221393791652478,18.473846715094282,18.594141006469727,78871300
2020-04-22,BAC,19.040943086068406,19.1010902076554,18.688651397727874,18.731613159179688,49669500
2020-04-23,BAC,18.869094154203733,19.238571229930717,18.77457794426135,18.791763305664062,50614800
2020-04-24,BAC,18.99798884094463,19.16124491016075,18.619918962822478,19.058135986328125,47633500
2020-04-27,BAC,19.35027971873763,20.3212299584493,19.290132576306828,20.16656494140625,66916700
2020-04-28,BAC,21.00862514897742,21.31795347492866,20.493075753876887,20.52744483947754,65504900
2020-04-29,BAC,21.403878777808732,21.575729123519196,21.060179725274168,21.292177200317383,73493900
2020-04-30,BAC,20.802402322796766,20.948474611756122,20.493074022972294,20.6649227142334,55244100
2020-05-01,BAC,20.089231056210743,20.157970876976307,19.599459628395266,19.831457138061523,51772600
2020-05-04,BAC,19.504939407454785,19.754120592152475,19.27294194526688,19.702566146850586,45886100
2020-05-05,BAC,20.175155048848058,20.20952577664166,19.43620242903724,19.470571517944336,45691900
2020-05-06,BAC,19.762713801190444,19.831453609726086,19.101092119730918,19.20420265197754,53874600
2020-05-07,BAC,19.470567729329975,20.080634917866462,19.42760596683405,19.625232696533203,51884300
2020-05-08,BAC,20.1665639028241,20.295452502979995,19.97752980222162,20.25248908996582,45181000
2020-05-11,BAC,19.857231006915804,19.865823687564184,19.384643404572376,19.40182876586914,68951800
2020-05-12,BAC,19.513530456829045,19.608048305657697,18.77457794426135,18.791763305664062,69588700
2020-05-13,BAC,18.611325488930426,18.688657997963972,17.803631305072663,17.932519912719727,112113400
2020-05-14,BAC,17.434150485161965,18.723023060211,17.270892833434278,18.654281616210938,88359100
2020-05-15,BAC,18.387916263086233,18.64569177806565,18.24184396293046,18.422286987304688,64484000
2020-05-18,BAC,19.264349264568853,19.814267718152394,18.963611995683006,19.702566146850586,86589400
2020-05-19,BAC,19.47057250117457,19.76271714662694,19.06672626252528,19.08390998840332,62179000
2020-05-20,BAC,19.487757971165614,19.762717253338028,19.453387241450766,19.68538475036621,59789500
2020-05-21,BAC,19.5994577416491,19.99471290216673,19.573681335647514,19.676790237426758,57726000
2020-05-22,BAC,19.702569013891612,19.719754377788412,19.29872115674935,19.470571517944336,48107000
2020-05-26,BAC,20.407148515445712,21.13750994798627,20.364186753072932,20.862550735473633,119485500
2020-05-27,BAC,22.40060710498949,22.486532278824345,21.455433470578825,22.323274612426758,117672700
2020-05-28,BAC,22.40920261670144,22.460757071959492,21.300772814777083,21.360919952392578,84340800
2020-05-29,BAC,20.982842872119218,21.403874328819654,20.673512969691952,20.725069046020508,113811100
2020-06-01,BAC,20.862554772339493,21.369511533087184,20.664926366079897,21.146106719970703,58375500
2020-06-02,BAC,21.446845569031538,21.816322751644034,21.103146435980406,21.34373664855957,71118100
2020-06-03,BAC,21.91083754181728,22.460756077246657,21.816319678957914,22.33186912536621,86744600
2020-06-04,BAC,22.245339294582212,23.21440967833072,22.12420611548207,23.1711483001709,94545300
2020-06-05,BAC,25.048724792516904,25.100638784588803,24.122915640391046,24.321922302246094,118767900
2020-06-08,BAC,24.737236832379082,25.005461042452534,24.34787777717891,24.6939754486084,79598500
2020-06-09,BAC,23.984472903641407,24.693971702177894,23.837381910694493,24.41709327697754,77773400
2020-06-10,BAC,24.200786634624162,24.31326887234191,22.93753575162542,23.01540756225586,90415300
2020-06-11,BAC,21.613721740932434,22.22804376472049,20.488908999213077,20.705219268798828,149875500
2020-06-12,BAC,21.656980237593533,21.674283801286606,20.800391947934894,21.440670013427734,73729700
2020-06-15,BAC,20.558126388377087,21.778116068152215,20.497559782338303,21.76081085205078,76538900
2020-06-16,BAC,22.652006028975006,22.70392001860141,21.50988835529828,22.323213577270508,96796500
2020-06-17,BAC,22.409743871596877,22.409743871596877,21.56180800058297,21.631027221679688,58349500
2020-06-18,BAC,21.371452100585948,22.054991592136655,21.267622460566074,21.665634155273438,53419000
2020-06-19,BAC,22.011732071772965,22.054993462766117,21.18975244037286,21.847335815429688,127563600
2020-06-22,BAC,21.53584847093977,21.656983336018065,21.293582041415732,21.302234649658203,55484300
2020-06-23,BAC,21.63967799077633,21.985774066834445,21.42336773695048,21.449325561523438,46108300
2020-06-24,BAC,21.23302008344979,21.23302008344979,20.48891211482214,20.60139274597168,75437100
2020-06-25,BAC,20.506209450457625,21.432016925042273,20.376421998620447,21.38875389099121,65031900
2020-06-26,BAC,20.84364979549563,20.860955006568066,19.917842457225134,20.030323028564453,118139200
2020-06-29,BAC,20.255290826310187,20.627344704717213,19.98706658967663,20.237985610961914,66269200
2020-06-30,BAC,20.073592803938205,20.687913150670266,19.98706836980679,20.549474716186523,61716200
2020-07-01,BAC,20.791737458890168,20.826346233459613,20.099543814026426,20.12550163269043,57379900
2020-07-02,BAC,20.627340513403254,20.75712630151151,20.09089049882241,20.151458740234375,56000200
2020-07-06,BAC,20.610037990946307,20.835000823169757,20.29855073858829,20.471599578857422,59589000
2020-07-07,BAC,20.229335119489747,20.237987728069037,19.81401980958184,19.909196853637695,60645800
2020-07-08,BAC,19.926495863352468,20.06493425686251,19.64096647044852,19.987062454223633,52922600
2020-07-09,BAC,19.848627201256196,20.038979609871998,19.372743704242556,19.701536178588867,79385900
2020-07-10,BAC,19.649620011542424,20.80904294748449,19.62366384079133,20.7830867767334,81142900
2020-07-13,BAC,21.085921313574037,21.207054510636667,20.644648259582407,20.930177688598633,73598100
2020-07-14,BAC,20.67060875286465,20.89557163039408,20.289903868106887,20.886919021606445,67423100
2020-07-15,BAC,21.423363866225937,21.51854088881415,21.00804864999441,21.28492546081543,57384400
2020-07-16,BAC,20.549475610646464,20.956138323353777,20.3677757763463,20.705219268798828,78067100
2020-07-17,BAC,20.661953606413288,20.748478033346508,20.073591133962978,20.09089469909668,66659100
2020-07-20,BAC,20.06494407599341,20.506217290119867,19.995724845364744,20.402387619018555,61114000
2020-07-21,BAC,20.514866474894777,21.18110254349819,20.49756290647226,21.129188537597656,75499300
2020-07-22,BAC,20.973437617099282,21.05130942418076,20.739822195854856,21.03400421142578,52193700
2020-07-23,BAC,21.215709844244362,21.319537840694515,20.86096116412655,21.233015060424805,61047600
2020-07-24,BAC,21.250316669277993,21.483932115250802,20.999397659034535,21.06861686706543,50217600
2020-07-27,BAC,20.956138241591162,20.999401285529352,20.661956144077013,20.886919021606445,54721300
2020-07-28,BAC,20.878261941599572,21.250315788208265,20.83500055724248,21.077268600463867,48406500
2020-07-29,BAC,21.07727566287243,21.88195022394021,20.930184596329756,21.86464500427246,71393500
2020-07-30,BAC,21.388760288100833,21.587767003624112,21.06862199195366,21.492589950561523,61755900
2020-07-31,BAC,21.57045228269317,21.587757493866143,21.1637880717072,21.527189254760742,61955800
2020-08-03,BAC,21.656978283782525,21.89924465678959,21.362796273431748,21.62236785888672,58284000
2020-08-04,BAC,21.59641591219532,21.682940347644593,21.509893127062384,21.639678955078125,37985300
2020-08-05,BAC,21.907899206429175,22.141514644251846,21.84733260780464,21.96846580505371,51322600
2020-08-06,BAC,22.0203799244679,22.210732314171658,21.873288916414474,22.037683486938477,51999700
2020-08-07,BAC,21.925206169503124,22.66066131929233,21.85598695836509,22.591442108154297,63354500
2020-08-10,BAC,22.764488488035973,23.19710895459098,22.67796406466175,22.980798721313477,64051100
2020-08-11,BAC,23.60377511518123,24.01043779177492,23.171154614428527,23.292287826538086,81441000
2020-08-12,BAC,23.77682032984691,23.85469214547238,22.85101279998419,23.12788963317871,61971300
2020-08-13,BAC,22.92023600627606,23.07597966469348,22.617401298277336,22.799102783203125,55955500
2020-08-14,BAC,22.548180618295127,23.06732556264197,22.4270474030635,22.902929306030273,50931900
2020-08-17,BAC,22.764485233127992,22.851009644130794,22.35782264682545,22.40973663330078,57518700
2020-08-18,BAC,22.383781631928628,22.48760961029111,22.02903136329493,22.089599609375,45850100
2020-08-19,BAC,22.202078991677432,22.565480196893308,21.968463577542398,22.063640594482422,59856000
2020-08-20,BAC,21.769464277647643,21.91655531940133,21.64833106102095,21.71755027770996,49403700
2020-08-21,BAC,21.613719940185547,22.003079053127006,21.544500725697763,21.613719940185547,55010700
2020-08-24,BAC,21.821374515870605,22.236691394725867,21.665632542905403,22.228038787841797,54579500
2020-08-25,BAC,22.530875842623153,22.660661659164013,22.262649951413692,22.496265411376953,57304700
2020-08-26,BAC,22.44434917975096,22.44434917975096,22.09825315333518,22.115556716918945,39478000
2020-08-27,BAC,22.054989651645432,22.686615092771195,22.011728268127886,22.53952407836914,52934800
2020-08-28,BAC,22.842358997894454,22.902925595698324,22.487610367629483,22.755834579467773,46466400
2020-08-31,BAC,22.574137857417927,22.61739924735926,22.22804178693855,22.271303176879883,49416200
2020-09-01,BAC,22.132865461675284,22.409742326978083,21.977121812363386,22.245346069335938,46109200
2020-09-02,BAC,22.089602901668442,22.63470399510469,22.054992470178544,22.51357078552246,57300900
2020-09-03,BAC,22.82722266271333,23.193155295565774,22.182482869077997,22.35673713684082,86192500
2020-09-04,BAC,22.87950128043995,23.315135345196662,22.478717076721495,23.123456954956055,99621400
2020-09-08,BAC,22.774949895868932,22.931778435552943,22.121498755060337,22.199913024902344,74978600
2020-09-09,BAC,22.33931546205229,22.40901684953872,21.982095643457825,22.226051330566406,53822700
2020-09-10,BAC,22.39159411267113,22.557133879400144,21.851407080394875,21.903682708740234,56609600
2020-09-11,BAC,21.97338287366666,22.287039949851426,21.8601187416067,22.21733856201172,47708300
2020-09-14,BAC,22.365448775608545,22.644254259111868,22.252184671114733,22.435150146484375,47802400
2020-09-15,BAC,22.452578813458505,22.504854432934906,21.947243393687998,22.025657653808594,63820200
2020-09-16,BAC,22.025658806001797,22.574556993747613,21.82526587420412,22.30446434020996,64598600
2020-09-17,BAC,21.894965094156895,22.19990924024287,21.868828116540204,22.086645126342773,48862000
2020-09-18,BAC,21.9123945553983,22.287040141436844,21.86883181080357,21.964670181274414,94055800
2020-09-21,BAC,21.407060092771097,21.590027284765277,20.93657611386598,21.31993293762207,75218600
2020-09-22,BAC,21.145684243457016,21.433202745947234,20.74489991954826,20.858165740966797,68665300
2020-09-23,BAC,20.997558909736142,21.13696165531318,20.26569366455078,20.26569366455078,59950300
2020-09-24,BAC,20.37025140165798,20.753609905393855,19.995607441843486,20.33540153503418,53570700
2020-09-25,BAC,20.283118058531006,20.518359137232608,20.152426539260265,20.466083526611328,42111300
2020-09-28,BAC,20.805882466225214,21.180528032571253,20.727469862438742,20.988849639892578,47996900
2020-09-29,BAC,20.893012303609197,20.9017251855548,20.50094258693095,20.710046768188477,45695200
2020-09-30,BAC,20.718756981615336,21.18924091339466,20.710044100791926,20.988849639892578,56226100
2020-10-01,BAC,21.14567805802906,21.26765506528039,20.788458255239803,20.997562408447266,44782200
2020-10-02,BAC,20.596778379324913,21.285081010318446,20.53578987517351,21.093400955200195,51682100
2020-10-05,BAC,21.36349541133532,21.52903516313301,21.241516740448677,21.45062255859375,44396800
2020-10-06,BAC,21.712004013596122,21.947246830798772,21.154392887022944,21.232807159423828,67541100
2020-10-07,BAC,21.45932802541927,21.877537887794265,21.433191051516353,21.67714500427246,47648000
2020-10-08,BAC,21.738141580912682,22.043084112010682,21.616162906661327,21.990808486938477,52080600
2020-10-09,BAC,22.07793213536614,22.20862200822725,21.816552389643924,22.09535789489746,44511500
2020-10-12,BAC,22.043083659097785,22.504856379548805,21.990808035099672,22.37416648864746,48362900
2020-10-13,BAC,22.33931390827841,22.374165430503666,21.642300081893765,21.738140106201172,61186900
2020-10-14,BAC,21.215382581730445,21.42448676587963,20.553218501018524,20.579357147216797,127409500
2020-10-15,BAC,20.55321467175951,21.084688746086066,20.457374648700746,21.04112434387207,66832400
2020-10-16,BAC,21.084687495623285,21.215377370890437,20.858157602981322,21.119537353515625,58357700
2020-10-19,BAC,21.171818459436945,21.1892442238062,20.640345940673512,20.66648292541504,51377900
2020-10-20,BAC,20.81460021131167,21.328648667338467,20.80588732845211,21.03241729736328,62476400
2020-10-21,BAC,21.102114219221896,21.20666712953141,20.919148703445412,20.953998565673828,41564900
2020-10-22,BAC,20.954000422624826,21.703291637777763,20.910437675525728,21.668441772460938,55402000
2020-10-23,BAC,21.990809496133682,22.00823525922817,21.52903674500322,21.694578170776367,51007400
2020-10-26,BAC,21.31993595170682,21.415776002101268,21.04113034526388,21.38092613220215,59450200
2020-10-27,BAC,21.16310354202054,21.2502290250219,20.744893579278514,20.77974510192871,55009300
2020-10-28,BAC,20.396388085735193,20.61420513206881,20.143721176130526,20.44866371154785,81942500
2020-10-29,BAC,20.352824558213754,20.692618605642316,20.143720401195242,20.509653091430664,57490400
2020-10-30,BAC,20.466088308316486,20.771032488176,20.248271274389985,20.64905548095703,66453400
2020-11-02,BAC,20.814597350730413,21.136967324980496,20.44866462998189,20.980138778686523,59756400
2020-11-03,BAC,21.4157700075603,21.729427057918336,21.354781505948914,21.51161003112793,65106200
2020-11-04,BAC,20.814595456666492,21.032412492962496,20.274410137267175,20.631629943847656,88845500
2020-11-05,BAC,20.82330853689375,21.598738323563566,20.78845867489504,21.441909790039062,74722600
2020-11-06,BAC,21.720713678630993,21.746850657685926,21.110825352898622,21.180526733398438,55454500
2020-11-09,BAC,23.175730557963387,24.630748273937883,22.91434914479802,24.1864013671875,178378800
2020-11-10,BAC,23.95115994505008,24.186402731626192,23.681067298506413,24.099275588989258,77694600
2020-11-11,BAC,24.177692546285297,24.19511830911755,23.628794311567002,23.820472717285156,48360900
2020-11-12,BAC,23.384840297632994,23.437115928073727,22.92306752027159,23.254150390625,67912600
2020-11-13,BAC,23.419687582604737,23.70720601105616,23.31513633324721,23.524240493774414,52421000
2020-11-16,BAC,24.27353102650171,24.39550803489632,23.681068422621436,24.02957534790039,57396700
2020-11-17,BAC,23.74205726006142,24.047001447140232,23.53295310195907,24.003437042236328,46402300
2020-11-18,BAC,24.073138937908055,24.334520387428636,23.48938919433457,23.50681495666504,54416700
2020-11-19,BAC,23.463252212651025,23.53295360016075,23.219296525460916,23.50681495666504,46423000
2020-11-20,BAC,23.29771129093897,23.480678475686208,23.201871257889838,23.358699798583984,40538000
2020-11-23,BAC,23.620082516436465,23.977302361865114,23.576518107352307,23.864036560058594,45421200
2020-11-24,BAC,24.334520575599143,25.258064382697455,24.325807694366535,25.249351501464844,80387800
2020-11-25,BAC,25.014111909088975,25.301632041288165,24.81372060041595,25.292919158935547,57249900
2020-11-27,BAC,25.24063850763205,25.35390430133851,25.101235732156535,25.25806427001953,25971600
2020-11-30,BAC,25.022821830704633,25.144800507396184,24.482636483257018,24.534912109375,63567900
2020-12-01,BAC,25.04024395184003,25.301625368042625,24.979255453269676,24.996681213378906,50255100
2020-12-02,BAC,24.99668534367522,25.42360656602144,24.857282563391237,25.319053649902344,45257500
2020-12-03,BAC,25.37165372845416,25.51192534732881,25.099876003736124,25.345352172851562,54013700
2020-12-04,BAC,25.599600027988416,25.801240306551126,25.42425963748265,25.678503036499023,66188200
2020-12-07,BAC,25.336585392199023,25.55576000921142,25.15247951655003,25.503158569335938,42197800
2020-12-08,BAC,25.30151970760697,25.55576140772628,25.222616707391047,25.36288833618164,33869100
2020-12-09,BAC,25.643431627576394,25.643431627576394,25.205082368985344,25.248916625976562,54886300
2020-12-10,BAC,25.09988004349184,25.53822934106862,24.959608402040857,25.52069664001465,58859600
2020-12-11,BAC,25.14371099732796,25.205079619288668,24.81056466072764,25.047273635864258,40538400
2020-12-14,BAC,25.354112626277665,25.38917968560087,24.67028741169909,24.74042320251465,40267100
2020-12-15,BAC,24.85440090216317,25.266448563562474,24.766730724456846,25.108642578125,43672700
2020-12-16,BAC,25.248915413169655,25.266449783991785,24.93330509921954,25.17877960205078,42463200
2020-12-17,BAC,25.170016301968815,25.354123879681353,25.012211956719362,25.27522087097168,43182700
2020-12-18,BAC,25.327814131026322,25.51192164921778,25.047270933943494,25.13494110107422,82817200
2020-12-21,BAC,25.511926798255082,26.29218793164191,25.187547616053205,26.073013305664062,93397400
2020-12-22,BAC,26.108077854761568,26.108077854761568,25.573291318183266,25.60835838317871,39054300
2020-12-23,BAC,25.76616675785558,26.607798134400834,25.713565319374492,26.34478759765625,52537200
2020-12-24,BAC,26.537664046236063,26.537664046236063,26.073013238381,26.265886306762695,22632300
2020-12-28,BAC,26.502598631888297,26.783141920101183,26.292191165728635,26.414928436279297,32861200
2020-12-29,BAC,26.449992612909913,26.52012842284387,26.239585183108034,26.309720993041992,33291900
2020-12-30,BAC,26.300958751263032,26.49383184679112,26.248357301968085,26.283424377441406,26370100
2020-12-31,BAC,26.309722137416557,26.64286683105101,26.213284767499093,26.572731018066406,28716000
2021-01-04,BAC,26.704232246012424,26.800669604328977,26.081777189673335,26.327253341674805,51483900
2021-01-05,BAC,26.44998953108633,26.774368659341828,26.22204775731722,26.528892517089844,48507000
2021-01-06,BAC,27.96668337081751,28.597905723939245,27.493267024018653,28.18585968017578,107002800
2021-01-07,BAC,29.20282643185717,29.474600809662256,28.790777092166664,28.808311462402344,74358500
2021-01-08,BAC,28.860909025023073,28.931046500610258,28.150785478566814,28.518997192382812,44641400
2021-01-11,BAC,28.133256036172696,29.045023312435088,27.966682846822884,28.992420196533203,51868200
2021-01-12,BAC,29.29926494153307,29.78145183605774,29.106393528062878,29.509674072265625,68166200
2021-01-13,BAC,29.308031627186924,29.527206255960778,29.009953998280906,29.334331512451172,43172800
2021-01-14,BAC,29.351860767947404,30.13212177528594,29.29925766224838,29.798978805541992,48483500
2021-01-15,BAC,29.185297218270453,29.483374876264943,28.668044910113533,28.9398193359375,57684300
2021-01-19,BAC,28.492697392537462,29.457064274241628,28.229688547012593,28.729406356811523,78130200
2021-01-20,BAC,28.72064018557446,28.746943413623566,28.194622445341587,28.352428436279297,53920000
2021-01-21,BAC,28.35243246612413,28.475169733334326,27.817645792417107,27.85271453857422,49626600
2021-01-22,BAC,27.493262415700137,27.835174257309863,27.396825056407344,27.659833908081055,45314500
2021-01-25,BAC,27.4143618673936,27.44066175160164,26.800672262604696,27.31792449951172,48078400
2021-01-26,BAC,27.528330061742864,27.554631616331708,27.09874803647561,27.125049591064453,36373000
2021-01-27,BAC,26.5727294496269,26.677933998979015,26.011642978867854,26.151914596557617,63809200
2021-01-28,BAC,26.669167373320462,26.958477799895977,26.23081814080183,26.581497192382812,51223300
2021-01-29,BAC,26.651633980318735,26.73930416447225,25.941508665797638,25.994110107421875,64019100
2021-02-01,BAC,26.186984980010397,26.336023792177517,25.923974426213885,26.265886306762695,40985300
2021-02-02,BAC,26.809441587700924,27.35299542436617,26.77437451523498,27.203956604003906,53527000
2021-02-03,BAC,27.098750099888715,27.81764259169463,27.07244854329716,27.686138153076172,49404900
2021-02-04,BAC,27.87901283868168,28.519002370081413,27.861480138771228,28.49270248413086,51751900
2021-02-05,BAC,28.834612477584486,28.852146848508532,28.33489461143668,28.37872886657715,42008800
2021-02-08,BAC,28.431327949349015,29.176520214127567,28.40502806886047,29.00994873046875,46014100
2021-02-09,BAC,28.904749031004247,28.94858328473395,28.571602682847995,28.88721466064453,35868600
2021-02-10,BAC,29.0362542568882,29.299263145930663,28.808314111541925,28.913516998291016,45031900
2021-02-11,BAC,28.904748711962014,29.202826316108737,28.53653362715058,28.82584571838379,29479900
2021-02-12,BAC,28.931048916034932,29.325563888303247,28.85214592158127,29.25542640686035,37468300
2021-02-16,BAC,29.790215018315447,30.29870176024901,29.5447405052934,30.044458389282227,52802600
2021-02-17,BAC,29.842818754223313,30.29870239099712,29.62364412179395,30.16719627380371,45455300
2021-02-18,BAC,29.860352965032504,30.37760522854864,29.825284221391534,29.974321365356445,37541700
2021-02-19,BAC,29.98309035047653,30.44773950049996,29.96555597858175,30.28116798400879,54514100
2021-02-22,BAC,30.20226644700862,30.903624635107672,30.167197701518756,30.815956115722656,56783400
2021-02-23,BAC,31.05265750931437,31.464706851209872,30.80718301337961,31.140329360961914,67440700
2021-02-24,BAC,31.333200696951494,32.017024344050284,31.210460117937387,31.894287109375,58139500
2021-02-25,BAC,32.402771285708454,32.4641399046923,31.350732562024117,31.499773025512695,74762000
2021-02-26,BAC,31.324437270414837,31.58744615378655,30.40390450644414,30.430204391479492,70933300
2021-03-01,BAC,31.140333754052662,31.604982928147418,30.894859223487835,31.377042770385742,45901700
2021-03-02,BAC,31.2543036732797,31.5085437031752,31.122797557133495,31.149097442626953,41167400
2021-03-03,BAC,31.534836463164954,32.411534694829584,31.420864756633815,31.92934799194336,66047000
2021-03-04,BAC,31.841252413674013,32.48442065049671,31.647419693197236,32.15843200683594,96512800
2021-03-05,BAC,32.625388799361886,33.127588698692016,31.86768274466725,32.53728485107422,74292300
2021-03-08,BAC,32.93376040062634,33.242127590511764,32.44036953585936,32.713497161865234,65335500
2021-03-09,BAC,32.20248153831786,32.739924323632366,31.55050430045597,31.999839782714844,63946000
2021-03-10,BAC,32.19368113417158,33.06592182248978,32.04390035922802,32.92495346069336,53365600
2021-03-11,BAC,32.83683623807036,33.29498406918342,32.46679233715425,32.81040573120117,45834000
2021-03-12,BAC,33.40952926241585,33.63860493219783,33.109974458925024,33.42715072631836,46069600
2021-03-15,BAC,33.50645181384333,33.54169474814908,32.79280087938347,33.25975799560547,50131600
2021-03-16,BAC,32.96900143323161,33.23332002028022,32.57253027455959,33.16283416748047,50300400
2021-03-17,BAC,33.48001847539772,33.79719813554837,32.88971449974583,33.43596649169922,63796000
2021-03-18,BAC,33.92935156946682,35.215691580307016,33.85005666031195,34.308204650878906,95439700
2021-03-19,BAC,33.735521049968796,34.290582034453806,33.06591887050196,33.94697189331055,106252700
2021-03-22,BAC,33.55049824409647,33.8148134592292,32.95138196395544,33.18045425415039,54701300
2021-03-23,BAC,32.91614019660443,33.32142376479089,32.405127849886384,32.51085662841797,49838000
2021-03-24,BAC,32.783980903915165,33.29499325063321,32.50204421639846,32.51085662841797,43896800
2021-03-25,BAC,32.48442161090562,33.25974915478525,32.27297078317956,33.18045425415039,47517900
2021-03-26,BAC,33.788379179558895,34.14961075346026,33.550497841459446,34.07912826538086,66846000
2021-03-29,BAC,33.52406005946116,34.03507232250312,33.35666122895598,33.753135681152344,45680000
2021-03-30,BAC,34.035077167989215,34.76634938530528,34.035077167989215,34.352256774902344,56705900
2021-03-31,BAC,34.026262965596224,34.352254967185814,33.885294632269705,34.08793640136719,49270000
2021-04-01,BAC,34.21128327710142,34.81920852474519,34.11436692727056,34.79277801513672,65587000
2021-04-05,BAC,35.24212161964381,35.48881539547712,34.88969905906713,35.06591033935547,50328500
2021-04-06,BAC,34.82801818924651,35.37427337776553,34.76634475843789,34.96898651123047,42590100
2021-04-07,BAC,35.039477202096236,35.37427827350022,34.880887397797004,35.286170959472656,43136400
2021-04-08,BAC,35.06591005025107,35.10996202972231,34.55490103867363,34.977806091308594,45285900
2021-04-09,BAC,35.16282484670551,35.400709558336,34.81040230481951,35.23331069946289,45872900
2021-04-12,BAC,35.23331327964959,35.576923434628775,35.10996302829106,35.294986724853516,45544600
2021-04-13,BAC,35.07472284084756,35.08353189245654,34.53727994703286,34.64300537109375,46770400
2021-04-14,BAC,34.34344172955702,35.53286516427423,34.29057734547511,35.136390686035156,52023800
2021-04-15,BAC,35.00423677986002,35.10115315174625,33.52406740784447,34.131996154785156,118128900
2021-04-16,BAC,34.634185777752755,34.731098759756286,34.281763323550365,34.49321746826172,60633400
2021-04-19,BAC,34.704677924253836,34.739920851686236,34.38749829926331,34.51084518432617,42321100
2021-04-20,BAC,34.361066087623435,34.361066087623435,33.38309674583901,33.550498962402344,50834100
2021-04-21,BAC,33.25974979251673,34.167233280887906,32.960191646702405,34.11437225341797,37851800
2021-04-22,BAC,34.14080558528951,34.15842704955084,33.62979320456306,33.79719543457031,48093400
2021-04-23,BAC,33.76195474106376,34.660629312178976,33.67385077487537,34.51966094970703,48674100
2021-04-26,BAC,34.66943327992637,35.10995976816407,34.60775984044913,34.72229766845703,34699800
2021-04-27,BAC,34.95136702222353,35.171630247806334,34.81039869228854,35.136390686035156,34304800
2021-04-28,BAC,35.18043930595221,35.43594542990428,35.136387337224214,35.2685432434082,34084400
2021-04-29,BAC,35.726690548902894,36.23770278874899,35.64739566206297,36.2200813293457,44008700
2021-04-30,BAC,35.982207403238945,36.0350717972196,35.65621870940171,35.70907974243164,39203400
2021-05-03,BAC,36.00863990943063,36.16722973918484,35.612165335045106,35.73551559448242,41940500
2021-05-04,BAC,35.453577707262525,36.19366243493845,35.04829073283344,36.12317657470703,53880000
2021-05-05,BAC,36.299386560298494,36.616566198043785,35.91172106485395,36.4667854309082,37471100
2021-05-06,BAC,36.546085342112335,37.05709779751805,36.33463446197636,37.01304244995117,39044400
2021-05-07,BAC,36.237713853716876,37.22449235495966,36.22009238893298,37.162818908691406,39249200
2021-05-10,BAC,37.444757195195024,37.83241935386178,37.030661157767405,37.048282623291016,41271500
2021-05-11,BAC,36.60775618944725,37.30378895565895,36.42273584226214,36.6253776550293,42964700
2021-05-12,BAC,37.3390293197087,37.49761913809291,36.158418094487736,36.28176498413086,47533000
2021-05-13,BAC,35.99983053390918,37.083525453533724,35.929344672006344,36.86326217651367,42026100
2021-05-14,BAC,37.057088290582065,37.42712891636228,36.933738054371716,37.32140350341797,30932600
2021-05-17,BAC,37.21567775258912,37.75311722406422,37.145191903966015,37.65620422363281,32656400
2021-05-18,BAC,37.62095671531378,37.84121992399717,37.12756591792103,37.14518737792969,37880300
2021-05-19,BAC,36.69586553370866,37.00423279596124,36.396307324255694,36.97780227661133,42672800
2021-05-20,BAC,36.916124276214354,37.11876607515139,36.528458781769004,36.88969039916992,36871100
2021-05-21,BAC,37.021846419825565,37.53285539772815,36.90730859198777,37.35664749145508,40243800
2021-05-24,BAC,37.515243670243535,37.69145160645689,37.22449452577981,37.559295654296875,31390800
2021-05-25,BAC,37.61215887858835,38.11435892010024,36.942559943556226,37.01304244995117,52657700
2021-05-26,BAC,37.02184158269786,37.22448333719582,36.70466201532716,37.03946304321289,41332800
2021-05-27,BAC,37.427130423411995,37.75311908700428,37.10995081085717,37.48880386352539,52981100
2021-05-28,BAC,37.585716411323425,37.62976838393623,37.04827360697708,37.34783172607422,38509700
2021-06-01,BAC,37.84123032550775,38.131976093193906,37.68264050278775,37.814796447753906,42890700
2021-06-02,BAC,37.97337722933362,38.03505066115739,37.53285079576386,37.8324089050293,34180500
2021-06-03,BAC,37.84126397474996,38.47829357407566,37.76163527483425,38.26594924926758,46981200
2021-06-04,BAC,38.25710385443144,38.389816106786895,37.89435163116875,38.28364562988281,37192600
2021-06-07,BAC,38.28364794750013,38.38981843083157,38.097848757895406,38.15093231201172,28401900
2021-06-08,BAC,37.9208839217518,38.25709428546932,37.540436151647235,37.93857955932617,41871400
2021-06-09,BAC,37.57583084069158,37.8058673998625,37.25731608561025,37.443115234375,42366300
2021-06-10,BAC,37.83242200803879,38.00937508480364,36.823793858108125,36.88572692871094,40123600
2021-06-11,BAC,36.99189158340795,37.06267077141993,36.72646034684248,37.036128997802734,31203600
2021-06-14,BAC,37.0272736888918,37.080360602907575,36.32831455072231,36.59374237060547,36050700
2021-06-15,BAC,36.522968319441624,36.77070393407876,36.18676124438183,36.62029266357422,39247900
2021-06-16,BAC,36.522972305167606,37.151155856277036,35.98326697433366,36.82379150390625,63859100
2021-06-17,BAC,37.17769238660428,37.24847157773409,35.14274085891902,35.21352005004883,80728200
2021-06-18,BAC,34.514560507428634,34.77114227048534,34.054487285870245,34.311065673828125,102774200
2021-06-21,BAC,34.61188013545595,35.19582277941723,34.53225143968403,35.169281005859375,48119400
2021-06-22,BAC,35.284301052606395,35.620508101995945,34.75344195471519,35.363929748535156,44113200
2021-06-23,BAC,35.5320296815044,35.76206623810201,35.452400993624835,35.567420959472656,32039900
2021-06-24,BAC,35.779775934900606,36.28409003124933,35.54973928792198,36.12483596801758,37161800
2021-06-25,BAC,36.51412617068956,37.009594078935265,36.13367826125248,36.82379150390625,53178800
2021-06-28,BAC,36.68221654418667,36.78839037036189,36.363701815856615,36.770694732666016,34416500
2021-06-29,BAC,36.83262730769248,37.115750757022944,36.054036134484825,36.17790222167969,38519600
2021-06-30,BAC,36.062890114730436,36.593749229089426,36.027502207185286,36.478729248046875,29159800
2021-07-01,BAC,36.77070543899079,36.8945715638295,36.461036751795234,36.75300979614258,28045100
2021-07-02,BAC,36.602600501349706,36.69107872038146,36.36371437261238,36.407955169677734,28980800
2021-07-06,BAC,36.10713310531467,36.16906616616488,35.27545478801401,35.45240783691406,47578700
2021-07-07,BAC,35.01002361431554,35.39047145243711,34.82422444921385,35.169281005859375,43499900
2021-07-08,BAC,34.16950390371043,34.71805871612798,34.0456377767448,34.311065673828125,52793100
2021-07-09,BAC,35.08080859293371,35.6028182178067,34.85961813112479,35.425865173339844,43887200
2021-07-12,BAC,35.2046796013497,36.107137215890425,35.07196395579113,35.947879791259766,42624500
2021-07-13,BAC,35.815156740224225,35.815156740224225,35.01887315681703,35.266605377197266,54338100
2021-07-14,BAC,34.60303401354197,34.992327984606064,33.43514872525134,34.38184356689453,105651700
2021-07-15,BAC,33.966003567242986,34.79768178515489,33.90407051379401,34.35530090332031,54697300
2021-07-16,BAC,34.700360166596596,34.76229322489212,33.258197433932565,33.550167083740234,60469700
2021-07-19,BAC,32.515001764284555,32.95738274066938,32.30265741057628,32.674259185791016,83251500
2021-07-20,BAC,32.61231403506691,33.72711219744019,32.39112362883352,33.34666442871094,59462900
2021-07-21,BAC,33.66519040501567,34.30222006790212,33.60325734057936,34.0279426574707,49907400
2021-07-22,BAC,33.93945823395675,33.974849510814394,33.33782002776852,33.58555221557617,52715600
2021-07-23,BAC,33.7978992119669,33.85983226388539,33.23165223722748,33.35551834106445,48659400
2021-07-26,BAC,33.320141706101126,33.83330536193869,33.320141706101126,33.73598098754883,32258000
2021-07-27,BAC,33.373223407481206,33.83330004818435,33.14318339958006,33.6032600402832,39121400
2021-07-28,BAC,33.78906455532535,34.063342030869535,33.39977043286558,33.73598098754883,43331100
2021-07-29,BAC,34.10756760342558,34.48801545734349,33.948310205269316,34.22258758544922,43039100
2021-07-30,BAC,34.07217681943312,34.35530371204476,33.66518718489538,33.9394645690918,46210100
2021-08-02,BAC,33.974849510814394,34.46146775476424,33.54131480705308,33.58555221557617,49894000
2021-08-03,BAC,33.67403544004479,34.17834939778928,33.22280503042175,34.107566833496094,39680600
2021-08-04,BAC,33.647492248235444,34.3022175056406,33.49708435301049,33.85983657836914,42289800
2021-08-05,BAC,34.12525971353479,34.55879444700774,34.10756407389322,34.52340316772461,34754500
2021-08-06,BAC,34.921547467983565,35.75322230069776,34.921547467983565,35.52318572998047,58022300
2021-08-09,BAC,35.4347059759668,36.23983900082299,35.2135155474338,35.98325729370117,56340100
2021-08-10,BAC,36.018652034665074,36.82378513691653,35.90363543084231,36.65568161010742,44987300
2021-08-11,BAC,36.806076994838996,37.32808641406111,36.69990656002524,37.115745544433594,58458200
2021-08-12,BAC,37.363488535986654,37.41657545636088,36.95649893841234,37.29270935058594,37400100
2021-08-13,BAC,37.23961972548523,37.36348582226373,36.65567714417369,36.8326301574707,41344900
2021-08-16,BAC,36.41679459918032,36.54066070792032,35.93017629694533,36.53181457519531,38599100
2021-08-17,BAC,36.31947093138749,36.779547468806896,35.93902309035026,36.354862213134766,43526900
2021-08-18,BAC,36.07173993591723,36.74415743648802,35.97441559535205,36.08943557739258,50342500
2021-08-19,BAC,35.49664543005593,35.983263785601885,35.39932108392699,35.55857849121094,51883900
2021-08-20,BAC,35.47009844968632,35.806308857412226,35.310841065768685,35.717830657958984,40415000
2021-08-23,BAC,35.9478702114074,36.36370593148213,35.92132506431034,36.19560241699219,35364500
2021-08-24,BAC,36.363706430904024,36.876869863918245,36.31062288617718,36.69991683959961,35579300
2021-08-25,BAC,36.85917460527538,37.55813720226057,36.753004139625176,37.29270935058594,51219900
2021-08-26,BAC,37.60237457640437,37.90319370801954,37.17768933914148,37.19538497924805,41184500
2021-08-27,BAC,37.2661606841113,37.7350866653945,37.10690331312424,37.59352493286133,46468600
2021-08-30,BAC,37.717384955475474,37.717384955475474,36.83262342579102,36.85916519165039,44855600
2021-08-31,BAC,36.86801444864581,37.22192044057298,36.593740511245045,36.93879699707031,54654600
2021-09-01,BAC,36.938804298429545,36.96534607178617,36.30177473708384,36.443336486816406,52361900
2021-09-02,BAC,36.55894910732886,36.896882444806295,36.140979016038195,36.478912353515625,44538900
2021-09-03,BAC,36.478914557439914,36.63009321689075,36.17655384614395,36.505592346191406,41812400
2021-09-07,BAC,36.683450403857535,37.21702650731963,36.62119997153343,36.74570083618164,43748600
2021-09-08,BAC,36.53227916919241,36.8968903721467,36.17655943306366,36.26548767089844,36064400
2021-09-09,BAC,36.15876971438373,36.772382639618385,36.069841484892734,36.39888000488281,36266400
2021-09-10,BAC,36.65677476110511,36.77238077510279,35.7852652651835,35.81194305419922,40514700
2021-09-13,BAC,36.10539998060931,36.42554693919335,35.88307608074744,36.40776062011719,42036300
2021-09-14,BAC,36.57673486430028,36.73680836945298,35.269469036351204,35.429542541503906,53820400
2021-09-15,BAC,35.331719900711455,35.87419085345568,35.278360934207505,35.69633102416992,52358200
2021-09-16,BAC,35.99868935146457,36.29215855936703,35.74968764225801,35.97201156616211,42922000
2021-09-17,BAC,35.874180902613766,36.16764665599826,35.64296556335305,36.0164680480957,92746000
2021-09-20,BAC,35.020463779640124,35.091605667865124,34.11338180611395,34.78035354614258,67566200
2021-09-21,BAC,34.92264999064389,35.216115870158,34.629180718735185,34.79814910888672,38271100
2021-09-22,BAC,35.34950622287944,36.03426436057345,35.34950622287944,35.69633102416992,46261400
2021-09-23,BAC,36.247699712503405,37.2437135718523,36.14988001224821,37.074745178222656,49779800
2021-09-24,BAC,37.10141204198491,37.65277434218619,37.03916162385218,37.47491455078125,39042300
2021-09-27,BAC,37.955138480982754,38.62211021615598,37.919565840932364,38.47092819213867,49755400
2021-09-28,BAC,38.622117878261186,39.16458887327063,38.2930793735025,38.38200759887695,60781200
2021-09-29,BAC,38.39979069597876,38.52429155799984,38.008501787856225,38.30196762084961,44260200
2021-09-30,BAC,38.55097459894735,38.55097459894735,37.55496417463987,37.7506103515625,47410800
2021-10-01,BAC,37.777276472979345,38.622107966807924,37.69723973372414,38.310855865478516,40987100
2021-10-04,BAC,38.33754609404429,39.19126932833192,38.301973444516996,38.542083740234375,48273400
2021-10-05,BAC,38.92447369161226,39.79598308161968,38.8355420850438,39.32465744018555,54070700
2021-10-06,BAC,38.99562096336626,39.386913301452886,38.72883289164908,39.34244918823242,47031700
2021-10-07,BAC,39.83155528692016,39.90269717899991,39.15568865399613,39.23572540283203,46258800
2021-10-08,BAC,39.19125575424288,39.84933597299013,39.05786006091508,39.431365966796875,39389400
2021-10-11,BAC,39.66258707466334,39.84934175087912,38.906687082587766,38.93336486816406,36283500
2021-10-12,BAC,38.835534719477316,39.12900387690286,38.47981853785053,38.71992874145508,36898300
2021-10-13,BAC,38.728830802094144,38.80886755853048,37.64389224999456,38.364219665527344,43908000
2021-10-14,BAC,39.45805107965528,40.107236563520296,38.66657841292113,40.08055877685547,82201000
2021-10-15,BAC,40.703057332951175,41.50342128469629,40.33844629670887,41.23663330078125,64264900
2021-10-18,BAC,41.16549962377136,41.69907569791679,40.93428083721945,41.1566047668457,49542500
2021-10-19,BAC,41.35225516483998,41.46786457000994,41.085467100319875,41.334468841552734,32515500
2021-10-20,BAC,41.343361762172435,42.01033358841763,40.95206945297634,41.87693786621094,40411000
2021-10-21,BAC,41.88582830178706,42.22376163531605,41.45007528575734,41.645721435546875,36848600
2021-10-22,BAC,41.78799759856637,42.34825132856353,41.78799759856637,42.30378723144531,36225600
2021-10-25,BAC,42.50833142838643,42.66840491691674,41.97475539488116,42.25043487548828,31679500
2021-10-26,BAC,42.38383148439094,43.068589557182484,42.188185351480854,42.65061950683594,35674800
2021-10-27,BAC,42.223770372429456,42.83738334320329,41.82358652523141,41.832481384277344,45790800
2021-10-28,BAC,42.32158601908004,42.686197150713284,42.063689430453216,42.49055099487305,37209600
2021-10-29,BAC,42.46387320721998,42.80180655120016,42.259335586293446,42.49055099487305,31756200
2021-11-01,BAC,42.77512699146566,42.83737742661029,42.04590470057639,42.55280303955078,36937200
2021-11-02,BAC,42.30379632828558,43.05969631902038,42.10815018802269,42.5794792175293,36283400
2021-11-03,BAC,42.50833757799864,43.29981027890312,42.33937260116994,43.015235900878906,42553000
2021-11-04,BAC,42.81959243399986,42.81959243399986,41.69018640556587,42.090370178222656,47646300
2021-11-05,BAC,42.33047558008341,42.52612172712321,41.63682599315176,41.77022171020508,38271200
2021-11-08,BAC,42.10815370266934,42.508337480975676,42.01922548188756,42.09926223754883,33815500
2021-11-09,BAC,41.48565552422567,42.11705480562994,41.272223013348125,41.69019317626953,36900300
2021-11-10,BAC,41.574565257371724,42.25932320987444,41.48563706297632,42.001426696777344,39385600
2021-11-11,BAC,42.072581073058124,42.58837081850478,41.80578964733707,42.2326545715332,31194800
2021-11-12,BAC,42.25043393174307,42.26822025144844,41.58346220856274,41.71685791015625,44268500
2021-11-15,BAC,42.02811711402938,42.143726515420454,41.70797348250621,41.841365814208984,35335500
2021-11-16,BAC,41.95697402549751,42.04590224411026,41.52121761254924,41.868045806884766,35120800
2021-11-17,BAC,41.86805059393973,41.97476514695523,41.307793253918,41.361148834228516,32963700
2021-11-18,BAC,41.53900160130628,41.627933207317405,41.09435374843237,41.192176818847656,30639000
2021-11-19,BAC,40.64081913099235,40.70306956620203,39.86713272739039,40.37403106689453,48429500
2021-11-22,BAC,41.54789705412003,41.68128937645942,40.82756630086915,41.1566047668457,53697100
2021-11-23,BAC,41.681285614203844,42.37493851885481,41.50342580807812,42.24154281616211,49362900
2021-11-24,BAC,42.170400172271314,42.668406982068475,41.98364889074507,42.357154846191406,40060000
2021-11-26,BAC,40.48074282589721,40.94317702160008,39.795984693359934,40.69417190551758,55110100
2021-11-29,BAC,41.28110919910704,41.530114328677215,40.16948945472272,40.54299545288086,50231100
2021-11-30,BAC,39.804878832052985,40.213957481527444,39.449162544659295,39.5469856262207,77193600
2021-12-01,BAC,40.21394997332155,40.64081147393273,38.960043255153174,38.98672103881836,60601600
2021-12-02,BAC,39.61222852289396,40.657710880784634,39.31734678581371,40.11262893676758,57821400
2021-12-03,BAC,40.21092528627839,40.273475341803696,38.959917358327445,39.2011833190918,74605300
2021-12-06,BAC,39.817751556379044,40.103695630749414,39.28160386039293,39.451385498046875,48193100
2021-12-07,BAC,39.81775167341097,40.13050194044708,39.70158582763087,39.951786041259766,40740800
2021-12-08,BAC,39.924983348865894,40.032211534287946,39.397773274850486,39.460323333740234,50560300
2021-12-09,BAC,39.236927459087774,39.96965960789438,39.0045991667413,39.75520324707031,37316700
2021-12-10,BAC,39.95178352881246,40.05901510681474,39.37989541435517,39.782005310058594,37700200
2021-12-13,BAC,39.55862113606954,39.67478700342166,38.772273078853694,38.942054748535156,38653900
2021-12-14,BAC,38.95098550469885,40.05008378808321,38.897369707196226,39.43351745605469,47099400
2021-12-15,BAC,39.647967056793924,39.7194547745874,38.97778504172908,39.263729095458984,60057100
2021-12-16,BAC,39.94285389727997,40.53261400975106,39.39777190979318,40.2109260559082,69487200
2021-12-17,BAC,39.76412965832293,39.942845529542886,38.97778187018817,39.210113525390625,124242400
2021-12-20,BAC,38.66503585364759,38.745457833999566,38.15569778099239,38.566741943359375,56455200
2021-12-21,BAC,38.90630299512964,39.7462632757162,38.90630299512964,39.487125396728516,47845600
2021-12-22,BAC,39.3888305619994,39.83561854890744,39.21011468549182,39.567543029785156,35715700
2021-12-23,BAC,39.92497770569666,40.2734718156026,39.67477750550206,39.69264602661133,34053500
2021-12-27,BAC,39.80880685105233,40.050072760297695,39.594350537537544,39.88922882080078,33879200
2021-12-28,BAC,39.73733372308506,40.2824157370145,39.69265218721076,39.94285583496094,32492400
2021-12-29,BAC,40.07687918691495,40.31814509760278,39.85348520391382,39.88029479980469,25294900
2021-12-30,BAC,39.987527147487015,40.300277392972966,39.74626121151699,39.79093933105469,23852200
2021-12-31,BAC,39.78200943999272,39.96072534649437,39.56754967044626,39.75520324707031,24253900
2022-01-03,BAC,40.29134839557319,41.54235635837276,40.19305447451748,41.26534652709961,58587900
2022-01-04,BAC,42.051683632578566,43.27588167718988,42.033811705297616,42.88270950317383,74606700
2022-01-05,BAC,43.0167564105245,43.22227852120903,42.141052170281604,42.1589241027832,57791600
2022-01-06,BAC,42.87377854347856,43.03462250545216,42.16785264467464,43.007816314697266,52040900
2022-01-07,BAC,43.025685623836964,44.06223364412368,42.94526364774912,43.946067810058594,59082600
2022-01-10,BAC,44.598383312995,44.75029302354681,43.19546909930789,43.722679138183594,66839500
2022-01-11,BAC,43.776296882992106,44.0086251810644,43.46354318672567,43.97288131713867,40454400
2022-01-12,BAC,43.93713212243161,44.12478568091293,43.499281772993356,43.660125732421875,41378000
2022-01-13,BAC,43.71373465259333,44.223076089610935,43.45460021289184,43.570762634277344,46337500
2022-01-14,BAC,42.46273558123236,43.097173777706615,42.16785383968329,42.81122970581055,72953300
2022-01-18,BAC,42.75761237176374,42.82016242218964,41.149176173185175,41.33682632446289,65877400
2022-01-19,BAC,43.24014711887853,43.40992876018828,41.417251048974485,41.49767303466797,84451800
2022-01-20,BAC,41.72106375962577,42.04275167694753,40.80068153629456,40.881103515625,46265300
2022-01-21,BAC,40.72026835435419,41.122378337880036,39.90711412487872,40.139442443847656,71303600
2022-01-24,BAC,39.22798881737314,39.93391128570953,38.05740299878473,39.80881118774414,90672700
2022-01-25,BAC,39.57648153695251,40.72025771688039,39.16543739838116,40.595157623291016,73555300
2022-01-26,BAC,40.90790895715447,41.515540921259024,40.44324901938499,41.015140533447266,63735800
2022-01-27,BAC,41.435121572254786,41.77468143461473,40.291345289007246,40.63090515136719,63402400
2022-01-28,BAC,40.50580615353019,41.00620658676619,39.719458232944945,40.98833465576172,51048300
2022-01-31,BAC,40.67558655787578,41.34576866709419,40.40751439593292,41.2296028137207,44793700
2022-02-01,BAC,41.29215166431648,42.087433865281966,41.01514524885169,41.944461822509766,40326600
2022-02-02,BAC,41.74787398172474,41.96233032399242,41.37257026967314,41.8997802734375,41125600
2022-02-03,BAC,42.19466495787701,42.257215012809375,41.41725128876497,41.488739013671875,35879900
2022-02-04,BAC,42.06956473166035,43.5082193998483,41.71213292555907,43.14185333251953,60297100
2022-02-07,BAC,43.392055493196075,43.57076798148213,42.882717402391954,43.347373962402344,44824800
2022-02-08,BAC,43.91926809108676,44.696678368648755,43.73161451342221,44.12479019165039,49560500
2022-02-09,BAC,43.981810901499024,44.491148938271074,43.8120292834271,44.035423278808594,33861100
2022-02-10,BAC,44.39286035387734,44.777098344669064,43.570768579838436,43.82990646362305,47082800
2022-02-11,BAC,43.454613070883,44.17840763645888,42.44487097534298,42.82017135620117,61056000
2022-02-14,BAC,42.909526480757854,43.0614327877654,41.944462617218974,42.37337875366211,44791900
2022-02-15,BAC,42.89164871068982,43.222270881725905,42.50741075162547,42.70399856567383,42397600
2022-02-16,BAC,42.39124931030184,43.106112923239934,42.27508687061338,42.605709075927734,36664600
2022-02-17,BAC,41.998079320200574,42.25721722346117,41.05982503840868,41.16705322265625,49442400
2022-02-18,BAC,41.16705001839284,41.5870318696965,40.85429975171284,41.068756103515625,37856500
2022-02-22,BAC,40.36283285376618,41.08663075872035,40.246670409137934,40.71133041381836,51905600
2022-02-23,BAC,41.059813586086904,41.202785594780366,39.82667788065481,40.01432800292969,45704900
2022-02-24,BAC,38.4237708843746,39.03140288268574,37.57487293890561,38.95991516113281,80484800
2022-02-25,BAC,39.147567897701535,40.52367242126275,38.986723936332204,40.22879409790039,68530700
2022-02-28,BAC,39.06714712508109,39.54967561538809,38.81694350592397,39.496063232421875,69955300
2022-03-01,BAC,39.05821256710137,39.085022169442546,37.46764811623971,37.95018005371094,74895600
2022-03-02,BAC,38.19144164086485,38.90630179470353,38.084210061247475,38.566741943359375,70834600
2022-03-03,BAC,38.692456049612034,39.0606134183789,37.90226337077503,38.153690338134766,48733800
2022-03-04,BAC,37.201872074680935,37.210850020032126,36.20515229662296,36.77085876464844,75572800
2022-03-07,BAC,35.8549444619458,36.01657483750015,34.31047795126572,34.42721176147461,109779000
2022-03-08,BAC,35.082723858708434,35.61251174177767,34.27457168948769,34.651710510253906,76553800
2022-03-09,BAC,36.19616977136923,37.36349776651219,36.06147663041898,36.85166931152344,78207900
2022-03-10,BAC,36.178207777355034,37.246761180024556,36.016577390344374,36.51942443847656,48804400
2022-03-11,BAC,36.85166676926752,37.15696823235614,36.17820796175337,36.21412658691406,43946600
2022-03-14,BAC,36.7259555976779,37.87532421820948,36.7259555976779,36.995338439941406,54262400
2022-03-15,BAC,37.04922017508996,37.516152124546174,36.69902206934513,37.26472854614258,41395300
2022-03-16,BAC,37.92919797950275,38.65653123097083,37.64185243062785,38.432044982910156,59477600
2022-03-17,BAC,38.08185150538765,38.647557876774584,37.56104512925439,38.63857650756836,50260200
2022-03-18,BAC,38.39613157791945,38.54878402854316,37.94715902079725,38.521846771240234,74470600
2022-03-21,BAC,38.92591847810434,38.99775572985403,38.171644461676145,38.46796798706055,47106400
2022-03-22,BAC,39.34795805476193,40.075294893705795,39.240205590788825,39.67121887207031,52360600
2022-03-23,BAC,39.25816554596134,39.51856705269426,38.63858116088551,38.69245910644531,48539300
2022-03-24,BAC,38.95286375701537,38.9977603319628,38.51286910159673,38.67449951171875,30360800
2022-03-25,BAC,39.042645570475564,39.743041527377756,38.90795588474182,39.26713180541992,38968100
2022-03-28,BAC,39.24917797036189,39.285096595056345,38.45898877941539,39.105506896972656,37428600
2022-03-29,BAC,39.734069686723245,39.85978144953431,38.710412846246115,39.00673294067383,46355800
2022-03-30,BAC,39.00672785025415,39.19529889525066,38.387147060660425,38.61163330078125,36601800
2022-03-31,BAC,38.46796813427918,38.51286470410021,36.99533872166182,37.01329803466797,67902500
2022-04-01,BAC,37.43533387727629,37.48023387725464,36.23208718118283,36.72595977783203,61929200
2022-04-04,BAC,36.34881834646268,36.941461993536954,36.06147617972296,36.66310119628906,53761700
2022-04-05,BAC,36.3129009285218,36.60024310483024,35.95372492083071,36.04351806640625,51781700
2022-04-06,BAC,35.68434850548035,35.926790727411905,35.33414695353459,35.64842987060547,54159800
2022-04-07,BAC,35.81902482921425,35.89984001471198,34.88516122466011,35.370052337646484,54585000
2022-04-08,BAC,35.459859669085255,36.007603397956444,35.30720719435216,35.62148666381836,41018900
2022-04-11,BAC,35.4508699671981,36.27698118983845,35.37005477612881,35.549644470214844,34198700
2022-04-12,BAC,35.531691506790786,35.989645479803215,34.885169862721064,35.17251205444336,42855300
2022-04-13,BAC,34.570880849177954,35.02883127013912,34.445169103243046,34.85822296142578,45484200
2022-04-14,BAC,34.56190526551587,34.99291846330287,33.60110094446695,33.73579406738281,79032000
2022-04-18,BAC,33.60110071204956,35.29821966241926,33.42151444992181,34.885162353515625,80080300
2022-04-19,BAC,35.20842411378379,35.8100490703757,35.11863098014965,35.53168487548828,53714200
2022-04-20,BAC,36.05249380255967,36.25003937703475,35.567602671288405,35.61249923706055,47064300
2022-04-21,BAC,35.91780528338025,36.106372939024666,34.678640041994754,34.93904495239258,46245900
2022-04-22,BAC,34.84924548131079,34.88516067677707,33.67293633873779,33.72681427001953,50409800
2022-04-25,BAC,33.12519557483875,33.583149513188786,32.26316906491839,33.484375,64301100
2022-04-26,BAC,33.116219241000714,33.70886292356347,32.703161854362584,32.7301025390625,44809900
2022-04-27,BAC,32.568473536636006,33.1431579293065,32.47867695941301,32.550514221191406,39824900
2022-04-28,BAC,32.98152654039473,33.17907557905442,32.46969805422108,33.05336380004883,39567800
2022-04-29,BAC,32.999482000894226,33.34070209361774,31.912969265951265,32.03868103027344,47385200
2022-05-02,BAC,32.35296193783292,32.57744822033332,31.78725897221188,32.45173645019531,46652200
2022-05-03,BAC,32.63132834922327,33.7896784666867,32.622350404492366,33.34070587158203,48926000
2022-05-04,BAC,33.556199711950185,34.795364624124396,33.475384534517346,34.67863082885742,57860300
2022-05-05,BAC,34.16681669803174,34.310487803625826,33.107241009754354,33.708866119384766,48860600
2022-05-06,BAC,33.55620307086166,33.780689316713755,32.87376639064215,33.6280403137207,50440100
2022-05-09,BAC,33.10723286820531,33.277844619097564,32.37989957360491,32.658260345458984,51242000
2022-05-10,BAC,32.99947099875201,33.34069097771156,31.589697953924762,32.110504150390625,60235300
2022-05-11,BAC,32.23622867742526,33.15212961443196,31.886027230465597,31.939905166625977,54969300
2022-05-12,BAC,31.437054528741815,31.814193228969355,30.763595744767677,31.49093246459961,61231500
2022-05-13,BAC,31.903991252136887,32.08358097379371,31.21257305026101,31.580730438232422,49117900
2022-05-16,BAC,31.42807942547878,31.58072845278733,30.8982916638623,31.257471084594727,39076500
2022-05-17,BAC,31.984804950820383,32.523574090443304,31.814196607237005,32.317047119140625,42635600
2022-05-18,BAC,31.984807198699645,32.04766308893148,31.068902679821264,31.320329666137695,47396900
2022-05-19,BAC,30.790536844073884,31.284405940626073,30.75461821968027,30.934207916259766,47002700
2022-05-20,BAC,31.248491912426793,31.410122320582943,29.596272626577655,30.4044246673584,62406500
2022-05-23,BAC,31.212569948746992,32.559487589249784,31.12277680953562,32.20928955078125,69081900
2022-05-24,BAC,31.850115054448896,32.29010625265569,31.392161117095377,32.01174545288086,46146700
2022-05-25,BAC,31.877052488595023,32.56847065784502,31.688484831178354,32.18235397338867,49343400
2022-05-26,BAC,32.77500140437458,33.08030292433501,32.63133030235727,32.927650451660156,60201200
2022-05-27,BAC,33.12519427816969,33.26886535753248,32.846833488685434,33.24192810058594,43365600
2022-05-31,BAC,33.06233674277522,33.69987691150034,32.873769102795436,33.40355682373047,71609200
2022-06-01,BAC,33.6370280164784,33.64600938713595,32.478677829682425,32.927650451660156,35237900
2022-06-02,BAC,32.88248538479582,33.153419759128,32.575425508521356,33.14439010620117,35341900
2022-06-03,BAC,32.94570831973421,33.12633241190007,32.62961874228245,32.68380355834961,25235200
2022-06-06,BAC,33.14439974285219,33.604987968620016,32.602527391522315,32.64768600463867,40394000
2022-06-07,BAC,32.42189682826208,32.882484913513736,32.27739826768141,32.82829666137695,29152200
2022-06-08,BAC,32.439968543023646,32.61156301787096,32.07872372594478,32.41287612915039,33590600
2022-06-09,BAC,32.27740381521581,32.36771413918137,31.15753719440554,31.166566848754883,49419000
2022-06-10,BAC,30.416978124373045,30.742100766611905,29.82092109530768,29.95638656616211,49318200
2022-06-13,BAC,29.251960878642073,29.595146324391155,28.66493513703442,28.917808532714844,61216600
2022-06-14,BAC,28.827492561369358,29.441610628670478,28.204341395475115,28.412057876586914,49349800
2022-06-15,BAC,28.881684498535325,29.342276149661952,28.375939403907186,28.944902420043945,51540100
2022-06-16,BAC,28.448187099580306,28.899745624970468,27.8701927382998,28.764278411865234,61363400
2022-06-17,BAC,28.926841104438534,29.423558291185294,28.57462596846793,28.827499389648438,80470300
2022-06-21,BAC,29.70352205768572,30.064770290204432,29.45968001750336,29.667396545410156,53537200
2022-06-22,BAC,29.251958504205884,29.748672155425705,29.188740591057066,29.441612243652344,38305600
2022-06-23,BAC,29.24293073044777,29.270023139219813,28.23143888735463,28.971996307373047,44091500
2022-06-24,BAC,28.22240885430041,29.595147234387778,28.204346099219467,29.17971420288086,79504700
2022-06-27,BAC,29.279051578530037,29.44161291465131,28.81846342293175,29.21583366394043,47900300
2022-06-28,BAC,29.649331845520713,30.25441856312668,29.0713340895202,29.134552001953125,49863800
2022-06-29,BAC,29.107462050851474,29.297115804150202,28.592685608973138,28.7733097076416,35149700
2022-06-30,BAC,28.15016016365097,28.493343904794695,27.671507479037633,28.11403465270996,46312300
2022-07-01,BAC,27.978564937663396,28.6017161653719,27.662473635344067,28.50237274169922,40236100
2022-07-05,BAC,27.81600500664667,28.213376998901367,27.49991541087952,28.213376998901367,47411800
2022-07-06,BAC,28.00565743792883,28.22240530395614,27.671503401204063,27.97856330871582,35933700
2022-07-07,BAC,28.448187019061994,28.90877519780435,28.421092887494,28.7733097076416,40137900
2022-07-08,BAC,28.908774037159173,29.12552363588278,28.502372415310163,28.71009063720703,31153800
2022-07-11,BAC,28.49333853833655,28.71008811804147,28.25852965168077,28.412057876586914,29311900
2022-07-12,BAC,28.014688825882168,28.926835449830214,27.97856332024993,28.321748733520508,39527000
2022-07-13,BAC,28.059845483341523,28.132094775904115,27.454757012170184,27.852128982543945,44153700
2022-07-14,BAC,27.174792732151545,27.292197193144283,26.795483494434766,27.21091651916504,51707800
2022-07-15,BAC,27.680533287870176,29.468706100835966,27.644409506755895,29.125520706176758,77801700
2022-07-18,BAC,29.87511108852912,30.146045491115643,28.99005342423246,29.134552001953125,56382900
2022-07-19,BAC,29.71255376865587,30.362795733611836,29.51386690555133,30.118953704833984,46874900
2022-07-20,BAC,29.96542555488509,30.209267584495926,29.757709035983638,30.127986907958984,35514900
2022-07-21,BAC,29.88414012199724,30.407946163441157,29.75770429975622,30.3898868560791,31244000
2022-07-22,BAC,30.34472848593148,30.65178839021693,29.884140352062207,30.191200256347656,27115400
2022-07-25,BAC,30.507286654555454,30.687910716918157,30.200226782074097,30.46213150024414,30381000
2022-07-26,BAC,30.173137488280847,30.507289798764646,29.7667341673585,29.84801483154297,30645700
2022-07-27,BAC,30.019603858364125,30.498254658499786,29.75769916031673,30.335693359375,30344800
2022-07-28,BAC,30.254423079697176,30.480202356411336,29.71255419363054,30.091861724853516,40176500
2022-07-29,BAC,30.227331441217082,30.651794149603948,30.11895490514012,30.534391403198242,48152500
2022-08-01,BAC,30.362793959228014,30.606635973755882,30.001549209834142,30.444074630737305,32336700
2022-08-02,BAC,30.344732619563658,30.453109150040277,29.802863747653625,29.8389892578125,37884100
2022-08-03,BAC,30.182164926601228,30.480195155107587,29.95638570323006,30.38085174560547,30065800
2022-08-04,BAC,30.272487091098586,30.407952595675834,29.95639402351467,30.164113998413086,28404500
2022-08-05,BAC,30.05573522963404,31.004010916878737,30.01961316483247,30.66985511779785,35874500
2022-08-08,BAC,30.85950438464787,30.967880898629765,30.209262526345228,30.24538803100586,33454300
2022-08-09,BAC,30.389895137260904,30.66985926419343,30.173145493556923,30.63373374938965,40196900
2022-08-10,BAC,31.15753538683772,31.997434442440163,31.112380227474564,31.672311782836914,61415800
2022-08-11,BAC,32.30449906329181,32.56640384898139,32.19612597598238,32.43093490600586,50420800
2022-08-12,BAC,32.65671007771307,32.79217900366753,32.2322439918325,32.783145904541016,31821700
2022-08-15,BAC,32.36771727142543,32.78315031405755,32.214185571684986,32.73799514770508,24908000
2022-08-16,BAC,32.68380280945855,33.361140555722045,32.60252214210222,33.090206146240234,31870200
2022-08-17,BAC,32.69284210207308,33.04505724563558,32.584469006773524,32.88249588012695,27125600
2022-08-18,BAC,32.73798709416793,32.87345600501839,32.51220787282884,32.765079498291016,23138300
2022-08-19,BAC,32.47607911365916,32.539297013684774,31.889055264118877,32.04258346557617,36485400
2022-08-22,BAC,31.38331646824089,31.446534384078262,31.112382051063854,31.356224060058594,31210300
2022-08-23,BAC,31.311068545752853,31.582006434810424,31.03110444656697,31.07625961303711,26588000
2022-08-24,BAC,30.931752364929938,31.428465947460076,30.751128304432413,31.175594329833984,31389400
2022-08-25,BAC,31.247850602143146,31.861970512045378,31.112385102826057,31.73553466796875,40576700
2022-08-26,BAC,32.006459245187266,32.042584745249535,30.724034999032344,30.733064651489258,36152600
2022-08-29,BAC,30.579547552000587,30.841452354913702,30.35376826227243,30.615673065185547,34931000
2022-08-30,BAC,30.86854263939462,30.958852971013133,30.290548248752152,30.787261962890625,48194900
2022-08-31,BAC,30.83241643570374,31.0401329498523,30.344732387641084,30.3537654876709,44917600
2022-09-01,BAC,30.308307236078065,30.444668733120995,29.69014112703278,30.42648696899414,32848900
2022-09-02,BAC,30.84465706593183,31.34464344085293,30.244672722463125,30.39012336730957,44000800
2022-09-06,BAC,30.58102542328277,30.662841624362624,29.64468715255972,30.053768157958984,40762400
2022-09-07,BAC,29.826503396553466,30.608298467354317,29.6628709829908,30.517393112182617,40742600
2022-09-08,BAC,30.417396862832142,31.571912971522135,30.244675291100773,31.499189376831055,44361800
2022-09-09,BAC,31.79918282482838,32.04463148210602,31.67191392131054,31.762819290161133,37295100
2022-09-12,BAC,31.999166932919653,32.39006611610982,31.844623701794678,32.062801361083984,30534000
2022-09-13,BAC,31.435555486789195,31.562824380611453,30.73557310294949,30.908294677734375,40959600
2022-09-14,BAC,31.090109296995653,31.29010178954523,30.490124883712287,30.790115356445312,32004400
2022-09-15,BAC,30.717389618812106,31.726455031699388,30.63557341052889,31.371915817260742,44863300
2022-09-16,BAC,31.08101420345812,31.117377732957813,30.599209574946872,31.017379760742188,54281800
2022-09-19,BAC,30.653752371416108,31.699177750719286,30.571936170617008,31.535545349121094,29782000
2022-09-20,BAC,31.362831567207667,31.617369380370324,30.79921063756852,31.062837600708008,33591100
2022-09-21,BAC,31.1901058073627,31.271922017492038,30.10831331033953,30.135587692260742,51667800
2022-09-22,BAC,30.28103889771558,30.38103340718752,29.444695015874906,29.544692993164062,47527500
2022-09-23,BAC,29.026523577555725,29.171974228947047,28.37199391238624,28.844709396362305,55316100
2022-09-26,BAC,28.471991228695888,28.926524937286587,27.890188636550516,28.208362579345703,40360200
2022-09-27,BAC,28.426539558526216,28.517446650246807,27.54474302291759,27.790191650390625,43396600
2022-09-28,BAC,27.75383252018414,28.462904089121995,27.626561885985797,28.244728088378906,38372900
2022-09-29,BAC,27.899276198774906,28.09017950138941,27.462922572683503,27.87200355529785,35220900
2022-09-30,BAC,27.96291564722215,28.35381493761358,27.426565700021154,27.453838348388672,42294100
2022-10-03,BAC,27.80837518197926,28.435632247396995,27.453839409047298,28.262908935546875,34591700
2022-10-04,BAC,28.835616133269777,29.56287106409342,28.781072576978232,29.43560218811035,39758700
2022-10-05,BAC,28.671988297314773,29.11742940726708,28.590172087839456,29.017433166503906,35791100
2022-10-06,BAC,28.726529032796677,28.981066784870123,28.50835307363013,28.599258422851562,40891900
2022-10-07,BAC,28.33562954092586,28.399263978386948,27.753826988243514,27.953821182250977,52304600
2022-10-10,BAC,28.09017950138941,28.226539250958098,27.59019317500146,27.87200355529785,37669100
2022-10-11,BAC,27.608379512762642,27.69928487160168,26.881124504690323,27.062938690185547,58124000
2022-10-12,BAC,26.944756569281545,27.553831782806864,26.799305927297148,27.144752502441406,36137900
2022-10-13,BAC,26.73567685177168,28.881076852305693,26.64476974881691,28.808351516723633,67671000
2022-10-14,BAC,28.91743436350919,29.662871110032675,28.699258389127383,28.81743812561035,58108500
2022-10-17,BAC,30.326489230294058,30.7901120816871,29.881044675348868,30.56284523010254,88896800
2022-10-18,BAC,31.799180202663116,32.144626817881345,31.162832269729716,31.708274841308594,81937900
2022-10-19,BAC,31.435559233420598,31.662826133137692,30.699213229922854,30.8355712890625,43139900
2022-10-20,BAC,30.890115968348496,31.48101128278326,30.535580166814682,30.635578155517578,39549100
2022-10-21,BAC,30.508306447764625,31.85372592718789,30.508306447764625,31.771909713745117,54870300
2022-10-24,BAC,31.917354507527534,32.05371252632206,31.55372618844215,31.880990982055664,33765600
2022-10-25,BAC,31.58100610088943,32.34462293053597,31.390099292614845,32.171897888183594,37132300
2022-10-26,BAC,32.19916740464351,32.80824439922295,32.13553296058825,32.45370864868164,41104600
2022-10-27,BAC,32.862790917819154,33.062783406086616,32.51734430307754,32.60824966430664,35261900
2022-10-28,BAC,32.76278773746844,32.99914371982416,32.399159414657056,32.89005661010742,31659100
2022-10-31,BAC,32.72642334035799,33.026417218863244,32.55370179892008,32.762786865234375,32565500
2022-11-01,BAC,33.12641167063762,33.417312933665,32.826421260310404,32.90823745727539,29913200
2022-11-02,BAC,32.79006484618972,33.89003570228545,32.68097771585244,32.80824661254883,57380600
2022-11-03,BAC,32.453716531880794,32.85370505850442,32.19008607514757,32.62643814086914,30046500
2022-11-04,BAC,33.18096492033929,33.635498686371335,32.92642712106292,33.44459533691406,39369400
2022-11-07,BAC,33.644588470458984,33.94458242625101,33.390050666381505,33.644588470458984,37533700
2022-11-08,BAC,33.717318566938225,34.017309081853455,33.40823543373652,33.73550033569336,32664300
2022-11-09,BAC,33.52641113304143,33.59913473142943,33.08096652207689,33.19914627075195,30164400
2022-11-10,BAC,33.90821870324614,34.74456264712959,33.76276803489478,34.66274642944336,45702800
2022-11-11,BAC,34.71728235441605,35.089999845375026,34.51728988685406,34.91727828979492,35688700
2022-11-14,BAC,34.626375574041276,34.78091535931874,34.317292535669594,34.32638168334961,35541400
2022-11-15,BAC,34.71728405724075,34.81728202983492,33.90821459580363,34.27184295654297,46082800
2022-11-16,BAC,34.19002779072687,34.3082075317413,33.81731027012796,33.96276092529297,23813000
2022-11-17,BAC,33.52641210937179,33.817313447029974,33.23551077171361,33.7900390625,23689700
2022-11-18,BAC,34.3536586275574,34.40820045334417,33.562767475479234,33.8082160949707,32041800
2022-11-21,BAC,33.71731664498181,34.10821598139065,33.6900457273125,33.91731262207031,27935700
2022-11-22,BAC,34.17184942938153,34.36275278308672,34.026398759727456,34.0809440612793,23499300
2022-11-23,BAC,34.08093821302291,34.23547800584132,33.97184762863907,34.190025329589844,18934700
2022-11-25,BAC,34.29002472136164,34.4263827557761,34.14457407062932,34.27184295654297,16118500
2022-11-28,BAC,33.999129450424135,34.235485499355946,33.480961198542616,33.50823211669922,35428300
2022-11-29,BAC,33.61732009307653,33.771863391381416,33.38096403826746,33.635501861572266,27048800
2022-11-30,BAC,33.54459550231379,34.408206939697266,32.908247494912025,34.408206939697266,51747900
2022-12-01,BAC,34.28934119289708,34.46307259922792,33.2835219131423,33.420677185058594,46213200
2022-12-02,BAC,32.97262151488381,33.18292899036749,32.74402597786793,32.990909576416016,42295300
2022-12-05,BAC,32.74403514963468,32.81718392816174,31.21701472083522,31.518762588500977,71386600
2022-12-06,BAC,31.61019179384995,31.710774392095505,29.635126417682017,30.174612045288086,84085700
2022-12-07,BAC,29.799713767511445,30.101458056718418,29.580260521468276,29.936872482299805,49234100
2022-12-08,BAC,30.147182544562927,30.165470607312454,29.42481976236747,29.66255760192871,45491100
2022-12-09,BAC,29.360811029850552,29.808856324453558,29.33338068188046,29.607694625854492,36985500
2022-12-12,BAC,29.543691690403104,29.97344897508724,29.315096128389097,29.927730560302734,41060500
2022-12-13,BAC,30.67752526387175,30.787250162478188,29.7814310343873,29.946020126342773,54804800
2022-12-14,BAC,29.991735495493355,30.174612633313508,29.40653144494188,29.51625633239746,48819500
2022-12-15,BAC,29.031634880525054,29.251086399470317,28.793895298989607,29.049922943115234,49027600
2022-12-16,BAC,28.9127637296789,29.196221701760855,28.665880135908083,28.98591423034668,61795200
2022-12-19,BAC,29.04077829326759,29.470537290709395,29.013346199966605,29.315093994140625,38374100
2022-12-20,BAC,29.625986701718926,29.790575788024483,29.388245360125783,29.433963775634766,35561100
2022-12-21,BAC,29.735712295002816,30.05574469917427,29.635129685665618,29.88201332092285,32544000
2022-12-22,BAC,29.735709116080876,29.790573302969936,29.141361043814307,29.616838455200195,30234400
2022-12-23,BAC,29.625984522691326,29.790573596891154,29.433961610730687,29.689990997314453,21378600
2022-12-27,BAC,29.717417904850446,29.872861185761437,29.51625272899777,29.744848251342773,22776100
2022-12-28,BAC,29.781430631105437,30.147184938962923,29.744854502701372,29.96430778503418,30541000
2022-12-29,BAC,30.074031998286674,30.320915627262732,29.946019039874983,30.302627563476562,22252900
2022-12-30,BAC,30.266053746951183,30.448930910685476,30.04660394094345,30.28434181213379,28198900
2023-01-03,BAC,30.38491953937745,31.171288775288343,30.36663147713636,30.640945434570312,35221500
2023-01-04,BAC,30.997560704059065,31.838790727831643,30.933554223471656,31.217010498046875,41998500
2023-01-05,BAC,31.015843057794978,31.217008261279528,30.704956453269887,31.15300178527832,34177000
2023-01-06,BAC,31.17128806269757,31.61933685713368,30.66837857088354,31.463890075683594,34068700
2023-01-09,BAC,31.77478407957623,31.783926367572654,30.823825675736146,30.988414764404297,43818800
2023-01-10,BAC,30.851256307464205,31.335877746981396,30.759815996551673,31.198719024658203,35096000
2023-01-11,BAC,31.198717280654815,31.491319283036095,31.088992401784587,31.436458587646484,36783700
2023-01-12,BAC,31.637629789618952,31.884513457320377,31.418179965945725,31.518762588500977,44230400
2023-01-13,BAC,31.271871544072837,32.359985092666456,30.256906756751203,32.21368408203125,89667800
2023-01-17,BAC,31.719919322998283,31.847935769311654,31.226155553869877,31.564476013183594,56458400
2023-01-18,BAC,31.390745321319944,31.39988760935226,30.64094864328153,30.832971572875977,54517800
2023-01-19,BAC,30.43063662245186,30.677520219791813,30.074028144546734,30.384918212890625,42707100
2023-01-20,BAC,30.448926127131283,30.98841175694329,30.256906705018,30.95183563232422,45004400
2023-01-23,BAC,30.915262242363372,31.555326967142022,30.860398056771857,31.381595611572266,33683300
2023-01-24,BAC,31.2901552048008,31.811352699877116,31.043271630066116,31.610187530517578,26716700
2023-01-25,BAC,31.36330677628962,31.966798850549626,31.317588366803008,31.884504318237305,28859700
2023-01-26,BAC,32.049098320329215,32.323412307600606,31.81136046151844,32.31427001953125,30035500
2023-01-27,BAC,32.40570636631028,32.71659647737705,32.25026305482266,32.414852142333984,29964900
2023-01-30,BAC,32.195396350118564,32.51543221223039,32.16796600037145,32.27769088745117,27353500
2023-01-31,BAC,32.158820079898526,32.44227981567383,32.00337678124485,32.44227981567383,38917400
2023-02-01,BAC,32.18625920581678,33.1555022580599,32.10396465533464,32.84461212158203,44438700
2023-02-02,BAC,33.00919869771825,33.265228106352566,32.40570653637348,33.0366325378418,33729100
2023-02-03,BAC,32.9360470435325,33.612687913701436,32.826322156927766,33.310943603515625,37411700
2023-02-06,BAC,33.14634813261805,33.32007946022124,32.899464569335265,33.256072998046875,29463200
2023-02-07,BAC,33.073202390230946,33.832141288002376,33.03662975330139,33.62183380126953,44100200
2023-02-08,BAC,33.29265587114329,33.68584049747394,33.22864939598168,33.37495040893555,28032800
2023-02-09,BAC,33.16464508145513,33.237793848651975,32.515434512182765,32.66173553466797,35257100
2023-02-10,BAC,32.50628808459918,32.54286421151014,32.03080889903092,32.533721923828125,32898900
2023-02-13,BAC,32.44228572886739,32.71659973937279,32.35999117690658,32.59773254394531,29163900
2023-02-14,BAC,32.57943920196811,32.90861735650137,32.42399241206459,32.57029342651367,33625200
2023-02-15,BAC,32.29597720007942,32.56114886023789,32.149676195869766,32.51543045043945,23500100
2023-02-16,BAC,32.38741235013562,32.606865589183045,32.204538720368824,32.2593994140625,22681100
2023-02-17,BAC,32.07653369022484,32.359989979081625,31.76564355966868,32.32341384887695,28562700
2023-02-21,BAC,31.92108453625636,32.049097494478225,31.33588044833269,31.564476013183594,37068900
2023-02-22,BAC,31.418176327414173,31.591907708376695,31.153004623767444,31.354169845581055,38550400
2023-02-23,BAC,31.4547529037736,31.63762657555917,30.960985618532465,31.326736450195312,28488000
2023-02-24,BAC,30.96098112153688,31.354165737331964,30.942693059396273,31.28101348876953,27046600
2023-02-27,BAC,31.500466746365635,31.71991651587054,31.244437364488316,31.28101348876953,30137500
2023-02-28,BAC,31.409026364082592,31.537042798775104,31.253583068378465,31.36330795288086,32620600
2023-03-01,BAC,31.226156274183126,31.53704638907551,31.070709472691142,31.217010498046875,29281600
2023-03-02,BAC,30.977727194273665,31.014540547046824,30.370320916374755,30.82127571105957,44607200
2023-03-03,BAC,30.968527298497953,31.557526932096987,30.968527298497953,31.437885284423828,39109100
2023-03-06,BAC,31.511509081958557,31.806008871542936,31.281430901926107,31.37346076965332,36646700
2023-03-07,BAC,31.15258767698701,31.198606126742426,30.186259914275126,30.370323181152344,52855300
2023-03-08,BAC,30.057415310898936,30.342713537092756,29.854945375489475,29.96538543701172,40045600
2023-03-09,BAC,29.707694050042658,29.808929012905732,27.894678588670818,28.106351852416992,112457900
2023-03-10,BAC,27.903881220810312,28.566507498632077,26.615443771672833,27.857866287231445,165330900
2023-03-13,BAC,26.615443377571506,27.351692836074758,25.649115743866343,26.238115310668945,218403300
2023-03-14,BAC,27.600177236445294,27.692208856096546,26.20130153274631,26.46819305419922,154255800
2023-03-15,BAC,25.65831993737195,26.284132918466423,25.474258431693038,26.219711303710938,131104400
2023-03-16,BAC,26.11847619030094,27.12161727115579,25.869993071239406,26.661460876464844,108348800
2023-03-17,BAC,26.376160690336267,26.376160690336267,25.41903643689741,25.603097915649414,130665500
2023-03-20,BAC,25.989630224235377,26.164490127301487,25.44664559525942,25.538677215576172,81441200
2023-03-21,BAC,26.348554381373468,26.670664208651914,26.238117829674042,26.311742782592773,84854800
2023-03-22,BAC,26.422179080996525,26.449789096335365,25.43744468688965,25.43744468688965,76925900
2023-03-23,BAC,25.768757911483604,25.85158620234196,24.655180287166008,24.82083511352539,105335900
2023-03-24,BAC,24.48032306266071,25.1153394440479,24.222634823241588,24.977291107177734,96872700
2023-03-27,BAC,25.70433663030969,26.366961210397008,25.685929953134597,26.219711303710938,102469800
2023-03-28,BAC,26.118477870256267,26.36696276065783,25.750353081896982,25.87919807434082,63416500
2023-03-29,BAC,26.21970986504767,26.477398065287737,25.9896316790553,26.385366439819336,62666400
2023-03-30,BAC,26.615444057179616,26.74428727686832,25.869991241990775,26.044849395751953,67427100
2023-03-31,BAC,26.33934859918346,26.39456686623029,26.008035486188366,26.320941925048828,56482100
2023-04-03,BAC,26.357757719907976,26.670664208651914,26.072461246767567,26.311742782592773,51996800
2023-04-04,BAC,26.27493284400261,26.366964485953794,25.455854916887972,25.750354766845703,56233300
2023-04-05,BAC,25.45585136378221,25.68592955886727,25.271788105571236,25.43744468688965,47799400
2023-04-06,BAC,25.51106554169582,25.77795704769978,25.41903568272884,25.621503829956055,41216600
2023-04-10,BAC,25.46505425591263,25.860789025380218,25.446647579342674,25.713539123535156,40572700
2023-04-11,BAC,25.787161871875217,26.458989711079525,25.73194184688191,26.422176361083984,58761200
2023-04-12,BAC,26.394569689529515,26.698272823808317,26.109273231354216,26.210506439208984,44313300
2023-04-13,BAC,26.284133911132812,26.357758867256422,25.989634086638368,26.284133911132812,52261400
2023-04-14,BAC,26.965163126308912,27.489742873239663,26.919148190519316,27.167633056640625,81110800
2023-04-17,BAC,27.397709789218542,27.986709361715764,27.057193314270343,27.94989776611328,83704400
2023-04-18,BAC,28.345632620935916,28.465274264065883,27.42531985070608,28.124757766723633,114498800
2023-04-19,BAC,27.729025806603484,27.79344918155273,27.41612104792312,27.66460418701172,65594200
2023-04-20,BAC,27.462132876457716,27.821054290851006,27.39771126416736,27.517351150512695,43193800
2023-04-21,BAC,27.37930777741657,27.590979315418362,27.066401262388926,27.48974609375,44759000
2023-04-24,BAC,27.416117857640124,27.517351067208235,27.23205460420437,27.388507843017578,28020300
2023-04-25,BAC,27.103213827320467,27.176838784271336,26.523415755394605,26.54182243347168,49718800
2023-04-26,BAC,26.46819247540537,26.633849036083692,26.044847736409984,26.17369270324707,45848400
2023-04-27,BAC,26.24731868773091,26.762693309457035,26.24731868773091,26.587833404541016,33060100
2023-04-28,BAC,26.2565236996096,27.08480483332303,26.23811702310641,26.946758270263672,45592500
2023-05-01,BAC,27.149226512355334,27.186039865452063,26.68907013078999,26.72588348388672,34076800
2023-05-02,BAC,26.55102431146147,26.560227649993568,25.501866538447782,25.91600799560547,70797700
2023-05-03,BAC,25.916006679472254,26.228913152243386,25.593896868636413,25.63991355895996,51139500
2023-05-04,BAC,25.382223744252634,25.593895240201416,24.69198923153145,24.8392391204834,82173800
2023-05-05,BAC,25.419042656936213,25.66752580182309,25.280994319895424,25.501869201660156,50087100
2023-05-08,BAC,25.84238473684833,25.906806355438945,25.455853269947198,25.483463287353516,34245500
2023-05-09,BAC,25.234975751174304,25.61230383938152,25.069319174818496,25.45585060119629,32188800
2023-05-10,BAC,25.73194198891138,25.768755339110115,24.866849323526978,25.142942428588867,44446400
2023-05-11,BAC,24.857646972035845,25.299396659801154,24.738005334501146,25.207365036010742,34897300
2023-05-12,BAC,25.327009207199588,25.35461746834852,24.73800780923298,24.9312744140625,38142000
2023-05-15,BAC,24.940474455174595,25.60309896549525,24.876052847201954,25.446645736694336,38722800
2023-05-16,BAC,25.566285634145412,25.676722167353745,25.152144246221543,25.17975425720215,33347500
2023-05-17,BAC,25.52947359746118,26.385364672894266,25.520270259994923,26.293333053588867,61750400
2023-05-18,BAC,26.173693317517444,26.228911587253766,25.768755243617733,26.20130157470703,51146100
2023-05-19,BAC,26.192099352465277,26.38536593780752,25.796366354587764,25.869991302490234,50062500
2023-05-22,BAC,26.044851684283998,26.18290000934601,25.777961883569343,26.0816650390625,36473700
2023-05-23,BAC,26.063258286144716,26.762696226693016,26.044851608808806,26.302539825439453,51400400
2023-05-24,BAC,26.0724617772137,26.23811836349047,25.76875862082541,25.860790252685547,50606900
2023-05-25,BAC,25.759552477171564,25.989630654090234,25.65831751761305,25.925209045410156,40517800
2023-05-26,BAC,25.952819148353726,26.13688063731112,25.575491077330298,26.054052352905273,57879100
2023-05-30,BAC,26.063255838603613,26.219709070551954,25.722741116653065,26.008037567138672,41819600
2023-05-31,BAC,25.860787399000998,25.91600566988091,25.290192748717992,25.575490951538086,61905200
2023-06-01,BAC,25.751746355624388,25.95583016215196,25.36213052907941,25.770299911499023,57426100
2023-06-02,BAC,26.12280436125535,26.855653774371735,26.085699024928697,26.633014678955078,66578100
2023-06-05,BAC,26.735061611498956,26.735061611498956,26.252679778621417,26.475318908691406,34757800
2023-06-06,BAC,26.401104351913716,27.300932330588488,26.391829343528837,27.115400314331055,46297900
2023-06-07,BAC,27.180338267190127,27.505018438169788,26.911318767371267,27.34731674194336,44502600
2023-06-08,BAC,27.161784203077634,27.254548441841912,26.8927629564408,27.115400314331055,41483100
2023-06-09,BAC,27.087572106248707,27.273102355578683,26.976252541159155,27.152507781982422,32692000
2023-06-12,BAC,27.18033619040239,27.421527105576583,26.81855070232332,27.022634506225586,41011300
2023-06-13,BAC,27.02263600708589,27.644166000495424,26.929871762482758,27.273103713989258,42718800
2023-06-14,BAC,27.430805385656924,27.579230300144314,26.892764628299005,27.01336097717285,38322800
2023-06-15,BAC,26.80927200335995,27.338035915542722,26.61446499123549,27.245271682739258,42044900
2023-06-16,BAC,27.39369811750026,27.53284624388743,27.05046442100512,27.07829475402832,53050200
2023-06-20,BAC,26.91131589635132,26.939146228962656,26.512423309077494,26.781444549560547,39040900
2023-06-21,BAC,26.69795591915866,26.90203972145366,26.475318561373808,26.50314712524414,39553400
2023-06-22,BAC,26.4382102929704,26.4660406249868,25.881616038192885,25.937274932861328,50742900
2023-06-23,BAC,25.733193009584692,25.87234114105016,25.594044878119227,25.742469787597656,55181100
2023-06-26,BAC,25.788851521964446,26.234128013093702,25.779576513454916,26.057872772216797,47519300
2023-06-27,BAC,26.06715012997894,26.34544639493178,25.92800199750252,26.197021484375,39081800
2023-06-28,BAC,26.206298460041896,26.224852016342506,25.88161830223927,26.03931999206543,37803800
2023-06-29,BAC,26.438210688685963,26.90203894638221,26.345444683273836,26.58663558959961,68376400
2023-06-30,BAC,26.846379840531988,27.004081517687652,26.595912158691046,26.614465713500977,50479000
2023-07-03,BAC,26.623741945863184,27.226718309926774,26.57735805978793,27.087570190429688,30995800
2023-07-05,BAC,27.03191432066599,27.291658820654476,26.855660830418287,26.976255416870117,37492000
2023-07-06,BAC,26.716509033187286,26.73506258959931,26.06715048304721,26.234128952026367,52098000
2023-07-07,BAC,26.25267732532796,26.735059113127274,26.243402317692542,26.466039657592773,34288000
2023-07-10,BAC,26.521699916620438,26.76289082294621,26.41038035625301,26.58663558959961,36086000
2023-07-11,BAC,26.586638224235603,26.976254070084494,26.364000850802604,26.920595169067383,40978700
2023-07-12,BAC,27.375144371757283,27.727653074110705,27.15250701721337,27.23599624633789,41855500
2023-07-13,BAC,27.384420982484254,27.709101119393814,27.28237819876183,27.523569107055664,39589000
2023-07-14,BAC,27.829695458479165,27.922461463880307,26.948421061214905,27.00408172607422,58720300
2023-07-17,BAC,27.041189563752333,27.421528628591723,27.013360998117214,27.273103713989258,49477200
2023-07-18,BAC,27.82969514356743,28.62748030387963,27.75548269395916,28.479055404663086,98253800
2023-07-19,BAC,28.655308722808822,29.406711761856187,28.469778484401502,29.24901008605957,70619800
2023-07-20,BAC,29.06348110825696,29.499479071801037,28.998545429576406,29.397438049316406,42128800
2023-07-21,BAC,29.56441520458913,29.787052565602593,29.146969046836098,29.66645622253418,70872400
2023-07-24,BAC,29.685008602638487,30.473515228154557,29.666455047614384,30.287986755371094,64548600
2023-07-25,BAC,30.390027147516623,30.417859250468183,29.74994539929345,29.824159622192383,51208800
2023-07-26,BAC,29.907647761699355,30.18594400995228,29.824158533350598,30.06534767150879,41814600
2023-07-27,BAC,30.083902733232346,30.371477542775807,29.518031661498192,29.638628005981445,45529500
2023-07-28,BAC,29.82416102063339,29.833436029566197,29.41598985300813,29.59224510192871,33296500
2023-07-31,BAC,29.592241094291126,29.916921213269234,29.480923308527622,29.685007095336914,29093400
2023-08-01,BAC,29.53658810002688,29.62935411959855,29.1469722333176,29.332504272460938,32712000
2023-08-02,BAC,28.90577676911239,29.017096329060166,28.553268073112452,28.93360710144043,38855100
2023-08-03,BAC,28.70169356519432,29.267562845948984,28.646032899390715,29.137691497802734,27933400
2023-08-04,BAC,29.091310922051846,29.378883966499526,28.915055676387038,29.0356502532959,30768100
2023-08-07,BAC,29.137690588084116,29.59224206176868,29.137690588084116,29.573688507080078,31745200
2023-08-08,BAC,29.035648692912478,29.044925470539933,28.27497062110536,29.00782012939453,45951800
2023-08-09,BAC,28.961434683020872,29.017095345790842,28.59964922183767,28.627479553222656,30732100
2023-08-10,BAC,28.76663207635137,29.05420513390731,28.571823265554734,28.701696395874023,26062600
2023-08-11,BAC,28.571819664760834,29.128413921994223,28.525437547226538,29.0263729095459,35720700
2023-08-14,BAC,28.80373302429109,28.85939368708758,28.525436787765933,28.692415237426758,32563700
2023-08-15,BAC,28.2935274437458,28.339909567874944,27.68127420454506,27.77404022216797,43406100
2023-08-16,BAC,27.597783653143615,27.681272888097247,27.09684824342183,27.171062469482422,47220400
2023-08-17,BAC,27.310208118263123,27.4029741230288,27.00408154109145,27.16178321838379,37202200
2023-08-18,BAC,26.939146053102736,27.226719077418327,26.88348538824342,27.00408172607422,31430400
2023-08-21,BAC,27.106126783733895,27.180339245254192,26.71651091841119,27.04119110107422,34959000
2023-08-22,BAC,27.022636807607864,27.124679602931696,26.36400145071849,26.38255500793457,37564200
2023-08-23,BAC,26.391828536987305,26.44748743241781,26.141360853503464,26.391828536987305,44686600
2023-08-24,BAC,26.34544257251969,26.70722978770474,26.317614011680703,26.549528121948242,31934800
2023-08-25,BAC,26.56808279069414,26.707232687454322,26.252679424936087,26.43821144104004,34253200
2023-08-28,BAC,26.614467627912422,26.902040670694337,26.50314806040986,26.67940330505371,33075200
2023-08-29,BAC,26.8000012777262,27.143235032440916,26.642299569240745,27.05974578857422,30428200
2023-08-30,BAC,27.106122728285285,27.152506615648708,26.837103259034972,26.939146041870117,33366400
2023-08-31,BAC,27.060749616671345,27.09816417366482,26.686595126189875,26.817548751831055,37243000
2023-09-01,BAC,26.901730833541762,27.24782303086609,26.901730833541762,27.107515335083008,35228600
2023-09-05,BAC,27.070100752858444,27.23847070125977,26.65852996611177,26.798837661743164,46543600
2023-09-06,BAC,26.564989536044184,26.714651308204843,26.303082326817552,26.555635452270508,45022600
2023-09-07,BAC,26.574346075028643,26.705299691740798,26.24696024913904,26.312437057495117,35023600
2023-09-08,BAC,26.303081884716836,26.546280922308444,26.15341833096266,26.52757453918457,36513900
2023-09-11,BAC,26.66788807793094,26.901734867336742,26.56499491967737,26.63982582092285,34168300
2023-09-12,BAC,26.621114096576257,27.257177564324838,26.564991374159963,27.098161697387695,42284000
2023-09-13,BAC,27.238469588200186,27.303946391211948,26.845606986020552,27.013975143432617,37215700
2023-09-14,BAC,27.285238834174464,27.53779375210898,27.219762029697172,27.31330108642578,44634800
2023-09-15,BAC,27.079455645786645,27.210409261072048,26.892377523285326,26.9765625,61661100
2023-09-18,BAC,26.939146044961262,26.939146044961262,26.64917656204074,26.901731491088867,25752300
2023-09-19,BAC,26.901730804457117,27.070100752858444,26.667884050368418,26.798837661743164,34888100
2023-09-20,BAC,26.94850407227396,27.098165877878834,26.686596804520153,26.705303192138672,26641100
2023-09-21,BAC,26.52757924717828,26.74271785621138,26.209547484212244,26.237607955932617,39906000
2023-09-22,BAC,26.256314081349693,26.368561311816126,25.81668281225033,25.854097366333008,41284400
2023-09-25,BAC,25.7231437541693,25.83539098465009,25.582836054150217,25.816682815551758,32749200
2023-09-26,BAC,25.573480812483986,25.723142590280528,25.264803172764985,25.414464950561523,42237400
2023-09-27,BAC,25.47058880404408,25.8260368802017,25.32092701959115,25.508005142211914,38296300
2023-09-28,BAC,25.414464101889692,25.854095336472664,25.414464101889692,25.779264450073242,36734300
2023-09-29,BAC,26.087944681629363,26.18148374498597,25.508005700215033,25.610897064208984,40645900
2023-10-02,BAC,25.508004764368177,25.59218973988959,24.862587213407064,24.974834442138672,50388600
2023-10-03,BAC,24.778398500835383,24.80646074981326,24.151689213200658,24.23587417602539,62144500
2023-10-04,BAC,24.207816303055928,24.329417619832842,23.92720089898636,24.263940811157227,55696400
2023-10-05,BAC,24.11428102180224,24.40425053457326,23.90849470993752,24.376188278198242,49044100
2023-10-06,BAC,24.10492460833357,24.535201793205538,23.824307424013014,24.385540008544922,58177300
2023-10-09,BAC,24.09557086620989,24.656803458717686,24.0581545274584,24.61003303527832,39953700
2023-10-10,BAC,24.89065037090463,25.536066161204786,24.853234031931684,25.26480484008789,51960100
2023-10-11,BAC,25.414468096168658,25.667023046500546,25.16191314583677,25.274160385131836,38508200
2023-10-12,BAC,25.227389730374735,25.330282883454792,24.89065158375612,25.16191291809082,44249800
2023-10-13,BAC,25.65766758313152,25.928928905351892,24.806465493236004,25.03095817565918,55089700
2023-10-16,BAC,25.40511344274539,25.423821612894415,25.040313045385883,25.246097564697266,56817500
2023-10-17,BAC,25.30222173071114,26.069240693480264,24.993544042125897,25.83539390563965,95344200
2023-10-18,BAC,25.760560069212207,26.228253591594918,25.45188063169478,25.545419692993164,68371100
2023-10-19,BAC,25.48929592515043,25.98505168083631,25.143201947764222,25.218032836914062,58611000
2023-10-20,BAC,25.068372480328737,25.199327881849737,24.544556226572436,24.61003303527832,62058400
2023-10-23,BAC,24.4416668284951,24.516497733368006,23.871081847880262,23.917850494384766,59857200
2023-10-24,BAC,24.076863336338736,24.198464656401708,23.75883158494073,23.824308395385742,55975700
2023-10-25,BAC,23.74012352784249,23.992678469995212,23.5530471805551,23.899139404296875,45522400
2023-10-26,BAC,23.84301341271489,24.65680085348289,23.796244778326322,24.432308197021484,60921000
2023-10-27,BAC,24.38554158152688,24.38554158152688,23.347261322374358,23.54369354248047,64709300
2023-10-30,BAC,23.68399826855106,24.114277211092055,23.646583716739595,24.030092239379883,41891900
2023-10-31,BAC,24.076861386402673,24.67550850097016,24.058153218045152,24.638093948364258,50106700
2023-11-01,BAC,24.731637840611256,24.9000078205238,24.46037469872783,24.69422149658203,44046300
2023-11-02,BAC,24.984189956519145,25.872808463957256,24.871944497456916,25.83539390563965,63278300
2023-11-03,BAC,26.34049933160947,27.060747792297118,26.31243707767425,26.58370018005371,62613600
2023-11-06,BAC,26.714652207810662,26.91108440545447,26.20954415578637,26.499513626098633,45548000
2023-11-07,BAC,26.237604828911017,26.43403702808935,26.144067555511853,26.340497970581055,33081900
2023-11-08,BAC,26.340498960290798,26.377915298343638,25.882159523798688,26.08794403076172,31896000
2023-11-09,BAC,26.25631351017384,26.265667594518323,25.629604131966833,25.751205444335938,32267900
2023-11-10,BAC,25.966344717084088,25.97569880167539,25.573482084795504,25.89151382446289,32858500
2023-11-13,BAC,25.760557423442346,26.05052687798738,25.64831020459094,25.910219192504883,28521800
2023-11-14,BAC,26.658530342803825,27.50973239698567,26.63046808963736,27.332008361816406,66676300
2023-11-15,BAC,27.31330267982901,27.809056676426447,27.31330267982901,27.706165313720703,46968900
2023-11-16,BAC,27.52843925818043,27.780994172354895,27.33200706356393,27.631332397460938,36952800
2023-11-17,BAC,27.79034707316184,28.061610161091437,27.640685295031414,28.04290199279785,38493300
2023-11-20,BAC,28.042902560224224,28.29545748497049,27.82776397282222,28.070964813232422,46783400
2023-11-21,BAC,28.052257520797262,28.052257520797262,27.640686717700444,27.743579864501953,41611900
2023-11-22,BAC,27.818408274335976,27.865178693302468,27.612623783210584,27.71551513671875,41422700
2023-11-24,BAC,27.57521046760556,27.958719024580848,27.57521046760556,27.809057235717773,15815600
2023-11-27,BAC,27.687456009836133,27.771640983942273,27.603271035729993,27.650039672851562,42039500
2023-11-28,BAC,27.621980667114258,27.73422611579433,27.42554845576027,27.621980667114258,29705800
2023-11-29,BAC,27.949366728483177,28.632200690994267,27.883889914678814,28.35158348083496,57954900
2023-11-30,BAC,28.48357827246277,28.804148323848967,28.323295045118417,28.747577667236328,52547700
2023-12-01,BAC,28.662718834492704,29.275572668119214,28.615576923578598,29.190715789794922,46133300
2023-12-04,BAC,28.78529140049014,29.228431488556282,28.77586265840167,29.058717727661133,37811300
2023-12-05,BAC,28.9267212379522,29.030435610833333,28.596722431979448,28.832435607910156,45723100
2023-12-06,BAC,29.021006754107262,29.718717536322274,28.700436692231605,28.785293579101562,49803100
2023-12-07,BAC,28.84186231273357,29.162432353215205,28.794720400218083,28.907861709594727,32699600
2023-12-08,BAC,28.91728946946558,29.360429546443505,28.860718816698927,29.190715789794922,34794300
2023-12-11,BAC,29.15300883862751,29.30386514374636,28.955008814190887,29.08700942993164,32254000
2023-12-12,BAC,29.01157976343978,29.09643665543461,28.709867168946566,28.983293533325195,34566700
2023-12-13,BAC,28.99272251864308,30.293860341189294,28.87957939558948,30.209003448486328,60311100
2023-12-14,BAC,30.75585432979762,32.12299147582218,30.70871241373422,32.00041961669922,107190000
2023-12-15,BAC,31.88728029166222,32.07585156439858,31.38756947610403,31.679851531982422,83771800
2023-12-18,BAC,31.783563183425233,31.858993124723796,31.50070809695075,31.51956558227539,40694700
2023-12-19,BAC,31.142426589796106,31.745851801610936,30.925570879093772,31.594995498657227,44534800
2023-12-20,BAC,31.472427980432375,31.78356753918497,31.067000982135013,31.095285415649414,44711400
2023-12-21,BAC,31.340428369028967,31.53842659201764,31.010427734016545,31.30271339416504,32325700
2023-12-22,BAC,31.31213684040191,31.745848212775954,31.30270989608837,31.51956558227539,37265900
2023-12-26,BAC,31.538425929868954,32.01927926084565,31.46299598172475,31.92499542236328,24845400
2023-12-27,BAC,31.868420587818793,32.00984993170712,31.736421785095082,31.90613555908203,24498600
2023-12-28,BAC,31.887279012386603,32.02870836043939,31.84013709526825,31.943851470947266,21799600
2023-12-29,BAC,32.00042412269807,32.047569642097706,31.632712090249072,31.745853424072266,28060700
2024-01-02,BAC,31.481854392445477,32.12299458369086,31.36871306360747,31.962711334228516,36668600
2024-01-03,BAC,31.726992638480354,31.84013394771939,31.340423201607727,31.613847732543945,45988700
2024-01-04,BAC,31.65157343574844,32.349286205527825,31.62328899802042,31.86842918395996,39834600
2024-01-05,BAC,31.86841941543687,32.7075577133366,31.783562531565128,32.46241760253906,49242400
2024-01-08,BAC,32.339842565391876,32.339842565391876,31.71756001048651,32.20784378051758,40253900
2024-01-09,BAC,31.887274395300093,31.90613187875653,31.594988796771148,31.708133697509766,39268800
2024-01-10,BAC,31.585567693963174,31.708139560746496,31.340427557094404,31.679851531982422,34904000
2024-01-11,BAC,31.453571507088633,31.585570330011,30.906715130183766,31.255573272705078,48790600
2024-01-12,BAC,30.407001240241847,31.293281531967917,30.133573079060106,30.925569534301758,74344300
2024-01-16,BAC,30.557857712930105,30.65214154995846,30.00157444238799,30.2844295501709,58420800
2024-01-17,BAC,29.907289364001283,30.16186004475635,29.483006694425118,29.982717514038086,48811300
2024-01-18,BAC,29.93557501602882,29.95443250276077,29.605576191615413,29.916717529296875,35484400
2024-01-19,BAC,29.98271362354282,30.38814055176413,29.76585794511938,30.378713607788086,49493600
2024-01-22,BAC,30.510712955846266,31.10471114461613,30.47299798586461,30.68985366821289,43903400
2024-01-23,BAC,30.68042407575045,30.944421649438944,30.53899474887608,30.897279739379883,30003400
2024-01-24,BAC,31.14242733707277,31.43471300461447,31.029286006317104,31.095285415649414,36403900
2024-01-25,BAC,31.312134007193492,31.538420213916616,30.9538526085363,31.481847763061523,46204000
2024-01-26,BAC,31.49128115263721,31.745848212775954,31.415851211338648,31.51956558227539,30839800
2024-01-29,BAC,31.49127945871377,31.726992617546365,31.340423180928802,31.68927764892578,30269300
2024-01-30,BAC,31.962703524974994,32.89612555405273,31.906131076028995,32.801841735839844,60315700
2024-01-31,BAC,32.594416483607915,33.09412724729625,32.05699074994754,32.0664176940918,54716000
2024-02-01,BAC,31.99099263150747,32.29270520996697,31.04813992464712,31.632707595825195,57084800
2024-02-02,BAC,31.46299406470524,31.78356413139021,31.27442280253214,31.557281494140625,40416000
2024-02-05,BAC,31.21785476153797,31.387568542281706,30.982141576804764,31.104713439941406,43573000
2024-02-06,BAC,31.03871055005178,31.4535680585497,31.00099917385015,31.15185546875,27188000
2024-02-07,BAC,31.17071221158248,31.359279878185433,30.76528525433028,31.28385353088379,29660100
2024-02-08,BAC,31.161282166732416,31.37813786413917,30.925568983025364,31.22728157043457,36852200
2024-02-09,BAC,31.208425881705327,31.34985523875483,30.9632857390772,31.18014144897461,36176000
2024-02-12,BAC,31.114138026462566,32.028706264850264,31.095280541509496,31.698705673217773,34160400
2024-02-13,BAC,31.227282015273733,31.4064263393296,30.501284967510312,30.878427505493164,43801500
2024-02-14,BAC,31.095278358507503,31.283849598102325,30.99156399689549,31.23670768737793,27833900
2024-02-15,BAC,31.41585016358981,32.28327647610596,31.41585016358981,32.122989654541016,41683100
2024-02-16,BAC,31.981558888721743,32.1984181546845,30.63328296184465,32.141845703125,33290700
2024-02-20,BAC,31.849565692192403,32.141851348204725,31.840138746958807,32.01927947998047,30372900
2024-02-21,BAC,31.453571203344822,31.811856288315738,31.274426862510296,31.774141311645508,37847100
2024-02-22,BAC,31.462991433899646,32.12298899797039,31.462991433899646,31.68927764892578,42756900
2024-02-23,BAC,31.802422840345056,32.10413543274631,31.576140194393023,31.981563568115234,30586000
2024-02-26,BAC,31.85899141102104,32.264418331948896,31.613847711684613,31.68927764892578,31129200
2024-02-27,BAC,31.80242321658234,32.462420869029835,31.783565729746943,32.32099151611328,40536300
2024-02-28,BAC,32.264428218682234,32.622709740273265,32.16071382154329,32.34928512573242,39548600
2024-02-29,BAC,32.59614764345136,32.89998559107751,32.425238345157396,32.77655029296875,43863400
2024-03-01,BAC,32.78604449560335,32.89998644544762,32.311297237354665,32.615135192871094,38432300
2024-03-04,BAC,32.5581671254001,33.63109329762909,32.52018647628561,33.374732971191406,49136400
2024-03-05,BAC,33.16584115296436,33.91594263152616,33.108870182505065,33.60260772705078,47591600
2024-03-06,BAC,33.84947898496273,33.982407629983186,33.298770458982055,33.6310920715332,49149700
2024-03-07,BAC,33.80199519129823,34.08684637521792,33.46967363943628,33.830482482910156,35900700
2024-03-08,BAC,34.05836589671637,34.30523648922686,33.70705395418034,33.802001953125,42769900
2024-03-11,BAC,33.602610978848006,34.115338896497946,33.4886726489372,34.07735824584961,34131500
2024-03-12,BAC,34.0868505554678,34.324224156489066,33.97290861911332,34.14381790161133,29260400
2024-03-13,BAC,34.14381716035746,34.60907100195343,34.14381716035746,34.25775909423828,38289600
2024-03-14,BAC,34.10584211064886,34.39069337004594,33.68806581731896,33.88745880126953,40178100
2024-03-15,BAC,33.49815820049386,34.19128861427581,33.46018118072273,33.6215934753418,69646400
2024-03-18,BAC,33.85897399494462,34.267256922960996,33.602610043257535,34.1912956237793,50617900
2024-03-19,BAC,34.077352738319064,34.55209992859274,34.0393720938091,34.21028137207031,46113800
2024-03-20,BAC,34.02988481750042,35.017360018806606,33.925439837473036,34.893924713134766,40519000
2024-03-21,BAC,35.064827074938876,35.700986558839574,35.017353081250306,35.61553192138672,43219500
2024-03-22,BAC,35.52058288295875,35.710482474127474,35.1312903509779,35.17876434326172,29001100
2024-03-25,BAC,35.226243957715546,35.397153254841484,34.979376985219204,34.99836730957031,30480200
2024-03-26,BAC,35.13129644887581,35.359176722239184,34.94139682474534,35.21675109863281,33673400
2024-03-27,BAC,35.36867236735705,35.93836765466183,35.35917901545017,35.900390625,36350200
2024-03-28,BAC,35.81493340591977,36.08079070469292,35.5300821606239,36.00482940673828,42262500
2024-04-01,BAC,36.023816429184045,36.41310899043284,35.549069226586305,35.625030517578125,33908000
2024-04-02,BAC,35.31169654319787,35.68200241335835,35.283212869352376,35.416141510009766,34806800
2024-04-03,BAC,35.5110952389162,36.09978080629383,35.38765994151905,35.549072265625,33338500
2024-04-04,BAC,35.79594418835877,36.042811170277204,35.007861996862474,35.055335998535156,42888200
2024-04-05,BAC,34.95089682645852,35.454127795278715,34.87493552141089,35.23574447631836,30823500
2024-04-08,BAC,35.32118956718011,35.681998424367045,35.25472525428165,35.60603713989258,29470300
2024-04-09,BAC,35.615538600505694,35.862409209236546,35.32119761121751,35.82442855834961,30967300
2024-04-10,BAC,35.30220785341718,35.3496818567721,34.70402526944924,34.79897689819336,37610700
2024-04-11,BAC,34.89392124029823,34.89392124029823,34.229274397028625,34.514122009277344,38604000
2024-04-12,BAC,34.00140457316738,34.26726191496482,33.7355436093353,33.98241424560547,47126100
2024-04-15,BAC,34.4951397027506,34.903419038373144,33.9539244618751,34.13433074951172,44392000
2024-04-16,BAC,34.27674713557963,34.34321145526035,32.425235912997046,32.928466796875,95566100
2024-04-17,BAC,33.127862944182894,33.94442880402905,32.99493429202824,33.45069122314453,65951400
2024-04-18,BAC,33.74503755362209,34.17231083030667,33.40321893227443,33.96342086791992,44506200
2024-04-19,BAC,34.27674715181071,35.245231895946084,34.23877012771358,35.10280990600586,56273700
2024-04-22,BAC,35.13129797881706,35.995337865306595,35.00786267445163,35.82442855834961,43867100
2024-04-23,BAC,36.02381928698298,36.479576202988326,35.919377936634376,36.43210220336914,39180300
2024-04-24,BAC,36.09978067542793,36.54604424145326,36.080790351125366,36.38462829589844,28670600
2024-04-25,BAC,36.01432494897823,36.33715320838986,35.49210372340956,35.99533462524414,41116000
2024-04-26,BAC,36.014328193177796,36.37513713255955,35.8719025633593,35.91938018798828,28668700
2024-04-29,BAC,35.928872958198816,36.13776291267601,35.558570673104995,35.65351867675781,26438800
2024-04-30,BAC,35.46362114907869,35.767459125214884,35.112309168302666,35.14079284667969,30283800
2024-05-01,BAC,35.33068730414917,35.61553491223451,34.91291105375961,35.08382034301758,32272000
2024-05-02,BAC,35.48260713192595,35.59654907555521,34.79897358032009,35.017356872558594,34860300
2024-05-03,BAC,35.368675231933594,35.63453257127021,35.20726288220339,35.368675231933594,34082700
2024-05-06,BAC,35.757961942350214,35.88139723881766,35.47311432299255,35.78644561767578,28422300
2024-05-07,BAC,35.79593870694601,36.22321190064034,35.79593870694601,35.92886734008789,29119500
2024-05-08,BAC,35.7959418297687,35.90988015068259,35.62503253738092,35.80543518066406,32803300
2024-05-09,BAC,35.63452827789654,36.479577823574466,35.56806395107024,36.346649169921875,26855400
2024-05-10,BAC,36.536544128311206,36.821391724301726,36.394122141332794,36.508060455322266,27359100
2024-05-13,BAC,36.66947060681843,36.82138955720788,36.251694398755795,36.28017807006836,24060600
2024-05-14,BAC,36.46059255540591,36.83089485430675,36.43210525562056,36.54604721069336,27594800
2024-05-15,BAC,36.84038306688469,37.25816293313499,36.82139274368843,36.944828033447266,34084400
2024-05-16,BAC,36.95432265346487,37.372102534066535,36.75492968610531,37.239173889160156,32554200
2024-05-17,BAC,37.45754866444101,37.49552930350339,37.182194464288436,37.30562973022461,25537300
2024-05-20,BAC,37.27715512039815,37.476551732287376,36.830895136727804,36.859378814697266,28369800
2024-05-21,BAC,36.81190470643143,37.742408945152064,36.81190470643143,37.6474609375,31799200
2024-05-22,BAC,37.41957809311412,37.799377341856655,37.35311376788928,37.75189971923828,42837600
2024-05-23,BAC,37.76139114166319,37.827855457117785,36.97330908408216,37.19169235229492,39033900
2024-05-24,BAC,37.18220691207782,37.77089252649132,37.09675225659567,37.6949348449707,22166300
2024-05-28,BAC,37.64745661302309,37.73291125890769,37.13472873771545,37.33412170410156,31217900
2024-05-29,BAC,36.87836168122698,36.935332647676596,36.612504415195936,36.76442337036133,26677500
2024-05-30,BAC,36.77391450521304,37.14421670974513,35.69149156210897,36.6789665222168,50989100
2024-05-31,BAC,36.74543483531571,38.055738151114475,36.707454189168786,37.97028350830078,58188400
2024-06-03,BAC,38.01775988392548,38.16018188283784,37.37210334716093,37.865840911865234,31898600
2024-06-04,BAC,37.61897049423367,38.112708061244476,37.42907087276274,37.675941467285156,26974200
2024-06-05,BAC,37.80887051399859,37.97028646166121,37.524022889808506,37.94179916381836,34140300
2024-06-06,BAC,37.89432783375094,37.97978248923309,37.42907390456274,37.6949348449707,38676400
2024-06-07,BAC,37.52297948385202,38.172562943451624,37.52297948385202,38.000614166259766,25928700
2024-06-10,BAC,37.80956376957271,38.057932204722164,37.45611147562072,37.89553451538086,37176200
2024-06-11,BAC,37.570746729279904,37.58984891023863,36.73965973909822,37.121768951416016,44629000
2024-06-12,BAC,38.01971783925782,38.09614113326862,37.3510285929163,37.64716339111328,38964700
2024-06-13,BAC,37.53253629291379,37.58985012577033,37.18863871951996,37.503875732421875,40018700
2024-06-14,BAC,37.351030955537034,37.71403433692344,37.16953108687556,37.484771728515625,32347900
2024-06-17,BAC,37.34147588140004,37.7617930480147,37.2363956787306,37.7426872253418,26135400
2024-06-18,BAC,37.79045536956438,38.22987837938108,37.694926251736895,38.20122146606445,30804500
2024-06-20,BAC,38.000612140658355,38.50690735498592,37.97195522734173,38.20122146606445,29383300
2024-06-21,BAC,38.06748093019154,38.124798401232965,37.608952094049975,37.72358703613281,72244900
2024-06-24,BAC,37.99106393998608,38.53556719878883,37.876432633939054,38.229881286621094,31064900
2024-06-25,BAC,38.000620639223825,38.277649676784215,37.589854450858844,37.61851501464844,30596000
2024-06-26,BAC,37.41790247964673,37.58985127158499,36.74921678217988,37.25550842285156,44310200
2024-06-27,BAC,36.96892629235769,37.589849212284015,36.62502872732106,37.49432373046875,29464200
2024-06-28,BAC,37.96240525015017,38.26809114803034,37.56119023164286,37.99106216430664,52028200
2024-07-01,BAC,38.12480379680971,38.53556995391502,37.895537524260604,38.22032928466797,26770500
2024-07-02,BAC,38.21077744704021,39.12783523119388,38.172565795017874,39.099178314208984,35626100
2024-07-03,BAC,39.185153623026096,39.357102417072724,38.927230431956154,39.07052230834961,17100700
2024-07-05,BAC,39.0991727240549,39.12782963694261,38.487800955362545,38.60243225097656,23489000
2024-07-08,BAC,38.78393753952233,39.204258422431096,38.62154348499026,38.803043365478516,26728500
2024-07-09,BAC,38.93677926720297,39.958920881064635,38.78393630846859,39.567256927490234,34697200
2024-07-10,BAC,39.43351721203016,39.892046058209196,39.23291152508872,39.87294387817383,25333400
2024-07-11,BAC,39.901603870095364,40.02578991428438,39.53860047234632,39.939815521240234,33824600
2024-07-12,BAC,39.63412692742848,40.04488939531287,39.25201772987505,39.729652404785156,31856600
2024-07-15,BAC,39.978023700253296,40.34102709956349,39.834735473939226,40.0162353515625,36648100
2024-07-16,BAC,40.61805953008474,42.41396720833559,40.331479409230575,42.156044006347656,75953300
2024-07-17,BAC,41.69751170409498,42.45217177755531,41.69751170409498,42.01274871826172,65713600
2024-07-18,BAC,41.668850789443866,42.26112044943892,41.009716206103896,41.08613586425781,48549200
2024-07-19,BAC,40.94284837627902,41.6115377064744,40.780450678172976,40.98106002807617,43903000
2024-07-22,BAC,40.732685870202076,40.9523973908002,40.08310239884089,40.407894134521484,42838300
2024-07-23,BAC,40.331477714796904,40.86642627949968,40.264609144209054,40.512977600097656,36705100
2024-07-24,BAC,40.38878887499876,40.83776665697697,40.188183176522195,40.30281448364258,36567200
2024-07-25,BAC,40.14042363255055,40.407897918489,39.796526039736065,39.81563186645508,41593900
2024-07-26,BAC,39.720101491541634,40.08310122236406,39.55770380643611,39.80607223510742,52049300
2024-07-29,BAC,39.911152518480414,40.00668164049668,39.14693776266733,39.252017974853516,37133100
2024-07-30,BAC,39.21380973709784,40.01623621151727,38.98454711244298,39.43352127075195,44163200
2024-07-31,BAC,39.38575446061413,39.52904631927476,38.420934030364336,38.50690841674805,50851600
2024-08-01,BAC,38.63109481387257,38.64064954894137,37.23640230705386,37.7331428527832,60107800
2024-08-02,BAC,36.3002402101961,36.80653186807998,35.51691952876435,35.89902877807617,76728000
2024-08-05,BAC,34.05535827075784,35.306758951886664,33.56816879741175,35.01062774658203,76075200
2024-08-06,BAC,35.01062750816552,35.641105212153484,34.90554728349022,35.26854705810547,40614100
2024-08-07,BAC,36.39576077157332,36.8638443563866,35.60288910611266,35.63154602050781,44952400
2024-08-08,BAC,36.128284787866775,36.701444912674994,35.97544184498037,36.50083923339844,36557800
2024-08-09,BAC,36.453083373389454,36.730112398398596,36.21426600232583,36.56771469116211,26411200
2024-08-12,BAC,36.77787187653532,36.99758340110752,36.309788267445995,36.46263122558594,33040600
2024-08-13,BAC,36.65368396838182,36.758764180015724,36.414866630691435,36.73965835571289,21553500
2024-08-14,BAC,36.79697613832544,37.17908169540804,36.71100175027076,37.074005126953125,25658900
2024-08-15,BAC,37.66627750948381,37.90509488976507,37.22685440434168,37.2841682434082,37379800
2024-08-16,BAC,37.2555076267279,37.65671903663441,37.24595653585265,37.580299377441406,26886600
2024-08-19,BAC,37.71403464523563,37.96240672444856,37.68537772996624,37.89553451538086,27268900
2024-08-20,BAC,37.37013962653979,37.48477458353831,36.62503062636808,36.959373474121094,44440800
2024-08-21,BAC,37.13131678184539,37.24595172191414,36.67278795375999,37.016685485839844,33751100
2024-08-22,BAC,37.04534504828431,37.532534468261964,36.84473935491161,37.484771728515625,35421600
2024-08-23,BAC,37.513427493360965,38.373167714625176,37.513427493360965,37.99106216430664,45616600
2024-08-26,BAC,38.21077694072733,38.40183155424369,37.8859851909686,38.13435363769531,44659500
2024-08-27,BAC,38.210775159598015,38.334961199204486,37.8382206848421,37.89553451538086,32323900
2024-08-28,BAC,37.58029478170626,38.46869553107137,37.57074369199902,38.16300964355469,40700500
2024-08-29,BAC,38.25854144424858,38.53557046439662,37.76180088386499,38.373172760009766,34810800
2024-08-30,BAC,38.373165273367555,39.0323034095395,38.3349572716108,38.927223205566406,49098200
2024-09-03,BAC,38.76483950126874,39.070525461115665,38.430492977392106,38.87947082519531,48489300
2024-09-04,BAC,38.84125467488452,39.118283682710846,38.478251273045316,38.688411712646484,39629600
2024-09-05,BAC,38.97499059450902,39.108727726783975,38.220326897742,38.344512939453125,34214500
2024-09-06,BAC,38.2387536285259,38.34451893377622,37.07534260641565,37.26763916015625,47007600
2024-09-09,BAC,37.738763943409104,38.18105176157721,37.59453790070095,37.950294494628906,37610200
2024-09-10,BAC,38.306059999392524,38.306059999392524,36.85420040897845,37.76762008666992,53983900
2024-09-11,BAC,37.48878446718803,37.527241574851075,36.546513806925546,37.49839782714844,41190000
2024-09-12,BAC,37.546477635783305,37.815699437032016,37.04649848240367,37.28687286376953,39921600
2024-09-13,BAC,37.383016807103886,37.58493036391075,36.95995563914148,37.16187286376953,31887300
2024-09-16,BAC,37.315715810314614,37.70031257370207,37.29648542197201,37.594547271728516,26336400
2024-09-17,BAC,37.767616939888285,38.267596031225125,37.70031241488348,38.0272216796875,27769400
2024-09-18,BAC,38.09452438354492,38.57527306363749,37.90222417794362,38.09452438354492,42527800
2024-09-19,BAC,38.498357218933066,39.469467990257485,38.469509802482754,39.2963981628418,57977800
2024-09-20,BAC,39.05602412481397,39.16178942773383,38.69065774650012,38.71950149536133,70725000
2024-09-23,BAC,38.66180531434369,38.88294925184163,38.2195174393478,38.334896087646484,31714800
2024-09-24,BAC,38.31566898500056,38.440664670931,37.738772026250146,37.93107223510742,32534900
2024-09-25,BAC,37.738765716552734,37.89260512435324,37.44070025926766,37.738765716552734,28866000
2024-09-26,BAC,37.87337925901823,38.19067513861627,37.60416118019898,37.998374938964844,39601400
2024-09-27,BAC,38.12337377265991,38.3637481251538,37.83492161541,37.882999420166016,27861100
2024-09-30,BAC,37.71953952160297,38.25797934261955,37.517625964154696,38.15221405029297,35055200
2024-10-01,BAC,37.98876188738518,38.03683969319554,37.44070864510605,37.709930419921875,26291200
2024-10-02,BAC,37.73877002898411,38.017605133679176,37.54646983030403,37.719539642333984,23302700
2024-10-03,BAC,37.47916102817298,37.757996101005396,37.2387867242459,37.738765716552734,26030200
2024-10-04,BAC,38.392592553746525,38.70027143696249,38.094527030959114,38.5656623840332,34209900
2024-10-07,BAC,38.66180682804633,38.88295077420259,38.181058162188044,38.42143249511719,27177500
2024-10-08,BAC,38.507968224372796,38.6041201602914,38.27721091381079,38.3925895690918,26023600
2024-10-09,BAC,38.334895474546286,38.834874499605775,38.19067308343479,38.642574310302734,27421000
2024-10-10,BAC,38.469506452472736,38.58488877258314,38.23874914789438,38.43104934692383,26182300
2024-10-11,BAC,38.940640356259074,40.546339074592666,38.844492094112795,40.33481216430664,50660700
2024-10-14,BAC,40.34442651873379,40.5559571020596,40.11366921676125,40.29635238647461,28098900
2024-10-15,BAC,41.565530281663,41.6905259649989,40.43096310755893,40.51749801635742,61490000
2024-10-16,BAC,40.58480455010492,41.440536652972504,40.52711705325997,41.1520881652832,42437800
2024-10-17,BAC,41.18093307862888,41.34438586685058,40.83479344731082,40.95978546142578,31708600
2024-10-18,BAC,40.79633613515689,41.00786674287303,40.48865725183612,40.69057083129883,30593500
2024-10-21,BAC,40.62326161105378,40.77710103493901,40.13289959361374,40.15212631225586,26589500
2024-10-22,BAC,40.04636605155061,40.777102422923186,39.96944450307913,40.67133712768555,37104400
2024-10-23,BAC,40.57518786680845,40.83479258481373,40.40211805480493,40.70979690551758,28569400
2024-10-24,BAC,40.69057378584589,41.017483081588836,40.354051128973104,41.007869720458984,28392000
2024-10-25,BAC,41.26746357205209,41.32515473216848,40.180974231852495,40.277122497558594,27466900
2024-10-28,BAC,40.450188784707336,41.10400720442562,40.39249762961893,40.97901153564453,24527600
2024-10-29,BAC,40.95017392129178,41.1617045204562,40.8347952616664,40.89248275756836,22313500
2024-10-30,BAC,40.10405337191107,41.24823755964525,40.036748851199796,40.68095397949219,38100500
2024-10-31,BAC,40.661724732132605,40.911712434949564,40.190589406127344,40.20981979370117,28138200
2024-11-01,BAC,40.52711334655846,40.79633142140231,40.1425129529348,40.15212631225586,31220000
2024-11-04,BAC,40.00790752171787,40.40212131019595,39.52715882026549,39.73868942260742,31110100
2024-11-05,BAC,39.911760367272315,40.39250912637993,39.78676833073614,40.26751708984375,30851400
2024-11-06,BAC,43.07507665875545,43.79619960617152,42.30587958174251,43.661590576171875,110086700
2024-11-07,BAC,43.30584267710604,43.488525858053514,42.79624657392178,43.04623794555664,48339700
2024-11-08,BAC,43.40198930559578,43.74812893456683,43.2193061315594,43.39237594604492,38331800
2024-11-11,BAC,43.844275642801385,44.72885507070731,43.82504892438314,44.3057975769043,43293500
2024-11-12,BAC,44.36348304355589,44.661548514934296,44.07503459876893,44.09426498413086,38155900
2024-11-13,BAC,44.42117387566645,44.690391933128,44.06542091861783,44.103878021240234,36903900
2024-11-14,BAC,44.1808103469336,44.382723939318105,43.969279725680195,44.13273620605469,35733100
2024-11-15,BAC,43.86350773889877,45.03653567047935,43.86350773889877,44.95000076293945,40488900
2024-11-18,BAC,44.950005401160475,45.20961015056781,44.70001768015064,44.92116165161133,32360300
2024-11-19,BAC,44.21926173764591,44.82500238618193,44.18080096598046,44.62308883666992,28534100
2024-11-20,BAC,44.77693356216058,44.84423808664105,44.15195878590312,44.28657150268555,28021000
2024-11-21,BAC,44.603864754989274,45.238452905875356,44.51732984042201,44.67116928100586,45336500
2024-11-22,BAC,44.584631913099464,45.401906876334365,44.498097003293914,45.19037628173828,37996200
2024-11-25,BAC,45.440370120777516,45.90189214728889,45.3442218381504,45.6711311340332,42718600
2024-11-26,BAC,45.68073804277673,45.99803393270762,45.39228956781679,45.9114990234375,30301500
2024-11-27,BAC,45.9788030463549,46.1326424758521,45.81535025718595,45.930728912353516,23278400
2024-11-29,BAC,45.959571647769636,46.228793394331035,45.67112318228786,45.68073654174805,23262000
2024-12-02,BAC,45.90188493568358,45.978802816136394,45.04614921632995,45.22883605957031,35891500
2024-12-03,BAC,45.54613010978816,45.65189540901125,44.853854486564956,45.01730728149414,38123800
2024-12-04,BAC,44.8923079033778,44.97884280764347,44.353871759343534,44.58462905883789,24941300
2024-12-05,BAC,44.76731876036749,45.42113726382686,44.70962759789,45.19037628173828,31572100
2024-12-06,BAC,45.49976626081133,45.49976626081133,44.86164815811052,45.200042724609375,28931700
2024-12-09,BAC,45.01634496659308,45.20004435385334,44.37822684089118,44.38789367675781,34660900
2024-12-10,BAC,44.38789144219338,44.755293886442516,44.07850107489646,44.23319625854492,35665800
2024-12-11,BAC,44.47491571737995,44.62961092886793,43.962488520868156,44.55226516723633,36790500
2024-12-12,BAC,44.61027356640384,44.92933451472424,44.39756626752358,44.55226516723633,24017300
2024-12-13,BAC,44.561922793450535,44.57158962857207,43.87546316487718,44.155845642089844,32902300
2024-12-16,BAC,44.07850292293718,44.16551919790171,43.66275890790939,43.96248245239258,27330400
2024-12-17,BAC,43.691761940506005,43.691761940506005,43.140660109807975,43.55640411376953,33054600
2024-12-18,BAC,43.64342315768122,43.923809352710215,41.912768118573894,42.057796478271484,41771900
2024-12-19,BAC,42.512211638956515,43.00530138147678,41.87409354898813,41.9417724609375,38583600
2024-12-20,BAC,41.76774364932043,42.92795946784519,41.67105684631246,42.70558166503906,74222200
2024-12-23,BAC,42.444534568158325,42.64757131281372,41.36166455354774,42.43486404418945,35374800
2024-12-24,BAC,42.473537566273876,42.94728995711456,42.473537566273876,42.90861892700195,12054400
2024-12-26,BAC,42.744258830209425,43.101994489456374,42.647575709897865,43.0729866027832,16077400
2024-12-27,BAC,42.7732624155341,43.29535637622838,42.599229865894586,42.86994552612305,17972500
2024-12-30,BAC,42.43486338521569,42.676574845544536,42.1061356516395,42.454200744628906,16109800
2024-12-31,BAC,42.57989423856524,42.76359363144805,42.26083332183652,42.49287796020508,16110400
2020-01-02,JNJ,121.85340233728836,121.97871341265466,121.19347656117819,121.93694305419922,5777000
2020-01-03,JNJ,119.87362302858833,121.43573515223318,119.45594489956886,120.52519989013672,5752400
2020-01-06,JNJ,120.29128381155851,120.45835248976995,119.33062935195045,120.37482452392578,7731300
2020-01-07,JNJ,120.29965818968705,121.50257332128415,118.10267975151744,121.10995483398438,7382900
2020-01-08,JNJ,121.0180470861581,121.94529296630415,120.04068187408912,121.0932388305664,6605800
2020-01-09,JNJ,121.76153901844332,121.98708880573325,121.11832379571233,121.45246124267578,6112700
2020-01-10,JNJ,121.7531709112735,122.11236797298871,121.04311301489639,121.17677307128906,5042600
2020-01-13,JNJ,121.52765397011798,121.78661243271594,120.89278765063496,121.71143341064453,4593200
2020-01-14,JNJ,121.16844085884144,122.47159472262284,120.9011207090779,122.39641571044922,7037500
2020-01-15,JNJ,122.29616484243536,123.13152119449168,122.1625175134664,122.80573272705078,4960300
2020-01-16,JNJ,123.148212595917,124.33441690040144,122.12907698636253,123.79978942871094,6476000
2020-01-17,JNJ,123.97523358277988,124.81058989652972,123.57425337468139,124.61009979248047,9083600
2020-01-21,JNJ,124.11724376139587,125.4454572532364,124.05041372610172,124.69364166259766,9543900
2020-01-22,JNJ,122.54677076488937,124.61845088924453,121.96202388461083,123.8415756225586,10305300
2020-01-23,JNJ,123.66612558732417,124.27594478760535,122.59687067668527,124.07545471191406,8671900
2020-01-24,JNJ,124.11724298509372,124.42632074318581,123.57425373167223,123.90005493164062,9051900
2020-01-27,JNJ,123.23176216934222,124.85235539428389,122.79737333409928,124.25924682617188,7587100
2020-01-28,JNJ,124.01700772081867,125.77961010631661,123.75803654859573,124.88577270507812,7336600
2020-01-29,JNJ,124.84402684864713,126.2975517529039,124.57671939582936,125.75456237792969,6288600
2020-01-30,JNJ,125.32851787409075,125.72948537131016,124.50987218286409,125.60418701171875,6470600
2020-01-31,JNJ,125.09459939604426,125.3034384601445,124.1673534415782,124.35948181152344,8651700
2020-02-03,JNJ,124.81894021643005,125.71277760011006,124.66858219666663,125.4454574584961,5765200
2020-02-04,JNJ,126.54814782116513,127.60069231468373,126.30588732290519,126.6400375366211,6541400
2020-02-05,JNJ,126.74022796038672,128.66154953133324,126.39772890171123,128.63648986816406,5979900
2020-02-06,JNJ,128.85370055702083,129.06253961789122,127.59231721811267,128.2522430419922,6201200
2020-02-07,JNJ,128.09351952206393,128.193770935949,126.59823749899425,126.88225555419922,5700300
2020-02-10,JNJ,126.70684511008226,126.89898624817283,126.04691920173919,126.85721588134766,4835600
2020-02-11,JNJ,127.21644760615777,127.29163938551147,126.58993017289903,126.96585083007812,3715300
2020-02-12,JNJ,126.86554319195119,127.09944191039898,126.07195734389448,126.2139663696289,5166800
2020-02-13,JNJ,125.43712028761973,126.17222525317948,125.20322151496067,125.3786392211914,5480200
2020-02-14,JNJ,125.77126074142993,125.83809078471188,124.5934051283245,125.41206359863281,5716300
2020-02-18,JNJ,125.69605493509923,125.92160468979208,124.51819957301124,124.58502960205078,7230700
2020-02-19,JNJ,124.64351087569331,125.10294661304208,124.11723236266324,124.41796112060547,6115200
2020-02-20,JNJ,124.14230835113261,124.78553631311996,123.13152155372393,123.94181823730469,7464700
2020-02-21,JNJ,123.70792713021629,125.50395105139329,123.24847855751858,125.24497985839844,7776800
2020-02-24,JNJ,123.16007006326264,125.26177774352308,122.1092162231324,122.66407012939453,10588900
2020-02-25,JNJ,122.7313223930389,123.3702368894137,120.9154439366407,121.60479736328125,10529000
2020-02-26,JNJ,122.19330460760027,122.92469486489347,120.71369400992198,120.78935241699219,10093800
2020-02-27,JNJ,119.84777764888594,121.70569289707636,116.81291122161954,116.95582580566406,12566700
2020-02-28,JNJ,113.79488194262763,115.41739441086314,109.97818574222663,113.0550765991211,19820300
2020-03-02,JNJ,113.30726417537909,117.8049237717676,112.6599346138262,117.71244812011719,11508200
2020-03-03,JNJ,117.69562006683303,118.52790085531528,111.89491249466094,113.98820495605469,13662500
2020-03-04,JNJ,115.74522165835977,120.75569765254696,115.29125851249694,120.62118530273438,10560500
2020-03-05,JNJ,118.36817196316167,119.94864732027914,117.56111061848934,119.38539123535156,11339200
2020-03-06,JNJ,116.41779405881407,120.22608753979073,115.51826979710883,119.4022216796875,12239100
2020-03-09,JNJ,114.61032891103608,117.4266096079209,113.4081454039193,114.70280456542969,13848600
2020-03-10,JNJ,117.67042435366403,119.33497343879687,112.84489833892914,119.0743637084961,12698100
2020-03-11,JNJ,116.08993139131215,116.64478534079602,110.54983259325893,110.80204010009766,17763400
2020-03-12,JNJ,107.02734621318884,112.44974877144676,104.66502913417537,105.4300537109375,21539200
2020-03-13,JNJ,108.71715631217958,113.42497448053577,104.79116093944491,112.89533996582031,20084200
2020-03-16,JNJ,103.88321530256003,112.4497721335262,102.92483703653988,106.87604522705078,18877900
2020-03-17,JNJ,108.06984534272195,114.98026338666945,107.44773505644832,114.82893371582031,18911800
2020-03-18,JNJ,110.14630926117874,114.05548075471393,108.2043332484752,113.45860290527344,17521100
2020-03-19,JNJ,113.48381808655452,113.48381808655452,106.05217602947933,106.80879211425781,18482300
2020-03-20,JNJ,106.62382405947146,107.13664119118556,99.30987827369287,100.78948211669922,19785100
2020-03-23,JNJ,98.35991281044956,99.67137626214011,91.76896104780712,93.43350982666016,20815200
2020-03-24,JNJ,99.83954153816964,100.58774909486723,95.72019245531175,100.192626953125,17604800
2020-03-25,JNJ,99.96563055323465,104.2110763621675,98.1077152570045,100.3775634765625,13986100
2020-03-26,JNJ,101.36116691904827,106.85082685041432,101.2014350684457,106.40526580810547,15066800
2020-03-27,JNJ,102.26909522964041,107.28797410923725,101.36956461465407,103.53852844238281,12133200
2020-03-30,JNJ,107.99416899370313,112.64314604098435,107.18710748137276,111.81926727294922,21754000
2020-03-31,JNJ,113.4837986774267,114.08909144172631,109.33082275540607,110.23876190185547,15746100
2020-04-01,JNJ,107.35523233284533,109.48215960961979,105.5057320262336,108.28839111328125,12606100
2020-04-02,JNJ,108.54899878504688,112.65153645641739,106.95170601119031,111.93695068359375,11594500
2020-04-03,JNJ,111.2896468181357,113.31568359369517,110.6170976883606,112.79446411132812,10071200
2020-04-06,JNJ,115.18198743139176,118.51109816660984,113.94618224260526,117.49386596679688,14994400
2020-04-07,JNJ,117.57792467288819,119.40220524013475,115.39214374586034,115.57709503173828,11567100
2020-04-08,JNJ,115.8041044770158,121.16766710506,115.42579962323303,120.43626403808594,10758200
2020-04-09,JNJ,121.06675781755794,122.25212396153319,117.9310137259556,118.72966003417969,11125400
2020-04-13,JNJ,117.69561178550097,118.94823398608456,115.87973355356608,117.50225830078125,8153200
2020-04-14,JNJ,122.2521288051841,123.93349492187397,121.10039712014928,122.76494598388672,13838000
2020-04-15,JNJ,122.36146491936293,124.34547815081933,120.67168316555122,124.13530731201172,11962300
2020-04-16,JNJ,124.68171315290844,126.67412806922736,123.10963980224712,125.82504272460938,12181700
2020-04-17,JNJ,127.77540157135046,128.03601122398473,125.76616990656612,127.80062103271484,10920000
2020-04-20,JNJ,126.88430614983635,128.62452648909516,126.17813535758958,127.50641632080078,12226200
2020-04-21,JNJ,126.20332235613593,127.48116405224272,124.90027402515636,125.83341979980469,9951100
2020-04-22,JNJ,128.46478974771992,130.30588789363392,127.55685040886618,128.61611938476562,11515600
2020-04-23,JNJ,129.67536309413833,131.9872415285557,129.21298484169373,130.734619140625,10665000
2020-04-24,JNJ,130.78504663905267,131.3987415723796,129.1625219501487,130.1881561279297,8653400
2020-04-27,JNJ,130.14615847053307,131.1886102111358,129.46520716064373,129.70899963378906,8924000
2020-04-28,JNJ,127.15329336707825,128.70856192120192,126.69091518927362,127.27098846435547,8558700
2020-04-29,JNJ,127.26261561547243,127.47278639680182,125.3962980510429,126.30423736572266,9285200
2020-04-30,JNJ,124.80781751303873,126.46395140310175,123.71492692761059,126.1360855102539,14829600
2020-05-01,JNJ,125.78302728536123,125.82506401460105,123.40389208184536,124.6649169921875,7309000
2020-05-04,JNJ,125.06842809690419,125.32903780486784,123.65607382162821,124.64808654785156,7198400
2020-05-05,JNJ,125.26175692248903,126.75817151587569,124.95911055372522,125.68209838867188,6562300
2020-05-06,JNJ,126.10246758975744,126.37149234462932,124.45472303568314,124.48835754394531,6191600
2020-05-07,JNJ,125.57283863321449,125.70735101655507,123.68971657767402,124.07642364501953,5570500
2020-05-08,JNJ,125.19453383976199,125.41310684194063,124.32863121677575,125.00958251953125,4712100
2020-05-11,JNJ,124.79942454678186,126.18655959096002,124.52199753794623,125.35427856445312,5887500
2020-05-12,JNJ,126.18650901006224,126.38826469720993,123.60560633767112,123.69808197021484,7039200
2020-05-13,JNJ,122.80700025084921,125.21975686817186,122.74814627100852,123.6897201538086,6970500
2020-05-14,JNJ,122.22687941435595,124.21929366992484,121.27690368611484,124.11841583251953,6871400
2020-05-15,JNJ,124.31178963246722,126.50597274958645,122.45388740804707,126.47235107421875,10340400
2020-05-18,JNJ,128.1957738512359,129.14573705588703,126.48918814034029,126.53962707519531,7388400
2020-05-19,JNJ,126.18653422772354,127.02721729965293,124.75736274319905,125.27859497070312,6107300
2020-05-20,JNJ,125.89229693297085,126.43033361543189,123.8074063919101,124.1520767211914,5713400
2020-05-21,JNJ,124.84141809381737,124.84141809381737,122.5883939448236,123.33660125732422,6487300
2020-05-22,JNJ,122.38008215999116,123.83606896686055,121.94835335140355,122.21076965332031,6140900
2020-05-26,JNJ,123.7514062906464,123.96303397418147,122.15150151979039,122.37158966064453,7072300
2020-05-27,JNJ,122.16846593642678,122.9557149162378,121.05952574702411,122.65097045898438,7950000
2020-05-28,JNJ,123.6074995245212,125.37670383751401,123.42972658913594,124.41168212890625,6189600
2020-05-29,JNJ,125.24971931256167,126.42636857924342,123.0233922078329,125.91845703125,8504000
2020-06-01,JNJ,124.6825513372791,125.57139012723522,123.59901870922538,124.59790802001953,6141800
2020-06-02,JNJ,124.48789680167141,125.57990314792151,123.6921744511901,125.49524688720703,6078300
2020-06-03,JNJ,125.72376366988051,126.24859613249454,123.9714804478334,125.83380126953125,6339500
2020-06-04,JNJ,124.26780383368724,125.59681924207572,123.23505949295489,124.20854187011719,8170500
2020-06-05,JNJ,125.02115577664932,126.67184890550142,124.0984622990765,124.6910171508789,9725400
2020-06-08,JNJ,123.48896906724859,124.95342877203238,123.37045810125555,124.24236297607422,7555600
2020-06-09,JNJ,125.49522088706081,126.4094540630921,123.29428773179336,123.55671691894531,8247200
2020-06-10,JNJ,124.09852344332569,127.00205010610982,124.09852344332569,125.11433410644531,10137100
2020-06-11,JNJ,125.77455834645659,126.2739965474912,119.1463781740492,119.24795532226562,11913300
2020-06-12,JNJ,120.91559167290228,121.65206480416674,118.74852623314746,120.33149719238281,8687400
2020-06-15,JNJ,119.35802866167727,120.54313867318616,117.99514569007684,119.56965637207031,8649600
2020-06-16,JNJ,121.9737313954833,123.09959224786438,120.85634391734543,122.28694915771484,7579100
2020-06-17,JNJ,122.65941047107658,123.09959970633678,121.44890622002333,121.91448974609375,5100100
2020-06-18,JNJ,120.64470780515273,121.99911716640936,120.09446810365287,121.39810180664062,4797400
2020-06-19,JNJ,123.4127852767489,123.48898105399712,121.26265385167456,121.75363159179688,12206900
2020-06-22,JNJ,121.44891748904708,121.60975662358899,120.22993975013048,121.38119506835938,5285600
2020-06-23,JNJ,121.67743619508447,121.96524669410532,120.7801241245127,120.93250274658203,5921600
2020-06-24,JNJ,119.77281760250983,120.36537257847367,117.4279790725568,118.35914611816406,8211200
2020-06-25,JNJ,118.99402994942301,118.99402994942301,116.42909032924096,118.23216247558594,7421200
2020-06-26,JNJ,118.11363027562477,118.17289222131171,115.9888931884898,116.65763092041016,12849700
2020-06-29,JNJ,117.44490202686906,118.25754508528263,116.8015456125024,117.69884490966797,5309800
2020-06-30,JNJ,118.00359750456732,119.37495375083745,116.68304275512378,119.04481506347656,7738300
2020-07-01,JNJ,119.09562249327962,119.68817754941462,118.5623164843924,118.83320617675781,6174800
2020-07-02,JNJ,119.56963304003524,120.06907123909045,118.79084476776413,119.33261108398438,5152200
2020-07-06,JNJ,120.34844692521793,121.70286946238468,120.10296446018089,121.03411865234375,6156400
2020-07-07,JNJ,119.6881381669712,121.87213715529654,119.55269336535555,120.9240493774414,5622600
2020-07-08,JNJ,120.94095955920847,121.38114866703849,119.95054375413548,121.27957153320312,6257400
2020-07-09,JNJ,120.84785704960514,122.261528300371,119.00247001269696,120.61930847167969,5738600
2020-07-10,JNJ,120.83938598028372,120.94096311710733,119.72198580831825,120.51770782470703,4282400
2020-07-13,JNJ,121.56741442945608,124.13234107633319,121.28806432021715,122.92183685302734,6951900
2020-07-14,JNJ,123.01493843757426,125.61371951312223,122.96413694663198,125.21585845947266,7447100
2020-07-15,JNJ,126.74803377630492,127.15436818119481,125.47826782366027,125.503662109375,8512800
2020-07-16,JNJ,125.85923368837591,126.41793397917932,124.16621189810948,126.34175109863281,9304700
2020-07-17,JNJ,126.97659546034953,127.46757317947014,125.86766859333883,126.4263687133789,7441100
2020-07-20,JNJ,127.17130108469563,127.24749686575142,125.64757921450655,126.63800811767578,6191500
2020-07-21,JNJ,126.6380273896594,128.39029811949396,126.5533711385936,126.75653839111328,5575900
2020-07-22,JNJ,126.91738499348732,127.32371956381343,125.15665352233742,126.985107421875,5910200
2020-07-23,JNJ,127.15442667397325,127.6961932129859,126.36716470448411,126.64651489257812,6566300
2020-07-24,JNJ,127.39986197862368,127.48451821639718,124.46246877873509,125.38516235351562,5405900
2020-07-27,JNJ,124.75026321426795,126.0623572299863,124.31854745750876,124.58942413330078,5675200
2020-07-28,JNJ,124.77567915356487,125.27513031185927,124.22545233376957,124.29317474365234,4842200
2020-07-29,JNJ,123.92071226582122,124.83494545600287,123.64983553358003,124.04768371582031,4489100
2020-07-30,JNJ,124.8095473601548,124.86033593860572,123.70908079904501,124.3016357421875,5922500
2020-07-31,JNJ,124.14927283984407,124.81801066592315,121.86369634029387,123.38740539550781,8259600
2020-08-03,JNJ,123.92068915312598,125.10579885451163,123.71752195429114,124.73334503173828,4078700
2020-08-04,JNJ,124.4286200475936,124.6233139038086,123.43820401807078,124.6233139038086,4162200
2020-08-05,JNJ,126.21479857872107,126.39255866001535,125.11433166649695,125.62223052978516,5467500
2020-08-06,JNJ,125.62220592125061,126.34174531587244,124.01384046080611,124.90267944335938,4837900
2020-08-07,JNJ,124.86878978914545,125.83381147883962,124.56404541783527,125.79149627685547,3635100
2020-08-10,JNJ,126.01158063577489,126.13855207138027,125.04655897499015,125.30897521972656,4096600
2020-08-11,JNJ,126.24860884982066,126.32479171495925,123.90377052785855,124.41168212890625,6388400
2020-08-12,JNJ,124.8941779724645,127.17976710394024,124.85186277254863,126.68878936767578,5257300
2020-08-13,JNJ,125.74070235022667,126.29094209314034,124.88573113439536,125.2835922241211,5155500
2020-08-14,JNJ,124.95348746224256,126.41794785487822,124.92809316593977,125.4867935180664,4240200
2020-08-17,JNJ,125.55446721576538,127.17129275868064,125.4782714396982,126.12162780761719,4306900
2020-08-18,JNJ,126.35021269902411,127.06129167407569,125.76613102615971,127.05281829833984,4322600
2020-08-19,JNJ,126.62108340414268,128.314104955876,126.40099525243991,127.30675506591797,7816300
2020-08-20,JNJ,126.76499365997408,128.31410999060105,126.59569408150372,128.1786651611328,4874700
2020-08-21,JNJ,128.48339613299783,130.06636704708868,127.4760463088569,129.31297302246094,6722800
2020-08-24,JNJ,130.1565991578007,130.29293244136727,128.11997364150935,129.65382385253906,5387900
2020-08-25,JNJ,130.1906937916243,130.43782308845996,129.13402945892156,129.5771484375,3863500
2020-08-26,JNJ,129.40671617653692,130.07990488027113,128.36709842948025,129.7816619873047,8008300
2020-08-27,JNJ,129.88393067301598,130.5997293046053,129.43229489336798,130.3611297607422,5575400
2020-08-28,JNJ,130.15662819021358,130.9746800848757,129.44081652900869,130.92355346679688,5395700
2020-08-31,JNJ,130.3781565680427,131.5711541068018,129.74756472458546,130.7275390625,6362700
2020-09-01,JNJ,131.1195371933032,131.2984933511219,127.88139683738264,129.11700439453125,6307700
2020-09-02,JNJ,128.49490652961785,131.51150635286103,127.18260928067255,131.08543395996094,6881900
2020-09-03,JNJ,131.93758663738146,132.48295881280615,126.37308189349096,127.43826293945312,8672800
2020-09-04,JNJ,127.96663009707864,128.63130224520083,125.37611467397458,126.6202392578125,7200100
2020-09-08,JNJ,128.03478807938922,128.5801603670736,125.18009708752045,125.48686981201172,8756800
2020-09-09,JNJ,126.24528130333061,128.75911955016267,126.21971799258395,127.56610870361328,6960700
2020-09-10,JNJ,127.18259113831124,127.63422677014452,124.85623984568184,125.1885757446289,6191800
2020-09-11,JNJ,125.30786211343056,126.56903244125202,124.9499629529418,125.92992401123047,3934700
2020-09-14,JNJ,126.2196925106737,127.37009327282915,126.12595605595956,126.41569519042969,4375800
2020-09-15,JNJ,127.35301526850834,128.32445964884022,126.56052698575924,126.87581634521484,3658800
2020-09-16,JNJ,127.30196426139197,127.87289995525867,126.41573902085193,126.45833587646484,4323000
2020-09-17,JNJ,126.15151043553486,126.65428574944455,124.45575060573564,125.41014862060547,5461400
2020-09-18,JNJ,124.84772276838295,127.5234567659938,124.58355997604606,127.1229476928711,12174000
2020-09-21,JNJ,125.7595328378955,126.05777572029322,121.82262796974149,123.6462173461914,7574500
2020-09-22,JNJ,123.29683562473153,123.85925432447392,122.47025411220957,122.88780975341797,5295900
2020-09-23,JNJ,125.67433141030035,125.73398779706395,123.03268991263712,123.08381652832031,8784400
2020-09-24,JNJ,123.1860792036561,123.7740613344896,122.14646126273038,123.27981567382812,5614800
2020-09-25,JNJ,122.70887224289527,124.6261983716905,122.61513577871284,124.1234359741211,5531200
2020-09-28,JNJ,125.03520485782268,126.3645486865969,124.77104204604035,125.35902404785156,5843200
2020-09-29,JNJ,125.77658701645414,126.04926661129011,124.46427664554126,125.31642150878906,6768600
2020-09-30,JNJ,125.64872830803932,127.59161710486374,125.12891954205674,126.86730194091797,8487700
2020-10-01,JNJ,127.23376216642062,127.52348833278569,124.80515682690131,125.53800201416016,6457800
2020-10-02,JNJ,124.5920895907879,126.4668054398287,124.26827042499735,124.6176528930664,5485600
2020-10-05,JNJ,125.26530379999755,126.44126795571856,124.77105818386407,126.31343841552734,4992800
2020-10-06,JNJ,126.35604861083807,126.63725799679494,124.30237621814375,124.63471221923828,5118200
2020-10-07,JNJ,124.83068657794738,126.31341009116406,124.25122139829166,126.01516723632812,5603100
2020-10-08,JNJ,126.54348045201435,127.69388092992902,126.15148819205443,126.87581634521484,4413500
2020-10-09,JNJ,127.52346280519144,129.08288933345017,127.3530364474867,128.64830017089844,5054100
2020-10-12,JNJ,129.1851572654072,130.49745454012432,128.6909117196131,129.38966369628906,7273200
2020-10-13,JNJ,126.96957411255322,127.92397211951587,125.92143965828546,126.42420196533203,11057600
2020-10-14,JNJ,126.8162126159457,126.99515576675944,125.59763862489709,126.20266723632812,7706400
2020-10-15,JNJ,125.67430895386703,126.03220820239702,124.69434765451332,125.42719268798828,5978600
2020-10-16,JNJ,125.77659477841034,126.76507299872797,125.27381939601572,126.20266723632812,6097000
2020-10-19,JNJ,126.56910610181028,126.88439561658393,122.81967299800368,122.98158264160156,7250800
2020-10-20,JNJ,123.27131063680798,124.20014565519318,122.8111450111864,123.17757415771484,5325400
2020-10-21,JNJ,122.81113295769782,123.85075089553146,122.63218978962034,122.64922332763672,5221300
2020-10-22,JNJ,122.84522433995663,124.1490051287191,122.572531703057,123.62919616699219,5279700
2020-10-23,JNJ,124.31092866757788,125.66583622670505,123.00714773291558,123.76555633544922,4154400
2020-10-26,JNJ,123.07530617172843,123.36504537747102,121.64370869597289,122.6833267211914,6929500
2020-10-27,JNJ,122.48727993866443,122.9559491065073,121.78851506573479,121.98450469970703,4890100
2020-10-28,JNJ,120.51888031926725,120.98756274451482,117.7494086278168,117.90280151367188,8426100
2020-10-29,JNJ,117.59598933764467,118.1924881322959,115.93430948015244,116.90575408935547,7205400
2020-10-30,JNJ,116.47117159899351,117.20401681432139,113.88917330605125,116.83760070800781,7364100
2020-11-02,JNJ,118.43107622248448,118.45663952531011,117.16138883981996,118.1839599609375,7088000
2020-11-03,JNJ,119.3173434752517,120.11836183510405,117.4085340433206,118.02207946777344,6363000
2020-11-04,JNJ,118.86568912416462,121.46472049956512,118.1924874150234,118.78898620605469,10263500
2020-11-05,JNJ,119.76894288163687,120.85968708197473,118.66966891238143,119.09574127197266,8016200
2020-11-06,JNJ,119.64113240841914,122.01862383473448,119.00202376734275,121.21760559082031,5942500
2020-11-09,JNJ,126.48384036588631,126.96105235330059,123.49281694208597,124.48130798339844,12351600
2020-11-10,JNJ,125.47835550323853,126.75657304656524,124.63472724367045,126.35606384277344,7386500
2020-11-11,JNJ,127.11449436176945,127.14005767683682,125.14604108536058,125.94705963134766,6382400
2020-11-12,JNJ,125.78511817740754,126.67134321540644,125.05227299104875,126.37310028076172,4710300
2020-11-13,JNJ,127.04625319943358,128.1710904712632,126.46680103105821,127.73648834228516,5893500
2020-11-16,JNJ,128.60570966713001,128.92952889734474,127.65131151832817,128.5460662841797,6266400
2020-11-17,JNJ,127.82171114617971,128.35856649385667,127.07181961325914,127.267822265625,7297700
2020-11-18,JNJ,126.85881434682493,127.61722283102836,125.58059692382812,125.58059692382812,6661000
2020-11-19,JNJ,125.52089825433505,125.65724450671696,124.0637253127287,125.38455200195312,7987700
2020-11-20,JNJ,125.30791463866733,126.06632310675337,124.5239428628806,124.71993255615234,6354900
2020-11-23,JNJ,125.286273830311,125.286273830311,122.73781550408357,123.45001220703125,7318300
2020-11-24,JNJ,123.56156503190695,124.21369080052015,123.22691965033438,123.45001220703125,11034800
2020-11-25,JNJ,123.61301086403846,123.70739866684893,122.58333407441098,123.28694152832031,7594600
2020-11-27,JNJ,123.99054884910583,124.1278425645578,122.89222531158885,123.56151580810547,3059000
2020-11-30,JNJ,123.75889994064305,124.2994859044768,122.75496393141809,124.14502716064453,15663200
2020-12-01,JNJ,125.52652099192089,127.96343938462755,125.1575587448774,126.52188110351562,9738200
2020-12-02,JNJ,126.86507346143507,128.46107687252288,126.73635569533415,127.11390686035156,7745500
2020-12-03,JNJ,127.02813349834382,128.34956297622026,126.7278181392287,127.85188293457031,7310500
2020-12-04,JNJ,128.52972343338422,128.97592149947207,128.08353846034683,128.9416046142578,6747100
2020-12-07,JNJ,128.15220310152307,128.6327181194838,127.43141748152975,127.82613372802734,6634700
2020-12-08,JNJ,128.70995725827504,130.5462187914376,128.323830005111,130.0399627685547,8339800
2020-12-09,JNJ,131.13829824885696,131.71320120411875,130.2201608548198,131.36997985839844,8440100
2020-12-10,JNJ,131.1296679274055,131.26694855293982,130.15146000228196,130.64056396484375,7392900
2020-12-11,JNJ,130.02275861360437,131.6359271151521,129.76533615800952,131.2412109375,5977400
2020-12-14,JNJ,131.49862077729642,131.69597230066384,127.84326415629944,127.91191101074219,8547300
2020-12-15,JNJ,128.7099316197117,129.35348127781026,128.3066394531925,129.19903564453125,7612600
2020-12-16,JNJ,128.88153181999914,129.49934048925275,128.32379406530782,128.4267578125,8486100
2020-12-17,JNJ,128.78717372036792,132.04782842824676,128.67563399953758,131.81614685058594,9920300
2020-12-18,JNJ,131.8418660131994,133.08607247405817,130.14289860814515,132.57980346679688,17137200
2020-12-21,JNJ,130.4346296065709,131.63593006188856,128.75282729939653,131.30128479003906,7893400
2020-12-22,JNJ,130.7693272347236,132.05642696377816,130.30597709320836,131.04391479492188,4699500
2020-12-23,JNJ,131.11252551081066,131.79898112885664,130.34025803061448,130.3745880126953,4607300
2020-12-24,JNJ,130.29740967188877,131.31849785895193,130.27166872306697,130.82940673828125,2114900
2020-12-28,JNJ,131.5587268772069,132.03065285153826,130.68349561524573,131.44717407226562,3855500
2020-12-29,JNJ,132.23658816192503,132.94019566710202,131.97058972363672,132.2623291015625,5212000
2020-12-30,JNJ,132.77719552013048,134.1844238507632,132.65706675140768,133.90126037597656,5412800
2020-12-31,JNJ,134.31310368943147,135.28272270290094,133.0946512343639,135.04246520996094,5099900
2021-01-04,JNJ,134.92229652316414,135.04242523407308,132.25371085871427,134.28732299804688,11765900
2021-01-05,JNJ,134.07282544904726,136.226566603563,133.06031375591976,135.86618041992188,9602300
2021-01-06,JNJ,134.9223261688179,137.48793557832317,134.47612810466683,137.14471435546875,8230100
2021-01-07,JNJ,136.43253145002362,138.17440486071501,135.87479363414673,137.6080780029297,7747200
2021-01-08,JNJ,137.72816693949667,138.23443582283576,137.1875942706467,137.3248748779297,8228900
2021-01-11,JNJ,137.77110082730846,138.42323948975113,136.23516815881166,136.75,7066200
2021-01-12,JNJ,136.5612687572786,136.99889102145323,134.99959464408377,135.68605041503906,6903200
2021-01-13,JNJ,135.7718266792883,135.9691913548448,134.5018922241833,135.48008728027344,6643100
2021-01-14,JNJ,137.67668653842705,138.96378553335103,136.95591424360114,137.84829711914062,10030800
2021-01-15,JNJ,137.5480499267578,138.50050417794128,136.52694879071692,137.5480499267578,7630800
2021-01-19,JNJ,139.00671956655216,139.8991026225803,138.2344652506249,139.67601013183594,9057600
2021-01-20,JNJ,140.0363863314636,140.8429705685885,138.8350990164157,139.33277893066406,6839900
2021-01-21,JNJ,138.4232729298653,139.41861996717094,137.3421009253856,138.7750701904297,6818000
2021-01-22,JNJ,139.31563007447738,141.7182180758304,138.89517291899895,140.33673095703125,8137000
2021-01-25,JNJ,141.5895039328883,142.51621703267762,140.4311223779404,142.4218292236328,9924400
2021-01-26,JNJ,145.61383622089824,149.00319520167542,145.34783778520165,146.2831268310547,14205700
2021-01-27,JNJ,145.1161943395326,146.66071657352177,143.68322493420942,144.0522003173828,14207300
2021-01-28,JNJ,144.32671768894716,146.6091766934557,143.983496480727,145.1504669189453,8944400
2021-01-29,JNJ,140.9460009111028,142.4390413593333,137.76258147548444,139.9763946533203,22505900
2021-02-01,JNJ,141.84694671760147,141.84694671760147,139.5215942331132,139.61598205566406,9971400
2021-02-02,JNJ,140.1908596301379,140.43111711815288,138.30310351994726,138.36317443847656,11443300
2021-02-03,JNJ,138.09715565858042,138.59483555127574,136.92160933026088,137.7196044921875,8601900
2021-02-04,JNJ,138.14861790642715,139.0839066493008,137.0846114152657,138.99810791015625,7758100
2021-02-05,JNJ,141.46081913526973,141.9584991899658,140.60275278435654,141.1090087890625,9495300
2021-02-08,JNJ,141.60667113571463,142.37034956880655,140.61990019278247,141.5122833251953,6035300
2021-02-09,JNJ,141.7525324446215,142.94524392899805,141.55518088631413,142.67066955566406,5544200
2021-02-10,JNJ,144.0607617086476,144.10366764557162,142.18159427163684,143.13404846191406,5921300
2021-02-11,JNJ,143.29707822578305,143.623147623499,142.09579059165046,142.49049377441406,4871300
2021-02-12,JNJ,141.066099870351,143.1683728600828,140.72287857446383,142.9366912841797,4413100
2021-02-16,JNJ,142.93668183304024,143.3399740302208,141.2720311626444,141.64100646972656,5656100
2021-02-17,JNJ,141.55519474729425,142.51622478764318,141.03177379466442,142.1472625732422,6676700
2021-02-18,JNJ,141.54659083135797,142.57626754158227,140.9802640581672,142.21588134765625,5189100
2021-02-19,JNJ,142.09578358574964,142.40468797544682,139.78758315899202,139.84764099121094,8190900
2021-02-22,JNJ,139.7612762451172,140.33976393275748,138.3970760904316,139.7612762451172,6447100
2021-02-23,JNJ,139.42457447652242,140.90102335403665,138.49208252883415,138.52662658691406,7042800
2021-02-24,JNJ,140.2188985110616,141.9371028754059,138.94104519507638,140.38294982910156,10286100
2021-02-25,JNJ,140.8492126132249,141.34135342857783,139.86491780782177,140.5297393798828,9719700
2021-02-26,JNJ,139.87353713371468,140.22754122295552,136.39396809726526,136.81704711914062,14417500
2021-03-01,JNJ,139.39863912985504,139.4677140545235,137.36097496356768,137.5595703125,10551400
2021-03-02,JNJ,137.9567751004006,138.82019214980838,136.93794930595476,137.3005828857422,7610900
2021-03-03,JNJ,136.63573094209298,137.19694668398265,134.7448457329523,134.88299560546875,8499600
2021-03-04,JNJ,134.68439888216793,134.7793752624497,130.7817510397207,132.16322326660156,11033200
2021-03-05,JNJ,132.94892052055593,135.28878593950049,132.21502411586508,134.7793731689453,8331600
2021-03-08,JNJ,135.55644821521602,137.56821109771744,134.67575932133607,135.9018096923828,6546700
2021-03-09,JNJ,135.46149249281746,138.79428263709423,135.46149249281746,136.16085815429688,7461300
2021-03-10,JNJ,137.12788003380828,138.06035870330888,135.86728554775573,137.4127960205078,6635600
2021-03-11,JNJ,137.74953631960605,138.69067082094912,137.2142220190731,137.4041748046875,6305600
2021-03-12,JNJ,137.52506131488798,138.4143797877826,137.4473569453414,137.80136108398438,5474800
2021-03-15,JNJ,137.9308202431495,138.7165326158507,136.85154934922815,138.50930786132812,5524100
2021-03-16,JNJ,138.54389042729335,139.59724699190858,138.3539376431749,139.32958984375,6369100
2021-03-17,JNJ,138.86334160233557,139.6404115424255,137.74089699744178,138.81153869628906,6001400
2021-03-18,JNJ,138.3280523191054,139.43322509665353,138.11219805513588,138.5525360107422,4801800
2021-03-19,JNJ,138.74244218139998,139.4418076536312,137.6890726733227,138.18121337890625,14891500
2021-03-22,JNJ,136.6874996632094,138.7078916383211,136.4198425863391,138.57838439941406,7544100
2021-03-23,JNJ,138.32800523694834,139.1827793995244,137.17965936252452,138.44888305664062,7178300
2021-03-24,JNJ,138.2330699652209,140.287993510954,137.99131425395817,139.7958526611328,6370100
2021-03-25,JNJ,140.2534633047299,140.26209273206734,138.69931002860457,139.84765625,6269800
2021-03-26,JNJ,139.95120487293255,142.55009748133492,139.33818641508438,142.40330505371094,7619200
2021-03-29,JNJ,141.4535810344205,144.21651225928161,141.28090030312205,143.36172485351562,8535100
2021-03-30,JNJ,142.4810852292572,143.03367161407277,141.79897838216846,142.47244262695312,7236300
2021-03-31,JNJ,142.42927278267925,142.80053576534652,141.3413589410635,141.902587890625,8281500
2021-04-01,JNJ,140.39156676510206,141.4621950876281,140.09799506163128,140.59014892578125,7229700
2021-04-05,JNJ,141.28953867492788,142.24793194521888,140.44339381570128,141.10821533203125,7387100
2021-04-06,JNJ,141.66944445258565,142.04934999095826,140.7369526333155,141.0736846923828,5074200
2021-04-07,JNJ,141.21182319751185,141.84211378564203,141.01324101831648,141.2636260986328,4608000
2021-04-08,JNJ,141.60036260807414,141.69533898803078,140.60743850600548,140.71104431152344,5039400
2021-04-09,JNJ,139.97715119379896,140.6765168127279,137.95675870029385,139.22598266601562,8418300
2021-04-12,JNJ,139.08783167121487,139.94261918451247,138.44026896636134,139.56271362304688,5022800
2021-04-13,JNJ,135.4355753287829,138.08625835835335,135.15064617109746,137.69772338867188,18424100
2021-04-14,JNJ,136.27306834093326,138.24165749295614,136.02267010356962,138.07760620117188,7718300
2021-04-15,JNJ,138.7683580984151,140.21026266643253,138.34527909624282,138.48342895507812,7524600
2021-04-16,JNJ,139.30366646950063,140.31386256715857,138.63020240439533,140.08074951171875,9049400
2021-04-19,JNJ,140.3052327544454,140.83191753977295,138.87195767638084,140.4692840576172,8353500
2021-04-20,JNJ,139.01011738030928,144.87271218600392,139.01011738030928,143.74163818359375,14050700
2021-04-21,JNJ,143.64662564977812,144.11287802446523,142.71413407509655,143.83657836914062,6333200
2021-04-22,JNJ,143.1890753135902,143.56898091002012,142.13570549610657,142.6192169189453,7233000
2021-04-23,JNJ,142.0579628822941,143.37898951216033,141.60035303925258,142.91275024414062,6015300
2021-04-26,JNJ,142.64509857964066,142.8177793086418,141.39313365131835,141.70396423339844,6027800
2021-04-27,JNJ,141.39317851481778,141.5226989836863,140.27937626086447,140.89239501953125,6217700
2021-04-28,JNJ,140.61607327556044,140.90963185214815,139.5713330563328,139.85626220703125,7448000
2021-04-29,JNJ,139.78716438360576,141.82482840893954,139.70946003923942,141.7730255126953,6394300
2021-04-30,JNJ,141.72988038624982,141.88530228076002,140.3225197829387,140.5038299560547,9079100
2021-05-03,JNJ,141.25503957560014,142.74011800736238,140.8405898913648,142.6451416015625,6594100
2021-05-04,JNJ,142.317050732963,144.92457422069623,142.17890082672676,144.85549926757812,10179500
2021-05-05,JNJ,144.62230046305177,145.3993702404385,144.0092687955671,144.25103759765625,7792300
2021-05-06,JNJ,144.00934822712995,144.95911241197163,143.53447930941,144.82960510253906,5529900
2021-05-07,JNJ,145.31306754519406,146.07286546174825,144.90726054643036,145.48574829101562,5316200
2021-05-10,JNJ,146.69450388723257,148.10187743760264,146.11601623255572,147.01397705078125,8357500
2021-05-11,JNJ,147.3420965406115,147.5320493226758,145.29580259483356,145.81385803222656,8217900
2021-05-12,JNJ,145.52025837251242,146.6081719476266,145.01084563400042,145.22669982910156,6758300
2021-05-13,JNJ,144.1647017008042,147.38524262117681,144.1647017008042,146.74632263183594,8018600
2021-05-14,JNJ,148.05871037041632,148.1709587712249,146.92763646123592,146.97080993652344,5797700
2021-05-17,JNJ,147.1262289130869,148.41272478821108,147.0485245569595,147.1175994873047,5722600
2021-05-18,JNJ,146.76358087597637,147.96372967564585,146.37504595911977,147.1693878173828,5846000
2021-05-19,JNJ,146.70315053564855,146.91900473400904,145.0885521731197,146.8499298095703,5533800
2021-05-20,JNJ,146.72904675634157,148.1536791448718,146.5131925656737,147.7047119140625,4853200
2021-05-21,JNJ,147.9292165013025,149.14663747118894,147.5320389373005,147.60975646972656,6501800
2021-05-24,JNJ,148.478527035274,148.86949925314528,147.4967880011476,148.17445373535156,5195100
2021-05-25,JNJ,148.2787042076475,148.59147402419165,147.47072324809454,147.76611328125,7444700
2021-05-26,JNJ,147.6966377417246,147.76614363266552,146.20229422872745,146.88865661621094,5726400
2021-05-27,JNJ,147.0536939576799,147.84430842282924,146.28915579711742,146.66273498535156,8114700
2021-05-28,JNJ,147.27960940138018,148.57411845163904,146.97552279853284,147.04502868652344,6400800
2021-06-01,JNJ,147.82694880952022,147.87039164723797,143.6827645777239,143.81307983398438,10448400
2021-06-02,JNJ,143.61323891665455,144.85562171160063,143.4481641101896,144.39515686035156,6806000
2021-06-03,JNJ,144.12584929489242,145.22053721503693,143.96947098782582,144.25616455078125,5808800
2021-06-04,JNJ,145.0989236903952,145.5854649737179,144.10848784891073,144.19537353515625,6510300
2021-06-07,JNJ,144.22139259317404,144.49941609882973,143.03113594470037,143.2135772705078,5362800
2021-06-08,JNJ,143.59586526166026,143.92601488868186,140.80701298746592,141.95382690429688,7746800
2021-06-09,JNJ,142.47514098014514,144.03029396052548,142.18843413321363,143.86521911621094,5552600
2021-06-10,JNJ,144.22138906304295,145.5941002606144,144.17794623423632,145.15969848632812,6463100
2021-06-11,JNJ,145.151032065431,145.15971532944383,142.67493636193782,143.31785583496094,7389900
2021-06-14,JNJ,142.91818688635436,143.7522441443764,142.39689944297928,143.67404174804688,4931300
2021-06-15,JNJ,143.55246757174157,144.0998182819547,142.82267546272124,142.90956115722656,5062900
2021-06-16,JNJ,143.17884245997666,144.00420326623288,142.0320152923766,142.8573760986328,6988500
2021-06-17,JNJ,142.64886504302117,143.96075370504985,142.04938843859978,143.54373168945312,5874700
2021-06-18,JNJ,141.84958500709197,142.64888282700505,140.56374597528645,140.72882080078125,12993000
2021-06-21,JNJ,141.41518973989324,142.70969883969042,140.96340807911176,142.3448028564453,6592300
2021-06-22,JNJ,142.23181261191723,142.51850607221965,141.85822025064917,142.1536102294922,5627800
2021-06-23,JNJ,142.21446301758334,142.21446301758334,141.16320483141592,141.2935333251953,4493400
2021-06-24,JNJ,141.84960523214934,142.65758643185714,141.44126637093322,141.9364776611328,4549200
2021-06-25,JNJ,141.56286022663582,143.16145566357895,141.51941739540447,142.66624450683594,10963800
2021-06-28,JNJ,142.86608615793716,143.41343674496895,142.06678832457376,142.50119018554688,5604000
2021-06-29,JNJ,142.4838093856019,143.03984323341632,141.97121837495425,142.50987243652344,3749500
2021-06-30,JNJ,142.4838199322163,143.32656065944005,142.19711309396448,143.12673950195312,6151700
2021-07-01,JNJ,143.12670409775998,144.23007508055846,143.03113517531622,144.1866455078125,6320200
2021-07-02,JNJ,144.23880362231702,147.08847888814833,143.90865395205464,146.81045532226562,9059900
2021-07-06,JNJ,145.88082678198697,146.70618761354777,145.08152899986237,145.93295288085938,6098500
2021-07-07,JNJ,145.50728349502344,147.26227120598742,145.50728349502344,147.18408203125,6293500
2021-07-08,JNJ,146.56715875273014,147.2274579464886,145.59410300221066,146.89730834960938,5755500
2021-07-09,JNJ,147.14929672187972,148.01810052989816,147.03636124152527,147.4794464111328,6120900
2021-07-12,JNJ,147.4620281658678,148.72179070757755,146.4281497828518,147.2448272705078,7840500
2021-07-13,JNJ,146.80176468156915,147.48811378290702,146.54112091587265,147.06240844726562,4691200
2021-07-14,JNJ,147.69664269927102,148.41775142798295,146.86258523687724,148.06153869628906,6162900
2021-07-15,JNJ,147.0884814632576,147.6097557730738,145.7157699106893,146.28048706054688,6656900
2021-07-16,JNJ,146.25444867019553,146.9060516100131,145.91561567176623,146.0459442138672,5834900
2021-07-19,JNJ,144.63844771121154,146.12410798882402,143.63064541468913,144.98597717285156,8219700
2021-07-20,JNJ,145.00332724582157,148.40035277777486,144.95120114671508,146.3499755859375,9902800
2021-07-21,JNJ,147.08848046095522,147.42731339993958,145.50725124109925,147.25355529785156,7585200
2021-07-22,JNJ,147.14059095871121,148.626251076301,146.52373451630115,147.6792449951172,5281900
2021-07-23,JNJ,148.56545136093143,149.59063349239364,148.02679724147802,149.25180053710938,5014900
2021-07-26,JNJ,149.2778594826109,149.5558697756068,148.44380208983816,149.3212890625,4484900
2021-07-27,JNJ,149.26048815058036,150.05978601644273,148.278735662658,150.00765991210938,7089300
2021-07-28,JNJ,150.06843604270355,150.63316631398305,149.50371902831435,149.59059143066406,5750700
2021-07-29,JNJ,150.07713256276176,150.59840674753093,148.64359872664326,149.59059143066406,4214100
2021-07-30,JNJ,149.90339179958627,150.2856675671384,149.29523183161382,149.60800170898438,5346400
2021-08-02,JNJ,149.84256606142335,150.164019168614,148.82606738524146,149.66880798339844,3721500
2021-08-03,JNJ,150.06847889997115,151.60626536083376,149.81653162724731,151.5106964111328,6033000
2021-08-04,JNJ,151.34562148863094,151.68445444523582,150.52894378376436,150.61582946777344,4793100
2021-08-05,JNJ,151.04152336556442,151.04152336556442,149.79912722360663,150.9025115966797,4291000
2021-08-06,JNJ,151.1197446547109,151.1197446547109,149.8252221383224,150.3986358642578,4581100
2021-08-09,JNJ,150.9285441023073,151.38900889377166,150.24218191789794,150.91986083984375,3950200
2021-08-10,JNJ,150.52894745882497,151.26743602024956,150.11192533056712,150.9720458984375,3678300
2021-08-11,JNJ,151.38906698125408,151.58020488390534,150.78959021902006,150.99810791015625,4221300
2021-08-12,JNJ,151.0154611880163,152.29259039423184,150.81562679775612,152.2144012451172,4300400
2021-08-13,JNJ,152.29259058693094,153.16139426323855,152.1448955527857,153.12664794921875,5882100
2021-08-16,JNJ,153.38730562946807,154.55149947976295,152.86601807359918,154.508056640625,4782800
2021-08-17,JNJ,154.04756016854395,155.95892538720827,154.04756016854395,155.92417907714844,6041900
2021-08-18,JNJ,155.9502632720203,155.9502632720203,153.8912027568181,153.94332885742188,7134100
2021-08-19,JNJ,153.44808014708983,155.80254362192306,152.97024879577882,155.1422576904297,5615000
2021-08-20,JNJ,155.4203028674069,156.3151696725808,154.70789068342356,155.8981475830078,5428700
2021-08-23,JNJ,155.90685135442854,156.37878729972562,155.163974647861,155.22515869140625,6461700
2021-08-24,JNJ,154.68332478066768,154.87559846402817,153.188836302851,153.28497314453125,5734800
2021-08-25,JNJ,153.54716076722784,153.7306862454256,151.97401856147295,152.2711639404297,5700300
2021-08-26,JNJ,152.0264468275521,152.69940466393024,151.2398824317521,151.4583740234375,5031600
2021-08-27,JNJ,152.3148390357131,152.3148390357131,150.977671722047,151.13497924804688,7046100
2021-08-30,JNJ,151.01266558982948,152.31488047500278,151.00393072567533,151.7730255126953,3252700
2021-08-31,JNJ,151.62445819636048,152.49842472697043,150.74174346561503,151.30982971191406,7106800
2021-09-01,JNJ,151.10878411965595,151.84292602539062,150.37465554959013,151.84292602539062,5327400
2021-09-02,JNJ,152.36731280685424,153.1101896485578,151.9915136218615,152.88294982910156,4544300
2021-09-03,JNJ,153.0315293886984,153.13640109436543,151.90410521009971,152.9790802001953,4096900
2021-09-07,JNJ,152.37604893905367,152.97033969681553,150.03381202537855,150.60189819335938,6859900
2021-09-08,JNJ,149.99009274795296,151.17868745420859,149.51815681172928,150.23480224609375,4661700
2021-09-09,JNJ,149.6143136897131,149.8677580840155,146.5641660807031,146.88754272460938,7114600
2021-09-10,JNJ,147.30703115483658,147.77896711676797,145.83876075034345,145.92616271972656,6699300
2021-09-13,JNJ,146.75642990832716,146.93122051359535,144.3180696260152,144.90362548828125,6273500
2021-09-14,JNJ,145.42803211605815,145.5503869026015,143.77623582988693,144.02969360351562,5259600
2021-09-15,JNJ,144.2044841026606,145.04349787786248,143.60144503543293,144.57154846191406,7935300
2021-09-16,JNJ,144.77252766348695,145.4804516437656,143.49654419770528,144.396728515625,5665400
2021-09-17,JNJ,143.59269492509767,144.125815009817,142.9459549308852,143.98597717285156,13419800
2021-09-20,JNJ,142.8759877529114,144.35299273475138,141.73109418776892,143.16439819335938,7270800
2021-09-21,JNJ,143.86362008923493,145.06094987680785,143.54025676515639,143.793701171875,6663600
2021-09-22,JNJ,144.51036175494858,145.03473363774614,143.00713835338937,143.26931762695312,5657100
2021-09-23,JNJ,143.6801075470793,144.87745088934776,143.46161589123784,144.08213806152344,4697900
2021-09-24,JNJ,143.9859727250539,144.77253719626432,143.2343610441701,143.64512634277344,4399300
2021-09-27,JNJ,143.33052695798918,143.64515547742144,142.32547067029665,142.60513305664062,5775500
2021-09-28,JNJ,142.5439240305347,143.2518346751476,141.381547127581,142.29046630859375,7610400
2021-09-29,JNJ,142.45654236146547,143.90732998116775,142.2642686607497,143.34799194335938,5124100
2021-09-30,JNJ,143.88983827329244,144.55404798589333,141.0669303251511,141.1455841064453,6972300
2021-10-01,JNJ,141.17179411297803,141.4951574194916,138.62854864179707,140.24539184570312,8568300
2021-10-04,JNJ,139.82589674135997,140.70859805252542,137.79828818196611,139.15293884277344,8620700
2021-10-05,JNJ,139.71226933977889,140.8047273405792,139.09174732762995,139.46755981445312,5129000
2021-10-06,JNJ,139.72103057350193,139.79094949902972,137.9468795122074,139.75599670410156,7312600
2021-10-07,JNJ,139.85210857872391,142.11567837871243,139.85210857872391,141.0057373046875,5309200
2021-10-08,JNJ,140.9882748807267,141.2417192849083,140.05312437302712,140.6474151611328,4343200
2021-10-11,JNJ,140.58628183370237,141.45151365485606,139.7822340817747,140.05316162109375,4101600
2021-10-12,JNJ,139.8346411373618,139.99194870751947,137.50988702789223,137.81578063964844,6686400
2021-10-13,JNJ,137.9294027981116,139.90456233548576,137.86821874049622,139.13546752929688,6901100
2021-10-14,JNJ,139.58118962321714,140.83095526373603,139.48505277889493,139.93077087402344,4579200
2021-10-15,JNJ,140.73480476293088,141.41649747082266,140.19294987606014,140.9707794189453,6918400
2021-10-18,JNJ,140.05313407455805,140.61247211091415,139.13546656637374,139.93951416015625,7465500
2021-10-19,JNJ,140.62120681346755,144.33556449915977,140.47263410632036,143.21688842773438,10081300
2021-10-20,JNJ,143.3130352768235,143.98599327376027,142.68377827578402,143.13824462890625,6003200
2021-10-21,JNJ,143.59269968341508,143.6713534684382,141.82728360631785,142.80612182617188,4524100
2021-10-22,JNJ,142.50894867077204,143.38291500711742,142.42156003853827,143.0857696533203,4304300
2021-10-25,JNJ,143.08577745212935,143.60141441811732,141.32910982116942,143.40040588378906,6715400
2021-10-26,JNJ,143.81991736248676,145.10464911516559,143.37419927232727,144.8599395751953,6939100
2021-10-27,JNJ,144.79873975773967,144.86865866664314,142.72744375718815,143.10325622558594,7018800
2021-10-28,JNJ,143.12951766403938,144.3792835345169,141.86226872710367,142.32546997070312,6278800
2021-10-29,JNJ,141.8884529192796,142.6750173591204,140.3677465551623,142.35165405273438,8526800
2021-11-01,JNJ,142.59635377979438,143.31299925683655,139.31023174792134,142.4739990234375,5846400
2021-11-02,JNJ,143.06828172854048,145.93489014744034,142.43902492091198,144.72007751464844,8450600
2021-11-03,JNJ,144.23939865310837,144.87740368195963,142.83231231455264,144.2568817138672,6717800
2021-11-04,JNJ,144.15203432066616,144.195735312096,142.16812666364953,143.85488891601562,8224400
2021-11-05,JNJ,142.00205576100774,143.85487358190528,141.75734623788958,142.8323211669922,6215900
2021-11-08,JNJ,143.05082145402508,143.47906981332792,141.59129908975208,142.34291076660156,5578800
2021-11-09,JNJ,142.11567651019914,142.97215984623975,141.60003953594696,142.0282745361328,6112800
2021-11-10,JNJ,142.0457760134556,144.0646365208331,141.8884684425449,143.5664825439453,6225100
2021-11-11,JNJ,142.8847846891094,143.16444702830395,142.0108182086625,142.50897216796875,4118800
2021-11-12,JNJ,146.3282084434859,146.4942642164483,143.8636297848806,144.2132110595703,18995200
2021-11-15,JNJ,144.2044312821218,144.60646162490465,142.64877242362857,142.9109649658203,7496200
2021-11-16,JNJ,142.61382412154174,143.63637649739755,142.1244050939992,142.16810607910156,7594700
2021-11-17,JNJ,142.3429187056047,143.2081503360849,141.39903329117269,142.7012481689453,5414500
2021-11-18,JNJ,142.84979623442146,143.74124563913097,141.69616759509273,141.93212890625,6358700
2021-11-19,JNJ,142.4915022475467,142.62260523310857,141.39030918145266,142.36041259765625,7620700
2021-11-22,JNJ,141.65662380234215,143.0729266807561,140.44264607141082,140.48663330078125,7634500
2021-11-23,JNJ,140.32830712242472,141.6302459979983,139.67733097312848,141.3575439453125,7734000
2021-11-24,JNJ,140.87372596414966,141.29597391496156,140.20516559011241,140.96170043945312,5230900
2021-11-26,JNJ,141.27838950175408,141.7710143473101,139.57178669892053,140.04681396484375,8523100
2021-11-29,JNJ,140.3107016597742,141.12001569494925,139.36063385595523,140.53062438964844,9188500
2021-11-30,JNJ,139.43980068150603,139.87085405774405,137.09983307297708,137.17019653320312,14981700
2021-12-01,JNJ,138.00592744678485,140.82093594324002,137.45171782514768,139.06155395507812,9835800
2021-12-02,JNJ,138.3402044313882,140.12597612115633,137.89156684523147,138.19065856933594,11334700
2021-12-03,JNJ,138.91202270659016,140.46027418671937,138.6305151158281,140.20516967773438,8750500
2021-12-06,JNJ,140.91770278848855,143.84707541575554,140.60101349302673,143.33685302734375,9692000
2021-12-07,JNJ,144.26930043925995,144.50682072891576,142.87059519920834,143.706298828125,8311300
2021-12-08,JNJ,143.8030935106853,144.77075901129672,143.07294834622755,144.56842041015625,6216400
2021-12-09,JNJ,144.42768033547998,146.0111270217979,143.82070474349413,145.9407501220703,8574200
2021-12-10,JNJ,145.6504702866184,146.6357200801854,144.8411426155921,145.58009338378906,6572200
2021-12-13,JNJ,144.9291056447194,148.84372827191498,144.0934018020854,148.1839599609375,11142300
2021-12-14,JNJ,148.0783797767774,150.40076335652202,147.04914297219932,149.8025665283203,10482400
2021-12-15,JNJ,149.4155128113221,150.69106200067225,149.037238723904,150.55030822753906,8552200
2021-12-16,JNJ,150.65586858282015,152.63517323763733,150.28639999134987,152.19532775878906,8998600
2021-12-17,JNJ,149.23078504810817,150.23363228038644,147.4890005758395,147.99041748046875,16726200
2021-12-20,JNJ,147.62094032154286,148.23672131924917,146.51253452567153,147.5681610107422,7954500
2021-12-21,JNJ,147.8408536165683,147.87604877019874,146.011094895312,147.09312438964844,7954200
2021-12-22,JNJ,146.96115941939385,147.9376168540726,146.13424782676276,147.7264862060547,4178200
2021-12-23,JNJ,147.68254471460654,148.62380720240188,147.22510158864816,148.00802612304688,3501500
2021-12-27,JNJ,148.7909516818539,149.41553826715614,148.40388545130276,149.25718688964844,3704800
2021-12-28,JNJ,149.36272372050027,150.11046641335844,149.18678821130393,149.85536193847656,3187000
2021-12-29,JNJ,149.5474717329937,151.29806167556697,149.46830276360092,150.91099548339844,3662000
2021-12-30,JNJ,151.4124006407209,152.08097434736854,151.08691928754888,151.5795440673828,4231800
2021-12-31,JNJ,151.77308029875192,151.90502857358248,150.45354385837118,150.48873901367188,4409500
2022-01-03,JNJ,149.73218364069444,150.9549533702155,148.7557262722987,150.90216064453125,6012200
2022-01-04,JNJ,150.47993049887407,151.5619465998657,150.0752801821539,150.49752807617188,6748400
2022-01-05,JNJ,151.30686361981145,152.60001056296193,150.97257671877324,151.50039672851562,7016100
2022-01-06,JNJ,151.4388139741313,151.74671122117962,150.25123907056053,150.98138427734375,7301600
2022-01-07,JNJ,150.83181026695752,153.33012924527426,150.54151065410113,153.02223205566406,6986000
2022-01-10,JNJ,152.79355184951595,152.79355184951595,151.44762551795833,152.26573181152344,7698400
2022-01-11,JNJ,152.17776201037813,152.52963306680866,149.64424745041308,150.6470947265625,8341100
2022-01-12,JNJ,149.20440923612946,149.6178651303746,148.08719777148704,149.3627471923828,8116200
2022-01-13,JNJ,148.66776517413655,149.9169246672044,148.19273798444186,148.45663452148438,6159400
2022-01-14,JNJ,148.34230229595946,148.35988645193913,147.0403499103932,147.6473388671875,5847700
2022-01-18,JNJ,146.99636840820312,147.5417725214796,146.03749503667564,146.99636840820312,7815600
2022-01-19,JNJ,147.08434459912903,148.4214787874269,146.31022558318438,146.5389404296875,5926500
2022-01-20,JNJ,147.16352149745543,147.66495187869705,145.08744991819816,145.36895751953125,6011300
2022-01-21,JNJ,146.19582052579193,147.77926669725124,144.68275123117706,145.0346221923828,10550300
2022-01-24,JNJ,144.26933143527745,144.4188773022223,139.21990000275548,143.36325073242188,14054600
2022-01-25,JNJ,142.82661078651563,148.14874325684252,142.14045297889186,147.46258544921875,14081200
2022-01-26,JNJ,147.38344002639505,148.86132804472473,146.23104684059618,148.1223907470703,9963200
2022-01-27,JNJ,149.0108863449926,151.22771184582274,148.66780732654453,150.06651306152344,9066700
2022-01-28,JNJ,150.30397952191052,151.1660727984961,148.93166394036123,151.12208557128906,9783100
2022-01-31,JNJ,150.86706148161264,151.85231146530845,150.2688778266614,151.56201171875,8054800
2022-02-01,JNJ,151.0781289942499,151.28924623208945,149.04603161891345,150.32159423828125,8154700
2022-02-02,JNJ,149.23957728168094,152.17775551178767,149.23957728168094,151.98422241210938,7382800
2022-02-03,JNJ,151.5356030033953,152.73198358592475,150.4623786533458,151.97544860839844,6240400
2022-02-04,JNJ,150.427174601865,152.16895918091453,149.6530421565005,150.98138427734375,6392200
2022-02-07,JNJ,150.78783190009162,151.0781315300122,149.55625649227528,150.4799346923828,6065700
2022-02-08,JNJ,150.44476868758898,151.35084940463156,149.96972799877773,150.8758087158203,6296100
2022-02-09,JNJ,151.36845303626677,151.51799891153232,150.64709989590497,150.8582305908203,5387500
2022-02-10,JNJ,150.61188568142327,150.62067775818272,148.93167283212713,149.0372314453125,10355300
2022-02-11,JNJ,148.77335904785727,149.6794398344905,147.3834454569487,147.5330047607422,13125300
2022-02-14,JNJ,147.53298264237316,147.76169746873163,144.10217970888024,145.6768341064453,8967600
2022-02-15,JNJ,146.143062426328,147.8760546788729,146.0374903842365,147.18109130859375,6631400
2022-02-16,JNJ,146.4597458544821,147.64732054065536,145.77358801188825,147.09312438964844,8482400
2022-02-17,JNJ,147.0931197659449,147.30423698901868,145.07862010899765,146.19583129882812,6227600
2022-02-18,JNJ,146.06302709900964,146.3994597874167,144.25694392316632,144.6287841796875,6423200
2022-02-22,JNJ,144.81470791959927,144.96521372188786,142.04359633070655,142.663330078125,6868900
2022-02-23,JNJ,142.9909339677083,143.99137021981025,142.4066211610192,142.73419189453125,8016900
2022-02-24,JNJ,141.45930855699382,141.76918226942536,137.86483833688155,140.00735473632812,12883400
2022-02-25,JNJ,141.65402331984185,147.84253832693238,141.38841932428107,146.96604919433594,11340400
2022-02-28,JNJ,144.1949577141382,146.2400857933865,143.76115085440813,145.70004272460938,9373500
2022-03-01,JNJ,144.3455041312249,145.85943808206696,143.78775036759765,145.1954345703125,8737800
2022-03-02,JNJ,145.5584340240101,148.40922366454927,145.23084975480424,147.00152587890625,6793300
2022-03-03,JNJ,147.58581240217322,149.92310371468284,147.24939321565512,149.16171264648438,7333700
2022-03-04,JNJ,148.41805476347093,150.3835061112931,147.71864372057593,150.0470733642578,6302500
2022-03-07,JNJ,149.00237575755088,153.2696975392427,148.17015594502743,152.46405029296875,11663400
2022-03-08,JNJ,152.31353680634257,153.26970342494778,149.18829488597962,149.3742218017578,11100300
2022-03-09,JNJ,150.51629064400922,150.71106606161598,148.63937862981794,149.94082641601562,7248200
2022-03-10,JNJ,149.2325741922823,150.64025839907185,148.80761572610143,150.20645141601562,6171400
2022-03-11,JNJ,149.7372161417743,151.8000552461018,149.63982842408726,149.93199157714844,5188000
2022-03-14,JNJ,151.10947737765994,154.15504213864634,150.81732773730096,152.00367736816406,7729500
2022-03-15,JNJ,153.4556080055027,156.27983785038654,152.7650455774401,155.9434051513672,10554400
2022-03-16,JNJ,155.34137495955383,156.66051962402184,152.7738872567287,154.5091552734375,9603300
2022-03-17,JNJ,155.12004136462585,156.56313278756807,154.22584154373158,156.52772521972656,7472100
2022-03-18,JNJ,156.70478274552434,156.70478274552434,153.74775788394243,154.79244995117188,13809500
2022-03-21,JNJ,154.6331168760531,156.8464615690831,154.33210524000515,155.66896057128906,7574900
2022-03-22,JNJ,155.66895986346395,156.1470363709437,153.96911276804815,154.9341278076172,8442100
2022-03-23,JNJ,155.13775793752473,155.41221052771434,154.12847326211335,154.3498077392578,5254200
2022-03-24,JNJ,154.9341205024603,155.41219698739872,154.1107628036266,155.1466064453125,5012300
2022-03-25,JNJ,155.54504069094756,157.32456526838413,155.12893073600893,156.63400268554688,4809500
2022-03-28,JNJ,156.39494566875285,157.74951167061533,156.12935508735646,157.4396514892578,5604200
2022-03-29,JNJ,158.13907362694337,158.82963620537828,156.52776544699066,157.3599853515625,5933400
2022-03-30,JNJ,157.9797000512042,159.2368782720849,157.3068345884902,158.99783325195312,6277600
2022-03-31,JNJ,158.99784545014828,159.54676418697778,156.68711276942204,156.908447265625,11490400
2022-04-01,JNJ,156.74907715554667,157.9708342655235,155.46533990845452,157.75836181640625,6525600
2022-04-04,JNJ,157.75837812205052,157.75837812205052,155.39452731700794,156.235595703125,6860600
2022-04-05,JNJ,156.23558832933224,159.05095651172542,156.07622047435973,157.244873046875,7446100
2022-04-06,JNJ,158.8207873015015,161.6627282975106,158.1390732416662,161.33514404296875,10330900
2022-04-07,JNJ,160.8393291815803,161.97256057416223,159.56444048762967,160.91900634765625,7385200
2022-04-08,JNJ,160.538290560507,162.18501926183657,159.74147850614534,161.23770141601562,7144500
2022-04-11,JNJ,162.01680189214417,163.07920444861705,159.00665906394087,159.21913146972656,5932000
2022-04-12,JNJ,158.65258962147306,160.0779845459953,157.76725149466884,159.27232360839844,5957500
2022-04-13,JNJ,159.2722944131968,160.10451426131377,158.6879816235954,159.94515991210938,5643100
2022-04-14,JNJ,159.36086282475395,160.60033079860472,159.12181774794425,159.27232360839844,6188200
2022-04-18,JNJ,159.12178127154522,159.70610754349258,156.4746295251026,157.2891387939453,6318700
2022-04-19,JNJ,159.9982637924402,164.61972863676007,159.3165498378456,162.08766174316406,14380800
2022-04-20,JNJ,161.34399210463883,163.18549665299065,161.0429669360886,162.80479431152344,8044900
2022-04-21,JNJ,162.84017629651154,163.67239599625114,161.62726782431136,162.33554077148438,6969200
2022-04-22,JNJ,161.54759913341928,162.14962238910996,160.58258411575912,160.72422790527344,8003600
2022-04-25,JNJ,161.43249815664828,165.2837231560494,161.220025721382,164.6816864013672,11176500
2022-04-26,JNJ,163.87601938445195,165.17746692953952,163.06149678398785,163.50416564941406,10190000
2022-04-27,JNJ,163.11465424215365,163.62815182851696,160.90130956430346,161.22003173828125,11090100
2022-04-28,JNJ,161.35282278438373,163.34483294221565,161.06065967346638,162.42408752441406,9403900
2022-04-29,JNJ,161.57416501763353,161.61843461399573,159.53788516762927,159.76808166503906,8463100
2022-05-02,JNJ,159.7769388474422,160.60915867113104,156.73137417742566,158.15676879882812,7145400
2022-05-03,JNJ,158.29839369503392,159.91856341187153,157.30680622068954,157.84686279296875,5898700
2022-05-04,JNJ,157.72292708329692,159.80347636204382,156.83758926411662,159.53787231445312,5923000
2022-05-05,JNJ,158.84731143433942,159.10406696953035,155.17316485283777,156.4923095703125,7089200
2022-05-06,JNJ,155.05805675627042,156.58968731835614,154.65965746094184,156.1470184326172,6434000
2022-05-09,JNJ,155.33252401007883,158.08592528042087,154.57113291415578,156.99696350097656,7855200
2022-05-10,JNJ,157.79375416799994,158.63482238605923,156.2621235385502,156.7844696044922,8186700
2022-05-11,JNJ,155.78403400087444,157.87343159860777,155.71320536087887,155.93453979492188,6138900
2022-05-12,JNJ,156.23555391524752,157.54585000344824,154.67736433763534,157.4750213623047,6898600
2022-05-13,JNJ,158.20988858242237,158.37810495398713,155.64241393727514,156.572021484375,7732200
2022-05-16,JNJ,156.57198804628635,158.59055705560075,155.96995134553214,157.66094970703125,5516700
2022-05-17,JNJ,158.22760764735557,159.09523510043311,156.3418333938717,158.31614685058594,5751100
2022-05-18,JNJ,158.33381031434772,158.80303827177553,155.08462218062667,155.3767852783203,8608800
2022-05-19,JNJ,154.68624426761625,154.75707292314465,152.8890093497855,153.9956817626953,6874500
2022-05-20,JNJ,154.8013275892445,156.84645584955763,154.09305461146582,156.6870880126953,7522100
2022-05-23,JNJ,158.24640827926694,160.3224893250359,158.1216650370835,159.88589477539062,7040800
2022-05-24,JNJ,159.7165910736922,161.93525321663742,159.58294246098177,161.63229370117188,6419800
2022-05-25,JNJ,160.85708714162828,161.76593839764956,159.54727649488905,160.04624938964844,6558900
2022-05-26,JNJ,161.27592346662396,161.27592346662396,159.13746362148706,159.90374755859375,6897600
2022-05-27,JNJ,160.17101153849038,161.41845751877364,158.8077412913759,161.3560791015625,5853600
2022-05-31,JNJ,158.60280945985434,160.53633646051426,155.93863377717895,159.96607971191406,16391400
2022-06-01,JNJ,159.62748890470573,160.23339436230486,156.73165102239992,158.34442138671875,5175400
2022-06-02,JNJ,158.3711600422095,158.43352486865976,155.56441654808137,157.84544372558594,8666500
2022-06-03,JNJ,157.7741678111851,159.19980294751866,156.95441095270073,157.1949920654297,4234200
2022-06-06,JNJ,157.89891314755394,159.04833208627616,156.8207644099978,157.1771697998047,5386500
2022-06-07,JNJ,157.69396438016295,159.7611536737501,157.17716705676617,158.90576171875,5447800
2022-06-08,JNJ,158.69190656578118,159.89478480078523,157.53356880185726,157.9612579345703,4333100
2022-06-09,JNJ,157.8988828445775,159.18195015924044,154.71791028724738,154.78028869628906,5509600
2022-06-10,JNJ,153.40813995766024,155.0119915173107,152.0270451814058,153.74673461914062,6647300
2022-06-13,JNJ,151.54588887102292,153.4794160218985,151.54588887102292,152.1963348388672,7997000
2022-06-14,JNJ,152.41905925716574,152.46361332134023,149.03315431977737,149.86181640625,7116800
2022-06-15,JNJ,151.15380287100882,152.757654011256,150.26277597042613,151.46566772460938,7796100
2022-06-16,JNJ,150.04893554800367,151.66170577615154,149.1668275536162,151.54586791992188,7056700
2022-06-17,JNJ,152.03593866066993,153.43484395591,150.79741169650498,150.99343872070312,12486600
2022-06-21,JNJ,152.1428543867322,154.91394879377975,151.082530122236,154.1565704345703,8219700
2022-06-22,JNJ,153.25666499700407,158.53154392817225,152.98044876451982,156.589111328125,10593100
2022-06-23,JNJ,157.71178920211807,160.22449203073737,157.2841000213296,160.08192443847656,10223500
2022-06-24,JNJ,161.07986233238375,162.63915960522982,160.3670380027412,162.42530822753906,9374400
2022-06-27,JNJ,161.84611463471805,163.36977651298633,161.72137142098777,162.2738037109375,5908600
2022-06-28,JNJ,162.31837705533167,163.03120133104042,157.09695861005406,157.65830993652344,9245700
2022-06-29,JNJ,157.90781327189848,158.87012410756486,157.2038942958492,157.702880859375,7097900
2022-06-30,JNJ,157.58700620990413,158.8611680548706,155.95642547418478,158.16616821289062,10777200
2022-07-01,JNJ,158.11273618917414,160.1353712573765,157.43556057333222,159.95716857910156,5498400
2022-07-05,JNJ,159.3423957821286,159.60970666128523,155.58225991104808,158.7275848388672,5676400
2022-07-06,JNJ,158.66518478390296,159.88588742601507,158.0771036995013,158.8701171875,5335600
2022-07-07,JNJ,158.47806783056888,159.60075699190506,158.16620293220097,159.04832458496094,5725800
2022-07-08,JNJ,158.89684899176063,160.3759570976073,158.3978760394252,158.852294921875,3828300
2022-07-11,JNJ,158.33548193363444,159.5116440013073,158.17510361312918,158.91465759277344,3645200
2022-07-12,JNJ,158.5849969784047,159.00378079655442,156.10794276670742,156.68711853027344,4708800
2022-07-13,JNJ,156.51780436928308,157.11479082122736,155.48420979756187,156.32177734375,5291700
2022-07-14,JNJ,153.72886946744254,156.82963926244184,153.5239370879892,156.5355987548828,5359600
2022-07-15,JNJ,158.3444302187052,159.05724101423635,157.31083553079287,158.80775451660156,5691100
2022-07-18,JNJ,158.37116625719796,158.77212574466705,154.95853073337005,155.24365234375,7605700
2022-07-19,JNJ,157.1148032503782,157.48903298436633,151.36768142785613,152.98043823242188,13256400
2022-07-20,JNJ,153.4348296330086,153.74669448675522,151.26072181920986,152.10720825195312,7455800
2022-07-21,JNJ,151.5191413391221,152.71311423457072,151.26965487129678,152.64183044433594,5729200
2022-07-22,JNJ,152.9002621037905,153.69327571165348,152.4190998361911,153.36358642578125,4257000
2022-07-25,JNJ,153.36354442976085,154.12982810136725,153.0071391110566,153.66650390625,4437300
2022-07-26,JNJ,153.75562461755757,155.91190843364413,153.69325979436175,154.75357055664062,4525500
2022-07-27,JNJ,153.81797319353797,155.1277837824566,152.48143288615088,154.3258514404297,4648500
2022-07-28,JNJ,154.50407935352123,156.90094420529456,152.7576740134588,155.21690368652344,5513000
2022-07-29,JNJ,154.85155475175603,155.79605466066775,154.06746034638317,155.50201416015625,6451400
2022-08-01,JNJ,155.19020404494995,156.07232585757535,154.62885256455235,154.9585418701172,5461400
2022-08-02,JNJ,155.9386132011211,156.36631590313098,153.88034323316782,154.0763702392578,5794200
2022-08-03,JNJ,153.7466880118018,156.161363198064,153.05168814597062,155.5643768310547,5010000
2022-08-04,JNJ,155.76039327768393,156.00987969487775,152.90020485342987,153.06948852539062,5651600
2022-08-05,JNJ,152.63290506820988,152.83783744078525,151.28744579732432,152.46360778808594,5235500
2022-08-08,JNJ,152.6329367091561,152.79331505242052,150.97562584878793,151.65280151367188,4629800
2022-08-09,JNJ,151.9557342439068,152.4725315206186,151.23400456994477,151.6349639892578,5532500
2022-08-10,JNJ,152.38344387305943,152.57947090398858,151.05580872649267,152.0715789794922,5603400
2022-08-11,JNJ,150.1558758999916,151.4300380013368,148.78368668747325,148.92625427246094,9328700
2022-08-12,JNJ,149.28265010118767,149.6390690408851,147.1530962219679,147.28675842285156,14606900
2022-08-15,JNJ,147.9104877098256,148.57875798562299,147.13529854061852,147.9906768798828,10072000
2022-08-16,JNJ,147.78574029776865,149.91529430603245,147.55407816992164,149.3094024658203,7453600
2022-08-17,JNJ,148.27582874139202,150.19153164250758,148.27582874139202,149.31832885742188,7406600
2022-08-18,JNJ,149.40742777681731,149.95987386171612,147.84813024562655,148.5966033935547,8312100
2022-08-19,JNJ,148.89060976972652,151.58150138743798,148.80150163573933,150.85977172851562,8128500
2022-08-22,JNJ,151.5056525049283,151.52359661660148,149.95382218519376,150.33056640625,5462600
2022-08-23,JNJ,149.80130215432456,150.49200660150444,148.72488834936712,149.02090454101562,5566300
2022-08-24,JNJ,149.40661177897712,149.43352109716847,148.07007001766124,148.5275421142578,5684300
2022-08-25,JNJ,148.85943955668307,150.01659504057434,147.73817229023118,149.9179229736328,5678700
2022-08-26,JNJ,150.21392346446092,150.24979799080384,147.28964997948657,147.35244750976562,5667100
2022-08-29,JNJ,146.63483913557923,146.9667298438719,145.33417193263773,146.21324157714844,5259200
2022-08-30,JNJ,146.48236141400216,146.69763597365056,145.3431500155983,145.7019500732422,6973300
2022-08-31,JNJ,146.41956829156794,146.70661929621576,144.66142879380845,144.72421264648438,8741700
2022-09-01,JNJ,144.85877590458833,148.45579662342757,144.8497970059184,148.31227111816406,7509600
2022-09-02,JNJ,148.7787203863286,149.08370181585505,145.3252115267316,145.98004150390625,5803700
2022-09-06,JNJ,147.0564493531195,149.10163978876486,146.05179824433782,146.3747100830078,7394600
2022-09-07,JNJ,146.13252586112463,147.48701181263212,145.45976549078443,147.17306518554688,4590600
2022-09-08,JNJ,147.00263074424836,148.38402601911358,146.28501694324854,148.35711669921875,5838400
2022-09-09,JNJ,147.99829880594467,149.0836777438144,147.460085098223,148.64414978027344,5500600
2022-09-12,JNJ,149.00297273097183,149.4156051287237,148.20463094360744,148.5813751220703,6365300
2022-09-13,JNJ,146.7245563524217,147.5049539918562,144.24878946205902,144.71524047851562,6726400
2022-09-14,JNJ,145.65708048614675,148.3301773237025,145.65708048614675,147.7022705078125,9555700
2022-09-15,JNJ,147.51394785152553,148.96711982206654,147.20000116757544,148.07907104492188,7174500
2022-09-16,JNJ,148.29434793014704,150.36644789685027,147.783043425456,150.33953857421875,20201500
2022-09-19,JNJ,149.1733853911582,149.28998786816035,147.18201382418522,149.1554412841797,7380900
2022-09-20,JNJ,148.20463066168685,148.81459351498685,147.39732366470852,147.98037719726562,7143400
2022-09-21,JNJ,148.02524091094082,149.62192459355404,146.4285572283276,146.4644317626953,8071200
2022-09-22,JNJ,146.34779934091907,149.94483352105618,146.0607620357758,149.0657501220703,7401100
2022-09-23,JNJ,148.6710555287433,150.2318506064586,147.70227909050132,149.5501251220703,9598600
2022-09-26,JNJ,148.72486919543567,149.65775738962918,147.45111142675685,148.63516235351562,8735500
2022-09-27,JNJ,149.22720327679463,150.40228906214662,147.4690503599814,147.9534454345703,8686700
2022-09-28,JNJ,149.12854656090687,150.14217655056436,148.09698614985948,149.2272186279297,8660900
2022-09-29,JNJ,149.33485225749118,149.95379396393707,147.01158982120822,147.58567810058594,7008100
2022-09-30,JNJ,148.00728071025105,148.67107586633506,146.5003040583994,146.5361785888672,8985200
2022-10-03,JNJ,147.37036548795126,147.451107118257,145.04710343593672,146.3926239013672,8657000
2022-10-04,JNJ,146.9757110165997,148.90428513833334,146.14148109689987,148.56341552734375,6236100
2022-10-05,JNJ,148.02522906987076,148.94017334019233,147.2986500427674,148.10595703125,4539400
2022-10-06,JNJ,147.81892558528446,148.00730454076898,145.03819050026,145.23553466796875,5890700
2022-10-07,JNJ,145.1099018614526,145.5135552661184,142.77766089862934,143.7015838623047,6363500
2022-10-10,JNJ,144.08734353770654,144.67039708320374,142.78666246532032,143.88999938964844,5315600
2022-10-11,JNJ,143.85413100422795,147.2089682964347,143.85413100422795,145.97108459472656,6212200
2022-10-12,JNJ,146.15941883697684,147.89962765697007,145.76473060720394,145.93516540527344,4341700
2022-10-13,JNJ,144.32057127229814,148.89534780995618,144.19498986905066,148.141845703125,6465100
2022-10-14,JNJ,147.50497458990193,148.61726311640194,146.75148616472194,147.52291870117188,5684600
2022-10-17,JNJ,148.36608405245263,149.98969060450548,148.01624920142356,149.43353271484375,6710800
2022-10-18,JNJ,148.0072747871688,149.9537930615854,146.25810064078925,148.9132537841797,10883600
2022-10-19,JNJ,148.90428813752163,149.12854158351186,147.0115885058702,147.7292022705078,10044600
2022-10-20,JNJ,148.00728496044923,148.67108013559488,147.40628732460638,148.10595703125,5659900
2022-10-21,JNJ,147.74717965181668,151.92725442406052,147.4960031433852,151.33523559570312,8487600
2022-10-24,JNJ,152.3219096913637,154.35813482981288,151.81958415827447,153.3714141845703,6855500
2022-10-25,JNJ,152.6448315839038,153.48802671759864,151.1647643384821,153.1292266845703,5661900
2022-10-26,JNJ,153.67642017958477,154.79768749812362,152.95880635825088,154.47476196289062,6123800
2022-10-27,JNJ,154.60034134363963,155.56910424938928,154.03521824249813,154.564453125,5390900
2022-10-28,JNJ,155.18338269222045,157.32724506168856,154.81560376041506,156.8607940673828,6073900
2022-10-31,JNJ,156.54684235207037,157.12093060043128,155.56012175925778,156.05348205566406,7810000
2022-11-01,JNJ,156.13424954399383,156.6455540771995,152.8691192382667,155.26414489746094,6985000
2022-11-02,JNJ,155.0847116761908,156.02657888144185,152.75247037626863,152.8780517578125,6877300
2022-11-03,JNJ,152.32191299986684,153.81095921054143,151.54151536453435,153.13819885253906,4819900
2022-11-04,JNJ,153.89169378069172,154.73488898892543,151.8106287679413,153.81993103027344,5300900
2022-11-07,JNJ,153.99036510302557,155.94586240221935,153.78405575116653,155.1654510498047,6621000
2022-11-08,JNJ,155.30000226194173,156.6993415881447,154.4478282092656,155.93687438964844,5148400
2022-11-09,JNJ,156.32262012686195,156.97743645791516,154.59137613879176,154.69004821777344,6150000
2022-11-10,JNJ,156.39437687352913,156.77112106406977,154.32226329453704,156.50201416015625,7877500
2022-11-11,JNJ,154.94119972763295,155.28206937333246,149.6398582337603,151.81959533691406,11074700
2022-11-14,JNJ,152.7165965356487,155.41660309467946,152.7165965356487,154.2056427001953,6581500
2022-11-15,JNJ,154.45683042065602,155.18340951221177,152.95881880368444,154.63623046875,9351000
2022-11-16,JNJ,155.75744892833185,156.96842282524725,155.29997689636082,155.5959930419922,5500900
2022-11-17,JNJ,155.18339090502525,156.96845333478726,155.16544679616354,156.85183715820312,4464100
2022-11-18,JNJ,156.97740400190762,158.44850598334602,156.6365344018393,158.05381774902344,6555700
2022-11-21,JNJ,158.79413757842886,159.38999130909542,157.8371678886442,158.86636352539062,5706600
2022-11-22,JNJ,159.2545688642788,159.967791509255,159.19137976796588,159.63375854492188,4707900
2022-11-23,JNJ,159.29067642261793,160.1573602025057,158.90246369411526,159.80526733398438,5389200
2022-11-25,JNJ,160.13931615455246,160.80738204040102,159.6698543984523,160.01292419433594,3058600
2022-11-28,JNJ,159.57053425293932,160.49139777031908,159.39899936702952,160.0941619873047,6183100
2022-11-29,JNJ,159.80526334380335,160.0309642481351,157.68368310849888,158.9746856689453,6700500
2022-11-30,JNJ,159.22747653458015,160.7080739806393,157.79202202649714,160.6990509033203,13288000
2022-12-01,JNJ,161.60185045038355,162.46854800013622,160.49140583800153,161.36712646484375,6282600
2022-12-02,JNJ,160.24764161807306,161.5657409569112,159.76013372741178,161.49351501464844,5823900
2022-12-05,JNJ,161.02406811849602,161.92687181645223,160.69905823620414,161.4032440185547,5120600
2022-12-06,JNJ,162.43239026816454,162.50461619511145,158.83019964992556,158.9836883544922,7943500
2022-12-07,JNJ,159.40809398248788,160.59076490775834,159.1011301816702,159.94976806640625,5702600
2022-12-08,JNJ,159.63375061548524,160.22056748730404,159.20039493790236,159.976806640625,4798500
2022-12-09,JNJ,159.90458162094882,160.5997443040369,158.5864959771458,158.65872192382812,4561000
2022-12-12,JNJ,158.84829761958775,160.5816789543962,158.53232461116758,160.55459594726562,4882400
2022-12-13,JNJ,161.6921491712465,162.68522498191808,160.97892652948826,161.7914581298828,9177500
2022-12-14,JNJ,161.22266227293622,163.44355132820445,161.22266227293622,162.2879638671875,9533600
2022-12-15,JNJ,161.7824496121915,162.36024353390422,159.25459603881322,160.23866271972656,7602400
2022-12-16,JNJ,159.79623518669672,159.79623518669672,157.86423605806593,158.5955047607422,18841800
2022-12-19,JNJ,158.30661035832384,159.04690211698087,157.1510228991842,158.42396545410156,5736000
2022-12-20,JNJ,158.89343159807132,159.29066738117683,158.1441029664295,158.5955047607422,6174700
2022-12-21,JNJ,159.1372134910479,160.86155810407004,158.57746582453092,160.41015625,5472000
2022-12-22,JNJ,159.58859450722628,160.25666034757643,158.29757820979776,159.8233184814453,5709100
2022-12-23,JNJ,159.4983301961838,160.265718861902,158.72191845259164,160.22959899902344,3683400
2022-12-27,JNJ,160.7983618999449,161.01503973956937,159.78722619974536,160.1844482421875,3067300
2022-12-28,JNJ,160.48236403118923,161.10530072339253,159.48025147757733,159.48928833007812,2645400
2022-12-29,JNJ,160.29276525426542,160.9698678838027,159.85942342855427,160.30178833007812,2828800
2022-12-30,JNJ,160.23865130550996,160.49143526727195,158.35178089534637,159.48028564453125,4216600
2023-01-03,JNJ,159.03789983857843,161.0421251135558,158.9024710209394,160.87059020996094,6344900
2023-01-04,JNJ,161.50255821390243,162.67620581444527,161.13240537957043,162.62203979492188,9788800
2023-01-05,JNJ,161.61991307081357,162.49563371223428,161.06920229399938,161.42129516601562,6255300
2023-01-06,JNJ,162.62199940875524,163.3442311906275,161.95391985726633,162.73033142089844,5706000
2023-01-09,JNJ,161.87271323938984,162.28799524515162,158.15315246536548,158.5142822265625,7925300
2023-01-10,JNJ,158.6226092609749,159.01984509790904,157.37674950731682,158.13510131835938,5047500
2023-01-11,JNJ,158.5052303724147,158.64064539847212,155.3815239396932,157.88229370117188,6494800
2023-01-12,JNJ,157.3225535713618,157.72882622016337,156.00446800298283,157.08782958984375,4269400
2023-01-13,JNJ,156.35656287396628,157.0968546871608,155.62529413782275,156.57322692871094,6088000
2023-01-17,JNJ,157.08783621501294,157.61146398881252,155.3634779251077,155.60723876953125,6053300
2023-01-18,JNJ,154.96624714547295,155.28223394575525,153.214819566735,153.25994873046875,7047800
2023-01-19,JNJ,152.60090528784283,154.63221357262822,152.31201527292154,153.05230712890625,6939500
2023-01-20,JNJ,153.56692499199892,153.5759480703442,151.20156977478038,152.339111328125,8620600
2023-01-23,JNJ,152.66410456448696,153.14258940269625,151.62587208906467,151.9508819580078,8425400
2023-01-24,JNJ,152.59187861853397,154.37040293251587,149.8744307828538,151.9508819580078,10541800
2023-01-25,JNJ,150.921683502035,153.03424072265625,150.84043448024732,153.03424072265625,7099800
2023-01-26,JNJ,153.07037157621633,153.39538146239934,152.25783997291316,152.47451782226562,6946100
2023-01-27,JNJ,152.15851376446528,152.45644060766617,151.46336490601973,151.87864685058594,6058100
2023-01-30,JNJ,151.6077995599811,152.15851029837907,145.42360326230101,146.25418090820312,23259100
2023-01-31,JNJ,145.9833702253385,147.54521692631542,145.3965532715629,147.53619384765625,11612500
2023-02-01,JNJ,147.14796129368585,149.84733519667503,146.61529670895652,148.89036560058594,9865300
2023-02-02,JNJ,147.15698864826794,150.0640173788349,146.99449061055805,149.45010375976562,10099000
2023-02-03,JNJ,149.8924682447981,150.17233513360804,147.9604692511514,148.61048889160156,6868500
2023-02-06,JNJ,148.55636384220017,148.82720772967602,147.24730112437456,147.48202514648438,7021000
2023-02-07,JNJ,145.8930766190374,147.951467856883,145.7305647972651,147.5181121826172,7310800
2023-02-08,JNJ,147.4278509450632,148.56537867852276,147.06672118989948,147.7077178955078,6054700
2023-02-09,JNJ,147.72577129002977,148.78204994771943,145.41459606202258,145.71250915527344,7949500
2023-02-10,JNJ,146.0465770962789,146.9674270696256,145.6674011468374,146.38963317871094,7028000
2023-02-13,JNJ,145.6493404323275,146.99452306951085,145.4868285830423,146.9313201904297,6414700
2023-02-14,JNJ,146.92225671741303,147.12989767959073,146.03749930768544,146.290283203125,6316000
2023-02-15,JNJ,146.20905698478924,146.2361399938312,143.8075958280015,143.87982177734375,12621800
2023-02-16,JNJ,143.60897831520487,144.13259229172175,142.5707458877345,142.85964965820312,11177000
2023-02-17,JNJ,142.7778063852688,146.4968274613001,142.41407929209623,145.84213256835938,12401900
2023-02-21,JNJ,145.16928001427198,145.80579909965206,143.56892207406366,143.6689453125,9423900
2023-02-22,JNJ,144.12358231458174,144.44184183174664,143.09607220894193,143.46888732910156,9820200
2023-02-23,JNJ,143.40524018699665,144.20541213565494,142.4595635093484,143.4234161376953,9385100
2023-02-24,JNJ,142.4413437527981,142.6232142197406,141.13196796428488,141.82302856445312,8689700
2023-02-27,JNJ,142.25950176493512,142.6686826080249,141.01376941215048,141.51388549804688,7267100
2023-02-28,JNJ,140.92283275451862,141.18653663114833,139.15879451003266,139.3588409423828,9062300
2023-03-01,JNJ,139.13153962711172,139.3406879429595,138.1313211753968,138.73146057128906,6767000
2023-03-02,JNJ,137.98580937593303,138.9041942819693,137.51297108654612,138.622314453125,8762500
2023-03-03,JNJ,139.45889058184594,140.1408634009522,138.97696423299266,140.04994201660156,5747200
2023-03-06,JNJ,140.63187932726925,141.6048199160681,140.55004592606372,141.4502410888672,8148200
2023-03-07,JNJ,141.93216516396717,142.07765601367024,139.44070026796496,140.1135711669922,7457700
2023-03-08,JNJ,140.01354777662704,140.21359422603945,138.64960228050842,139.08607482910156,6230500
2023-03-09,JNJ,139.54070437910363,139.6680053864639,137.04013797577988,137.52206420898438,7439400
2023-03-10,JNJ,138.085829476802,139.56798788184457,137.3947688192723,137.85850524902344,8504300
2023-03-13,JNJ,138.2949827192187,141.76850405270898,137.82215825086791,139.177001953125,10799600
2023-03-14,JNJ,139.37705007942958,140.05902286382454,138.1222157162159,139.95899963378906,8421200
2023-03-15,JNJ,138.97695866949283,140.84102040871605,138.69507880217665,140.35000610351562,7757700
2023-03-16,JNJ,139.5316118502234,140.3681633651478,138.75871778061563,140.0590057373047,7605500
2023-03-17,JNJ,140.4682007330355,140.89557144536346,138.4859398756603,138.55868530273438,20540700
2023-03-20,JNJ,138.6404865881535,140.095367043059,138.55865320469172,139.9316864013672,7129000
2023-03-21,JNJ,140.03170960607653,140.1499226320335,138.36769476851265,139.9316864013672,8376800
2023-03-22,JNJ,139.89533838091185,140.08628296654607,137.33111437566356,137.34930419921875,7943500
2023-03-23,JNJ,137.4674813273366,137.93123156764233,136.494540982047,137.42202758789062,9051500
2023-03-24,JNJ,137.74029297424275,138.90419191693974,137.14925552864986,138.80416870117188,5696200
2023-03-27,JNJ,140.2135949060284,140.52275255670287,139.22246450398728,139.39523315429688,6772300
2023-03-28,JNJ,138.56779167060515,139.53164442642154,137.96765222366437,138.04949951171875,6115300
2023-03-29,JNJ,138.43138677179692,139.46798484545585,138.27680793951475,139.40432739257812,6012000
2023-03-30,JNJ,139.64983060501817,139.84987704881158,138.9496680517412,139.513427734375,4555700
2023-03-31,JNJ,139.8407845248258,141.11380869520286,139.34068225676253,140.9410400390625,9890000
2023-04-03,JNJ,140.895557476977,142.7687069454228,139.97717256641215,142.62322998046875,6841900
2023-04-04,JNJ,142.7323513677752,144.55094536991314,142.38681406744226,144.11448669433594,8314500
2023-04-05,JNJ,149.46113560748896,150.6341364458106,147.99716695931608,150.5886688232422,16704200
2023-04-06,JNJ,150.93419959045065,152.06171888276774,149.8521340439697,150.17037963867188,9615400
2023-04-10,JNJ,149.69757505082447,149.88851965796923,148.7973659928271,149.4156951904297,5354000
2023-04-11,JNJ,149.5065977281501,150.28859363332995,149.16106045907043,149.37020874023438,5903800
2023-04-12,JNJ,149.0701460009129,149.8885077158751,148.30633988364545,149.0519561767578,5764100
2023-04-13,JNJ,149.28838442293596,151.2433814238138,148.95194895117677,151.0433349609375,5640600
2023-04-14,JNJ,150.9160188318547,151.05240782709484,149.1792582936867,150.7978057861328,7225100
2023-04-17,JNJ,150.70687643839753,151.16152489816426,149.97943612781674,150.64321899414062,8046400
2023-04-18,JNJ,149.35204176933723,149.75213469480158,145.16926975282905,146.40591430664062,14571500
2023-04-19,JNJ,147.29704109458646,147.9244444339671,146.55141081841236,147.78805541992188,6752000
2023-04-20,JNJ,147.6970980264277,148.96103411610196,146.36044426478122,148.7427978515625,9498800
2023-04-21,JNJ,149.5248179045992,150.00674425942432,147.27885294919625,147.9335479736328,7014200
2023-04-24,JNJ,147.9335298334506,148.95193802446067,147.1878996401961,148.83372497558594,5278900
2023-04-25,JNJ,149.4065936316189,150.35227031808554,149.2702046262495,150.1976776123047,6263100
2023-04-26,JNJ,149.2065407409521,149.47933261470132,147.52434962324568,147.869873046875,5518200
2023-04-27,JNJ,148.12447307692796,148.5882234184123,147.42432438939855,148.2154083251953,5739700
2023-04-28,JNJ,148.04262451584069,148.90645378682387,147.81530029322568,148.85189819335938,6024900
2023-05-01,JNJ,148.76101684570312,149.3975220652904,147.5243721870308,148.76101684570312,4893400
2023-05-02,JNJ,149.43386216155852,150.47046016236854,148.72461162809748,150.061279296875,7541700
2023-05-03,JNJ,150.53410616016237,151.10695377837047,147.76983578509027,148.09718322753906,5937200
2023-05-04,JNJ,147.92441862032695,148.12446505586576,146.6241306640947,147.42431640625,5128000
2023-05-05,JNJ,148.0699446093299,148.33364855276224,147.02425843650425,147.92445373535156,5194500
2023-05-08,JNJ,147.29701437562716,147.82440825888963,146.705963047509,147.58798217773438,4994900
2023-05-09,JNJ,147.07876576342787,147.42430300700212,146.2058346808919,146.4422607421875,5520500
2023-05-10,JNJ,146.57867313024175,147.27883570281412,145.54207510873184,146.98785400390625,6756600
2023-05-11,JNJ,147.15153196346336,147.47887943131002,144.93284511192172,146.38772583007812,5867600
2023-05-12,JNJ,146.72415597939641,146.90601259391235,145.49659955056572,146.19676208496094,3904200
2023-05-15,JNJ,146.21494449078008,146.42407889312472,144.52365169952415,145.0783233642578,5104500
2023-05-16,JNJ,144.6327728380544,145.71483844490967,144.1508465572354,144.8873748779297,5599200
2023-05-17,JNJ,145.29654875068115,145.54206280403156,143.4597789620045,144.56912231445312,6840700
2023-05-18,JNJ,144.26907313977364,144.51457335319424,143.2688408358575,144.1053924560547,5173000
2023-05-19,JNJ,144.20538675098817,145.42384122234537,143.79620593595257,144.49636840820312,6527100
2023-05-22,JNJ,144.75292939188952,145.79734870300712,143.63521578076006,143.71766662597656,5675900
2023-05-23,JNJ,143.92836748811092,145.0002702244445,143.25956236125842,143.6626739501953,5793000
2023-05-24,JNJ,143.91003781123462,143.96500503064613,142.84729163776007,143.52525329589844,5015100
2023-05-25,JNJ,142.96638018197262,143.18624903437015,140.83173153673823,141.46388244628906,6886100
2023-05-26,JNJ,141.720425785487,142.26095543121772,141.27150351493017,141.408935546875,6845400
2023-05-30,JNJ,141.0607886407252,142.35257422873957,140.46529178469598,141.42724609375,5593100
2023-05-31,JNJ,141.7295851538179,142.63658625668856,140.950859541768,142.0594024658203,11324600
2023-06-01,JNJ,141.58299255371094,142.04107136406643,140.30953402010095,141.58299255371094,7901300
2023-06-02,JNJ,141.74788037707677,144.12072479398375,141.17069671587387,143.80923461914062,7659700
2023-06-05,JNJ,143.60769225764915,145.33922942330005,143.60769225764915,145.0460662841797,6430500
2023-06-06,JNJ,146.20041452339427,146.22789812984917,144.20318391779563,144.91778564453125,5073600
2023-06-07,JNJ,144.84452456116531,145.48583209594187,144.23985718003777,145.22930908203125,6504300
2023-06-08,JNJ,145.21099280296613,146.9700138773663,144.58801228846178,146.82342529296875,5818400
2023-06-09,JNJ,146.96998829139193,147.25399488705904,146.0996414396673,146.5943603515625,6264400
2023-06-12,JNJ,146.5852279266196,146.81426734525496,145.4217037657042,146.4936065673828,6510600
2023-06-13,JNJ,146.33787059650285,147.354806238051,145.8064974344864,147.26319885253906,6066800
2023-06-14,JNJ,148.05104316300796,148.49079480590348,147.48301606233807,148.01438903808594,6699100
2023-06-15,JNJ,148.46333394815463,150.16738755233874,147.89530676045672,150.00247192382812,7138300
2023-06-16,JNJ,150.68958014414122,151.15682941121167,150.1307235156804,150.46054077148438,13426600
2023-06-20,JNJ,150.48801796463084,151.449986084685,150.07574990730856,150.36892700195312,7995800
2023-06-21,JNJ,149.86508823028524,151.09273627502387,149.04970838212802,150.1399383544922,7177500
2023-06-22,JNJ,150.15823178677923,151.82564540374543,150.05745388707845,151.73402404785156,5485900
2023-06-23,JNJ,152.18295775646655,152.3295463451259,151.193505752202,151.60577392578125,9450700
2023-06-26,JNJ,151.14766240776092,151.14766240776092,147.80369308091412,149.91085815429688,6978800
2023-06-27,JNJ,149.95666613174822,150.13990883149265,148.82063967828225,149.599365234375,4927500
2023-06-28,JNJ,149.51694227780726,149.51694227780726,148.3351049291053,149.2970733642578,6780400
2023-06-29,JNJ,149.00389523919665,150.54304752168042,148.6282672082947,150.34149169921875,4547500
2023-06-30,JNJ,151.03772770766253,152.0271794963238,150.57049241001172,151.64239501953125,7580000
2023-07-03,JNJ,150.56132968669536,150.60714036047418,149.29704176302022,149.6543426513672,4033700
2023-07-05,JNJ,149.32452256020184,150.17654236273717,149.08631265281846,149.15960693359375,7224600
2023-07-06,JNJ,148.64656800481333,148.75650244146823,147.50137102480707,148.0510711669922,6332500
2023-07-07,JNJ,147.0157998520062,147.53800237441533,145.85227587549352,145.89808654785156,7022200
2023-07-10,JNJ,146.06301247063084,146.8600791596714,145.66907137767325,146.1363067626953,5739200
2023-07-11,JNJ,145.78815690471245,146.86005957170502,144.38643695714873,145.330078125,6606700
2023-07-12,JNJ,145.61411386931002,145.61411386931002,144.64298889870884,144.8262176513672,6940400
2023-07-13,JNJ,144.75290965251736,145.7881722772557,144.21237999053002,145.4949951171875,6401700
2023-07-14,JNJ,145.8339592522713,146.7959275228485,145.65073052917458,146.4661102294922,5362200
2023-07-17,JNJ,146.35616522389086,146.46609965391997,144.89030758604818,145.73318481445312,5486800
2023-07-18,JNJ,145.733200064114,147.4005996716702,144.9269768809911,145.72402954101562,6332500
2023-07-19,JNJ,144.67046512038485,146.9608593602258,144.13909197920688,145.43087768554688,7522600
2023-07-20,JNJ,148.3625765949885,154.95890907993933,147.77623624031412,154.26263427734375,21892900
2023-07-21,JNJ,154.07939723148567,156.49806701046302,154.07939723148567,155.92088317871094,12080000
2023-07-24,JNJ,157.12103636502613,159.2465288149136,156.6538009979443,156.7362518310547,15155400
2023-07-25,JNJ,156.15908363644354,158.20211147780765,155.51777601577518,157.93643188476562,13790100
2023-07-26,JNJ,157.57910443489033,159.27400155693147,157.02940429275392,158.23873901367188,14288200
2023-07-27,JNJ,157.7440040083503,159.67709704409958,157.61574250747165,159.12741088867188,12446400
2023-07-28,JNJ,159.4114140607366,160.65738889073435,158.70596883139288,159.85116577148438,14138800
2023-07-31,JNJ,155.46280601121646,155.94836848529602,152.73265991516328,153.48390197753906,22632700
2023-08-01,JNJ,152.42113730393535,154.91308712478877,152.13713068117252,154.7298583984375,15810300
2023-08-02,JNJ,154.6932426911423,156.8828591687864,154.6932426911423,155.66436767578125,14595600
2023-08-03,JNJ,155.70096371480489,156.95610899088157,155.4444407341733,156.33311462402344,17424800
2023-08-04,JNJ,156.05827138709355,158.20207666708762,153.8136882189226,154.8672637939453,23415100
2023-08-07,JNJ,155.2795541041097,158.80675241845609,155.1604491446418,158.58688354492188,17736400
2023-08-08,JNJ,158.4861133019906,158.99915933761048,157.02025550354298,158.66017150878906,27378700
2023-08-09,JNJ,158.49524947109566,159.64044636033768,157.62490263116257,158.55938720703125,42974400
2023-08-10,JNJ,159.41141806237573,161.21624960362226,157.24928562602966,157.73484802246094,48213800
2023-08-11,JNJ,158.01887181364944,159.36562471377783,157.2309756542509,159.27401733398438,45905600
2023-08-14,JNJ,158.97168601624463,160.87729568578126,157.35008299341825,158.8983917236328,64036900
2023-08-15,JNJ,158.31206135067762,159.92449395150118,157.70739388307211,158.44032287597656,88958100
2023-08-16,JNJ,158.0646934088993,160.08023763648174,157.6982359055053,157.93643188476562,85832700
2023-08-17,JNJ,158.36700236092724,160.684879956897,158.27538100968553,159.4205780029297,70904200
2023-08-18,JNJ,158.650995538128,159.4022514121908,156.9469419973645,158.02801513671875,49631700
2023-08-21,JNJ,155.4627750125175,155.6093635738105,152.0455113066708,153.3189697265625,151319500
2023-08-22,JNJ,152.87006344262977,153.76789401013792,151.54163766857607,152.10049438476562,56834800
2023-08-23,JNJ,151.9905594536169,152.5402596748588,149.76430291444768,150.7354278564453,119011400
2023-08-24,JNJ,150.27731885630382,152.69597418161692,150.12157375339763,151.24844360351562,70755100
2023-08-25,JNJ,151.61759290041022,154.82896578971548,151.39611356699265,153.4170684814453,18185500
2023-08-28,JNJ,152.26353821695716,153.38014369283408,150.5747954670184,151.60833740234375,18458000
2023-08-29,JNJ,152.14357151501585,152.89104482812718,150.2056803478666,151.62680053710938,12208600
2023-08-30,JNJ,152.36504937729197,153.02947322284106,151.0454247103712,151.09156799316406,9939100
2023-08-31,JNJ,150.75939478494902,150.94396796351833,148.83072616512604,149.19984436035156,15333000
2023-09-01,JNJ,148.95992681418497,149.93810275609076,147.65876187366922,148.0924835205078,8610100
2023-09-05,JNJ,148.16626018683576,149.46742469008166,147.90787470716384,148.27699279785156,9019800
2023-09-06,JNJ,147.50185326790756,147.64950615349005,145.20406684020455,145.8131103515625,9753800
2023-09-07,JNJ,146.85588526749387,148.62767760062098,146.7082323861615,147.67718505859375,9931800
2023-09-08,JNJ,147.2711336132518,148.276992376326,146.90201552361344,148.166259765625,6957000
2023-09-11,JNJ,148.62767116544205,150.1318549068617,148.06475690056962,150.1041717529297,6309300
2023-09-12,JNJ,149.69813423538966,151.27613034226545,149.0613935294403,150.95315551757812,6045800
2023-09-13,JNJ,151.11924092208724,152.2173862058747,150.41791094632683,151.3314971923828,7397500
2023-09-14,JNJ,151.9682284728786,152.51269666035535,150.82395395488882,151.10079956054688,7758400
2023-09-15,JNJ,151.32228607224374,152.09745669334788,148.76611409477715,148.98757934570312,13392100
2023-09-18,JNJ,149.60584410985328,150.55633659350676,148.34159983335266,149.9288330078125,5789000
2023-09-19,JNJ,149.72583078792832,150.27952208115917,148.92299108560266,149.6796875,5550800
2023-09-20,JNJ,149.67046074063634,150.91624499789265,149.1813728788984,150.3348846435547,3837400
2023-09-21,JNJ,150.021110527304,150.87931639380625,149.11674729993024,149.1813507080078,4526700
2023-09-22,JNJ,148.84916651095887,148.94143900702014,147.8802137761101,148.1109161376953,4976700
2023-09-25,JNJ,147.71411285000588,147.98172139022915,146.47753750699772,147.88943481445312,6722500
2023-09-26,JNJ,147.47417623514903,147.72333872979553,146.5975100721541,146.7451629638672,4904800
2023-09-27,JNJ,146.3391053050596,146.5052042256748,143.27537156926348,144.98257446289062,10211600
2023-09-28,JNJ,145.3424925943131,145.76699114925643,144.1612975904992,144.77035522460938,7861900
2023-09-29,JNJ,145.22250094219302,145.43475722811255,143.35843621865573,143.72755432128906,7680700
2023-10-02,JNJ,143.42302109864633,143.42302109864633,141.48512999853972,143.17385864257812,7259700
2023-10-03,JNJ,142.740139852825,143.49685025935227,142.01112668056714,143.3491973876953,5740800
2023-10-04,JNJ,143.56146310976445,143.89366097140424,142.638653722666,143.51531982421875,4955200
2023-10-05,JNJ,144.2074294895545,145.8407919961642,144.02287042496604,145.01026916503906,5993300
2023-10-06,JNJ,144.95489344900997,146.08072197519556,144.50271180129508,145.47166442871094,5802200
2023-10-09,JNJ,145.04714867800868,146.61593564096728,144.964099226356,146.3021697998047,4414100
2023-10-10,JNJ,146.1545685305259,146.9758683965206,145.71160984613508,146.1361083984375,5273500
2023-10-11,JNJ,146.2283774267922,146.7728315699331,143.99516638365725,144.12435913085938,6922900
2023-10-12,JNJ,143.8844620911834,144.47505963479335,143.10008242909927,144.2628173828125,5792400
2023-10-13,JNJ,144.63191381902962,145.2132882489435,144.00441018371953,144.74266052246094,5359800
2023-10-16,JNJ,145.63778557392808,146.03458685518225,144.7334222279441,145.3701629638672,6408100
2023-10-17,JNJ,143.93979595203,146.6805408000555,142.67555167055366,144.0413055419922,12244400
2023-10-18,JNJ,143.41379478249488,143.91210560223945,140.31315501254997,140.94065856933594,9097300
2023-10-19,JNJ,139.96252799239508,141.29137604703763,138.55985348127723,140.56236267089844,7733800
2023-10-20,JNJ,140.9499092259965,141.99267424632083,140.5715540022288,141.18983459472656,7207000
2023-10-23,JNJ,141.06067860218303,141.65127619375912,139.53804836668513,139.7041473388672,5874000
2023-10-24,JNJ,139.11352817356942,140.23013383247337,138.54139080572637,139.5564727783203,6155300
2023-10-25,JNJ,139.56571044053533,140.42391649571675,138.63366385648715,139.8702392578125,5880800
2023-10-26,JNJ,140.23934114800653,140.23934114800653,137.38786357286193,137.49859619140625,7612500
2023-10-27,JNJ,137.02797205356876,137.1848479609137,133.7612189118209,134.36105346679688,11385800
2023-10-30,JNJ,134.8132058180212,135.87444495026065,134.7301563613366,135.68064880371094,8205300
2023-10-31,JNJ,136.15130647378314,137.07411596727238,135.32078356202499,136.88955688476562,7576900
2023-11-01,JNJ,137.67392908875854,138.19992309581636,137.0002822063692,137.2125244140625,5733000
2023-11-02,JNJ,136.30817674670612,138.790522096841,136.15128676428387,138.64288330078125,5349100
2023-11-03,JNJ,139.53800334793024,140.51617897330232,138.55981364160542,139.657958984375,4926800
2023-11-06,JNJ,140.0639997763774,140.66382021190273,139.6856445694999,139.99017333984375,4851400
2023-11-07,JNJ,140.20243045612656,140.4977362336696,139.0489186643887,139.25193786621094,4840400
2023-11-08,JNJ,139.66719407146633,140.11013859560347,138.73514766075695,138.744384765625,5460000
2023-11-09,JNJ,138.88281245714222,138.88281245714222,135.89290498028367,136.04055786132812,6973600
2023-11-10,JNJ,136.80649163807996,137.03719398485583,134.39795857450193,135.88368225097656,6930700
2023-11-13,JNJ,135.88367243474988,136.48349286065462,135.32998121010496,136.23434448242188,5889300
2023-11-14,JNJ,136.24357905393015,137.07410188033649,135.62529844654694,136.2620391845703,6713600
2023-11-15,JNJ,135.97595521767107,137.8861631357628,135.90212878437467,137.31402587890625,6729100
2023-11-16,JNJ,137.9599807013431,138.57826119938747,137.16636419560905,138.513671875,6875600
2023-11-17,JNJ,138.92892884757958,139.15039404531947,137.5631751646965,138.2275848388672,7023300
2023-11-20,JNJ,137.58578362720917,139.90197082982192,137.24160023008594,139.44618225097656,8851700
2023-11-21,JNJ,139.6229232242863,140.72984848931165,139.16712044900632,140.57171630859375,5916300
2023-11-22,JNJ,141.04613806802183,141.42750903075242,139.89268571451768,140.2926788330078,4633500
2023-11-24,JNJ,140.32988127503606,142.02283679293316,140.32988127503606,141.85540771484375,3351400
2023-11-27,JNJ,141.66004673084453,141.68796576837346,140.43219102188942,140.72055053710938,6449700
2023-11-28,JNJ,140.8321712564343,141.213556383817,140.3112619086507,141.04612731933594,5909000
2023-11-29,JNJ,140.76704525394203,141.57631400798965,140.5251985740589,141.4925994873047,5190000
2023-11-30,JNJ,141.6321522576446,144.3111310096565,141.31588787545326,143.86463928222656,12481900
2023-12-01,JNJ,145.520407701189,147.39941460926389,144.61811307766237,147.3249969482422,10342900
2023-12-04,JNJ,146.971489652682,148.8504962161527,146.971489652682,147.79006958007812,8920300
2023-12-05,JNJ,147.71567363886888,148.4877408758939,147.17615626141583,147.48312377929688,7268200
2023-12-06,JNJ,147.45520774951947,147.58543509325543,145.26923355782728,145.6878204345703,6642900
2023-12-07,JNJ,145.65062116886622,145.65062116886622,143.91115286374398,144.552978515625,6532400
2023-12-08,JNJ,144.57158732840986,144.97158044639372,143.10187059061226,143.64138793945312,6254700
2023-12-11,JNJ,143.71578502367444,144.6273763201348,143.57626081278764,144.2366943359375,6090400
2023-12-12,JNJ,144.18091194162793,144.4785825728141,142.92513703110117,144.24603271484375,5324400
2023-12-13,JNJ,142.93441108307573,145.05526410287356,141.17633517998772,144.9157257080078,10764600
2023-12-14,JNJ,145.54830554518733,146.1901454211075,144.22742406148532,145.92037963867188,9240700
2023-12-15,JNJ,144.63670993714427,145.75294637933794,143.02745475431766,144.32974243164062,21727800
2023-12-18,JNJ,144.37623758158787,145.52037873036636,143.95763654746298,144.59017944335938,7231400
2023-12-19,JNJ,144.45995163022565,145.5761879321767,144.12507932026884,145.5389862060547,6651500
2023-12-20,JNJ,145.6133812785185,145.72501483788955,142.42280473129625,142.57164001464844,7008300
2023-12-21,JNJ,142.96233517966223,144.30182446600236,142.59955801408805,144.0320587158203,4598600
2023-12-22,JNJ,144.41343182184693,145.60408571199852,144.19948997116558,144.60877990722656,3798900
2023-12-26,JNJ,144.18089111758462,145.43666584673986,144.04136690044066,145.24131774902344,4170000
2023-12-27,JNJ,144.64600088966495,145.5948082137926,144.5715832374083,145.43667602539062,5288100
2023-12-28,JNJ,145.11107176279162,146.2645238532069,145.10177488074865,145.6505889892578,4377500
2023-12-29,JNJ,145.58551289809517,145.94829012105032,145.09250831802072,145.79946899414062,4313700
2024-01-02,JNJ,145.97618669768593,150.35743216700368,145.84595934794595,148.8040008544922,9622100
2024-01-03,JNJ,149.4272244029367,150.17138672858567,148.6458603481774,149.73419189453125,8232000
2024-01-04,JNJ,150.3108910322915,150.673668166326,149.22255963018796,149.41790771484375,6766600
2024-01-05,JNJ,149.2969807901956,150.07834475980238,148.33887669071515,149.8830108642578,5602500
2024-01-08,JNJ,149.85508710083255,150.375996348132,148.46908527277955,150.25506591796875,6569800
2024-01-09,JNJ,150.34811401367188,151.88293714660662,149.39000989175497,150.34811401367188,6357000
2024-01-10,JNJ,150.52486674357385,151.26901487410655,149.9481334905805,150.5713653564453,4945100
2024-01-11,JNJ,150.7574071735129,150.878323430634,149.5574421295486,149.901611328125,4946000
2024-01-12,JNJ,150.5434564983361,151.1294866195393,150.40393227600933,151.05506896972656,4496900
2024-01-16,JNJ,150.29232500910842,150.92485379291452,148.99933420734916,149.31561279296875,6923200
2024-01-17,JNJ,149.06444349121261,150.04115563208222,148.71096320178742,149.23187255859375,5072100
2024-01-18,JNJ,148.83188063597183,150.1062490719288,148.5435211382339,149.95742797851562,5368500
2024-01-19,JNJ,149.90163349573749,150.61789103599364,149.09236452807315,150.39463806152344,7071300
2024-01-22,JNJ,150.69229126395592,152.16200790668972,150.07835630046293,151.12948608398438,6824200
2024-01-23,JNJ,148.5156423908511,149.30630337942318,145.9575939929619,148.65516662597656,9149800
2024-01-24,JNJ,148.59933789471532,149.39001297570994,147.12032441699657,147.86448669433594,7247900
2024-01-25,JNJ,147.9016980519319,148.47841711240952,147.40869352725608,148.422607421875,5478900
2024-01-26,JNJ,149.23188466937822,149.52025840946305,148.23657868050336,148.36680603027344,5591900
2024-01-29,JNJ,147.91098158315486,148.89700473720933,147.8644829743843,148.23655700683594,6483200
2024-01-30,JNJ,148.22724611349625,148.60861699291223,147.0924019699544,147.68772888183594,7200500
2024-01-31,JNJ,149.20396905956613,149.40861405068776,147.5947281691238,147.8086700439453,8256800
2024-02-01,JNJ,147.12034417968945,147.42731169259122,146.08782225218957,147.30638122558594,8012000
2024-02-02,JNJ,146.94359957709568,147.25986396493272,145.05529594057018,145.67852783203125,8295900
2024-02-05,JNJ,145.67852330251142,145.93897798953975,144.49716613324415,144.92506408691406,9121600
2024-02-06,JNJ,144.95297256809087,147.65054512013688,144.73903068274782,147.02731323242188,9229900
2024-02-07,JNJ,146.78548228182768,148.24588809960926,146.68315977023397,146.95291137695312,8690300
2024-02-08,JNJ,146.35757454748378,146.35757454748378,144.46927084475453,145.48318481445312,9755000
2024-02-09,JNJ,145.36226557293077,146.2273442100446,144.80414025021977,145.81805419921875,6529200
2024-02-12,JNJ,145.65062822513738,147.35289488262444,145.4366863308123,146.8319854736328,6701500
2024-02-13,JNJ,146.6366102355169,147.39006936233184,144.87853420837732,145.54827880859375,8621000
2024-02-14,JNJ,145.43666959037284,145.5389920834839,144.03205953096523,144.86924743652344,9098800
2024-02-15,JNJ,145.09247538866308,147.41797351923915,145.00876086245373,146.89706420898438,7462500
2024-02-16,JNJ,146.77525952283972,147.39384167739834,145.90359827996195,146.7283935546875,8541000
2024-02-20,JNJ,146.73774845645733,148.6591385742058,146.62528158371563,147.95619201660156,9501700
2024-02-21,JNJ,148.1061189865306,148.7340826990203,147.27195652647944,148.72470092773438,7472500
2024-02-22,JNJ,149.0059059924075,150.6554962347666,147.87182700226853,150.38368225097656,8065000
2024-02-23,JNJ,150.7867141558151,152.07075851098955,150.11188437608527,151.6864776611328,6726000
2024-02-26,JNJ,151.64900590493738,151.8458229309602,150.49617756235105,150.70236206054688,5465400
2024-02-27,JNJ,150.28058502345704,150.9366655604354,149.62450448647868,150.88043212890625,5078600
2024-02-28,JNJ,150.89919111890325,151.47092154551248,150.23372876603648,151.41468811035156,6071100
2024-02-29,JNJ,151.83643841833552,152.01452048002633,150.84294302309473,151.25534057617188,9849100
2024-03-01,JNJ,151.67709865052777,152.37067762178523,150.9835196792703,151.9488983154297,5670100
2024-03-04,JNJ,151.19910870395717,151.47090838411273,148.34045681930098,149.81195068359375,8532900
2024-03-05,JNJ,150.54303728985678,151.12414952985304,149.21212679429178,149.93382263183594,8298200
2024-03-06,JNJ,149.45583445880476,150.83359671473403,149.23088638565,149.34335327148438,5773700
2024-03-07,JNJ,149.96191209431234,150.29932696858384,148.31233620980856,148.90280151367188,5188700
2024-03-08,JNJ,148.90282549646233,150.32746789523108,148.49042788354365,149.51205444335938,5284000
2024-03-11,JNJ,149.4839042959131,151.19909527436252,148.9121739697633,151.11473083496094,4620800
2024-03-12,JNJ,151.44277159978841,152.87678108769077,151.0210066271373,152.52999877929688,8018700
2024-03-13,JNJ,152.33318237620043,152.47376594698787,149.78382874838488,150.99290466308594,6260000
2024-03-14,JNJ,150.84295591660594,151.40530456311106,148.73411631387307,149.22149658203125,6988300
2024-03-15,JNJ,148.14363664662227,149.20274733467747,147.24387309163274,148.256103515625,13165500
2024-03-18,JNJ,148.62164239261728,148.73410925628485,146.6815031854524,146.92518615722656,6602300
2024-03-19,JNJ,146.84084628700708,147.01892836793368,145.89421674808867,146.4097137451172,7840600
2024-03-20,JNJ,145.931696863652,146.62527592224217,145.47244761669967,145.98793029785156,5982300
2024-03-21,JNJ,145.8285655577489,147.10324222612886,145.36931641128686,145.97853088378906,5915800
2024-03-22,JNJ,145.922327244915,146.55029108671098,145.3787135531774,145.49118041992188,7248600
2024-03-25,JNJ,145.65049654541897,146.19411017481616,145.18186558574712,145.48179626464844,7498100
2024-03-26,JNJ,145.8473338487081,146.4284316861629,145.0506554638573,145.99729919433594,6864100
2024-03-27,JNJ,146.203519287305,148.29360975387758,145.68802227497062,148.0499267578125,8461600
2024-03-28,JNJ,148.27483988321808,149.15586841784534,148.19048973879188,148.26547241210938,6181500
2024-04-01,JNJ,147.8249616374133,148.2279774268488,146.9345656106402,147.88119506835938,4364700
2024-04-02,JNJ,146.7471070997604,147.92805198185957,146.16599497872699,147.83432006835938,6102300
2024-04-03,JNJ,147.89056497225516,148.13426224567385,144.5726637785159,144.58203125,8098200
2024-04-04,JNJ,145.56615316830576,145.7442352294922,142.848099196516,142.9324493408203,6947400
2024-04-05,JNJ,142.49194605720672,143.41045884722197,142.09829771862874,142.82936096191406,6783000
2024-04-08,JNJ,142.4544574506997,143.43857111588372,142.05142735131946,142.0795440673828,5935400
2024-04-09,JNJ,142.04206148134256,142.96057425322957,141.47033107913583,142.73562622070312,6135300
2024-04-10,JNJ,142.02332421949401,142.2951382360826,140.36436630566374,140.77676391601562,6809500
2024-04-11,JNJ,141.33910588056057,141.4047067807354,139.08030113335838,139.4552001953125,8374400
2024-04-12,JNJ,138.77102307401648,139.71766694002804,137.91811113781276,138.26490783691406,7100200
2024-04-15,JNJ,139.06153796214448,140.11128097314779,138.1242760996479,138.33047485351562,8502300
2024-04-16,JNJ,135.91236139515735,137.07457145724345,134.394001487798,135.3874969482422,12774900
2024-04-17,JNJ,135.9029746785478,136.28725548758064,134.5345660201671,135.68740844726562,9378100
2024-04-18,JNJ,135.88424458296356,136.65280630932315,134.15031841501488,136.59657287597656,9887700
2024-04-19,JNJ,136.98082670404938,138.83661564087566,135.47183440976173,138.6304168701172,9750800
2024-04-22,JNJ,139.1927502980526,140.8423402845198,138.05867148383706,139.7644805908203,10118700
2024-04-23,JNJ,140.45809187667157,141.04857154671313,138.90223343586982,140.17691040039062,10110400
2024-04-24,JNJ,138.84600096152445,139.64267943291833,137.64630666914402,139.21153259277344,9756300
2024-04-25,JNJ,139.9988325504579,140.19566388024472,137.1495621150808,137.60882568359375,7642700
2024-04-26,JNJ,137.49634580564492,137.9462276046352,136.79339923782314,136.9714813232422,6183000
2024-04-29,JNJ,136.97148003134143,137.98372479563554,136.83089643969683,137.60882568359375,6149600
2024-04-30,JNJ,137.66504523456854,137.66504523456854,135.46247384440483,135.51870727539062,8817700
2024-05-01,JNJ,139.40835938540687,142.32324486856393,138.35861618759114,141.6952667236328,14470900
2024-05-02,JNJ,142.50130354290545,142.773117522877,139.7832495520863,140.51431274414062,8459800
2024-05-03,JNJ,140.48621878833495,140.48621878833495,138.54609363403358,139.90512084960938,6532700
2024-05-06,JNJ,140.46743865313914,140.636153234644,138.63041330819544,139.2583770751953,5042800
2024-05-07,JNJ,140.0082296526412,140.3362628362205,139.1365683845602,139.38963317871094,7333500
2024-05-08,JNJ,139.7645269407872,140.3362574231573,139.3708785547843,139.60519409179688,7735100
2024-05-09,JNJ,139.63330272217962,140.68304599218703,139.5489525660986,140.44873046875,6546200
2024-05-10,JNJ,140.58929399169546,140.67364413573466,139.8301140923775,140.50494384765625,5710600
2024-05-13,JNJ,140.62681127612325,142.46385144264272,140.31752734185142,141.7327880859375,5628500
2024-05-14,JNJ,142.32323521527294,142.66065009499167,141.24537537380462,141.88272094726562,8254200
2024-05-15,JNJ,142.29513270549742,143.35422910748133,141.8077524302532,143.091796875,5548000
2024-05-16,JNJ,143.40107491978455,144.69450095631962,142.7731111444836,144.60076904296875,7591000
2024-05-17,JNJ,145.14438541758724,145.14438541758724,144.06653990111212,144.9381866455078,6521800
2024-05-20,JNJ,144.65474546816156,144.9287422240118,142.9162320875925,142.92568969726562,7742300
2024-05-21,JNJ,143.40756048032412,144.17287722038984,142.47216534408338,142.89735412597656,5492400
2024-05-22,JNJ,142.51939590227053,145.58067697371396,142.02809040039074,145.0326690673828,6609800
2024-05-23,JNJ,144.32406654075703,144.40909853720973,141.13996572547063,141.4423065185547,8000400
2024-05-24,JNJ,141.28168375975312,141.54623735644063,138.66447737421296,138.86289978027344,9520600
2024-05-28,JNJ,138.69282104933504,138.69282104933504,136.19844827417495,136.415771484375,10499800
2024-05-29,JNJ,135.88666270373184,137.39839546116585,135.78272990526975,136.4724578857422,8263800
2024-05-30,JNJ,136.6425013254654,137.5778963709587,136.07560703308636,137.26609802246094,8490300
2024-05-31,JNJ,137.54012373467683,139.34475400263702,137.18108055289417,138.57943725585938,14621200
2024-06-03,JNJ,139.1274323922783,140.68640973883723,138.67391406880276,139.5904083251953,7329200
2024-06-04,JNJ,139.3447547953747,140.12897235015208,138.12591967636683,139.64710998535156,8876400
2024-06-05,JNJ,139.8077370739801,139.82663787847764,137.80468430992832,137.91806030273438,5891300
2024-06-06,JNJ,137.4739816383888,138.89123918105258,136.6803208745985,138.34323120117188,5016300
2024-06-07,JNJ,138.58886818192175,140.11951595708103,138.26762663565026,138.96681213378906,5111600
2024-06-10,JNJ,138.44717503321542,139.42035747004937,137.56848220692646,139.0140838623047,5749900
2024-06-11,JNJ,138.7116887614158,139.04238788615405,137.4172650882315,138.66444396972656,5661200
2024-06-12,JNJ,138.9479240279769,139.08965842928566,136.79369376530198,137.38894653320312,6180500
2024-06-13,JNJ,137.06771376492154,137.94640655772307,135.9433537609016,137.42674255371094,6840400
2024-06-14,JNJ,137.1338349603186,137.9180525061038,136.5102382009585,137.5117645263672,4075300
2024-06-17,JNJ,137.02046191546927,138.35267303549813,136.75590833013808,137.89915466308594,6666600
2024-06-18,JNJ,137.9086041209842,138.3148776683367,137.2472057796661,137.61569213867188,6156600
2024-06-20,JNJ,137.2566653769521,139.91165872221677,137.01099818933233,139.62820434570312,8749700
2024-06-21,JNJ,139.73213150236882,140.8564913530482,139.24081156402826,140.54469299316406,15172300
2024-06-24,JNJ,140.78089587677053,141.46118055383735,139.99667841801053,140.89427185058594,6914700
2024-06-25,JNJ,140.9509740398478,140.9698748430839,138.8345454242419,139.0707550048828,5912500
2024-06-26,JNJ,138.1353665555218,139.07076173024683,137.73853617090526,138.72117614746094,5267800
2024-06-27,JNJ,138.7022693577553,139.23137651441095,136.85037989237182,137.75743103027344,5739200
2024-06-28,JNJ,137.9841895477574,138.9573863349528,137.61570315924243,138.0975799560547,10495700
2024-07-01,JNJ,138.0125360279779,140.49745092863293,137.58734726353785,138.36212158203125,5144400
2024-07-02,JNJ,138.35266098656112,139.0329456944789,137.70073469047043,137.9747314453125,5492000
2024-07-03,JNJ,138.13535048076363,138.56052481358333,136.75589469720754,137.6534881591797,3246200
2024-07-05,JNJ,137.729075262143,138.46604794122288,136.52912665201552,138.39990234375,4888500
2024-07-08,JNJ,138.3243430259332,139.09911747352785,137.23778457752567,137.45509338378906,5260200
2024-07-09,JNJ,137.63461019500647,139.01408062454647,137.17163418146367,138.93849182128906,5890400
2024-07-10,JNJ,139.13688219440405,141.2249811708162,138.58887425300588,141.1871795654297,6093200
2024-07-11,JNJ,141.3289305232844,142.2737689294432,140.44078011476074,141.4423065185547,6350400
2024-07-12,JNJ,141.72574170255015,142.55720400067327,141.0076698014089,141.61236572265625,5336400
2024-07-15,JNJ,141.8013512392268,141.96197203993665,140.65809041205773,141.0076904296875,6711400
2024-07-16,JNJ,141.43285928849704,142.7461840588951,140.93209610089062,142.68003845214844,6469600
2024-07-17,JNJ,143.19024414827746,148.8025858355016,143.0674105584686,147.94277954101562,13801400
2024-07-18,JNJ,147.0168496361982,148.40576313203292,146.0908976942492,146.84677124023438,10166200
2024-07-19,JNJ,147.8766417193638,147.8766417193638,145.61847868916126,146.15704345703125,7398000
2024-07-22,JNJ,146.2326051091928,146.55384662140344,145.1176885907571,145.73184204101562,6840600
2024-07-23,JNJ,144.85314255811042,145.03266412336833,143.20913331224688,143.94610595703125,6261900
2024-07-24,JNJ,144.33348241955167,147.78215059962474,143.92720890199382,147.65931701660156,7168200
2024-07-25,JNJ,147.84830686859425,151.7221500249499,147.39478847928925,150.83399963378906,10019600
2024-07-26,JNJ,150.9379183426812,152.6669741607888,150.67336477219257,151.77882385253906,8356900
2024-07-29,JNJ,151.14577826899392,151.1741222635513,149.33169053188183,149.8135528564453,5625000
2024-07-30,JNJ,149.79466383614644,152.63863646185206,149.62459985542606,152.43077087402344,6545700
2024-07-31,JNJ,151.0323918517863,151.50481095120747,149.03878267554543,149.14271545410156,8293200
2024-08-01,JNJ,149.73796653091236,151.9394414526763,149.01045143584264,151.89219665527344,7213400
2024-08-02,JNJ,152.96931146138263,155.75659591551775,152.11896277790655,155.08575439453125,11280400
2024-08-05,JNJ,154.7550618180832,156.6352952617401,151.7221388897678,152.3551788330078,12032200
2024-08-06,JNJ,152.16620835174064,152.57248189320478,150.17259899804276,150.20094299316406,7607100
2024-08-07,JNJ,150.1064521476929,151.75991912907412,149.46396904084412,150.13479614257812,5993000
2024-08-08,JNJ,149.82302625092277,151.83552216196708,149.31280546095883,151.3820037841797,5094800
2024-08-09,JNJ,151.28749907820514,152.05281576966155,150.55052638146287,151.75991821289062,4579200
2024-08-12,JNJ,152.09064620558001,152.78037423618682,149.9553165021624,151.06077575683594,7605400
2024-08-13,JNJ,151.4292394730899,151.52371465352024,147.8105070278646,149.65293884277344,9711400
2024-08-14,JNJ,149.12382172389806,150.74894465632747,148.717533782247,149.7379608154297,5141200
2024-08-15,JNJ,149.63403109319256,150.70170294381748,149.13326796718513,150.31431579589844,7237800
2024-08-16,JNJ,150.36155350691178,151.11742696508648,149.4545024736847,150.59776306152344,5012800
2024-08-19,JNJ,150.66393364962963,151.4481368139898,150.35213525576967,150.82455444335938,4408400
2024-08-20,JNJ,151.1741397829281,152.05283255021345,150.86234138957508,151.3253173828125,7275100
2024-08-21,JNJ,151.55207091446673,152.57249809848136,151.46703892007122,152.52525329589844,5019400
2024-08-22,JNJ,153.06380156713914,153.52677751511737,151.92054090327326,153.39450073242188,6552100
2024-08-23,JNJ,153.53623332438363,155.16135645509195,152.78035975383037,155.07632446289062,7093400
2024-08-26,JNJ,155.11409977978255,156.5691588147038,154.51884704576128,155.5298309326172,6870600
2024-08-27,JNJ,155.65359790454076,156.16767679035647,154.3779082949286,155.12998962402344,4388700
2024-08-28,JNJ,155.17760422673675,157.08162391050038,154.90152776425865,156.05345153808594,5187000
2024-08-29,JNJ,156.7293691328652,156.8150465236416,155.52031268801767,156.3485565185547,7390100
2024-08-30,JNJ,156.24384257926062,158.01458137530793,155.94872186767216,157.9003448486328,7971000
2024-09-03,JNJ,157.3100826353102,159.75673992618982,156.86263692961177,159.137939453125,6956500
2024-09-04,JNJ,159.7567553681756,160.7468536525992,158.0716940269558,159.32835388183594,6939100
2024-09-05,JNJ,159.1760312431608,159.3378711614934,156.91977272817795,157.0720977783203,4600400
2024-09-06,JNJ,157.25295968554767,157.9764963748187,156.24383169947552,156.49136352539062,6016900
2024-09-09,JNJ,156.92928799423865,159.37596009136075,156.5770490255932,158.61434936523438,7538200
2024-09-10,JNJ,159.46161810254986,160.37555376811744,158.74761085731456,159.34738159179688,6559600
2024-09-11,JNJ,158.78569357215355,158.78569357215355,156.2152702534485,156.91024780273438,5920200
2024-09-12,JNJ,156.3200049687657,157.1768224976273,154.90151967540524,156.7388916015625,4540900
2024-09-13,JNJ,156.83409370267964,157.79561833447815,155.9582464632509,157.57666015625,3693400
2024-09-16,JNJ,158.37634917918288,159.22363731086764,157.82418175803195,158.9761199951172,5187800
2024-09-17,JNJ,158.26209158915472,159.67106182281475,157.9669563913851,159.05226135253906,5066500
2024-09-18,JNJ,158.63338197837763,160.27083983501615,157.78609392099617,158.17640686035156,4722800
2024-09-19,JNJ,158.25257045734247,158.38585123604526,156.5294352017869,156.91024780273438,4956100
2024-09-20,JNJ,156.4152021683899,156.95784016286686,155.70119486804106,156.28192138671875,11839000
2024-09-23,JNJ,156.51040376475552,156.6056105544226,154.91103428926812,155.3870391845703,4671600
2024-09-24,JNJ,154.9776545160053,155.6440729351497,153.79717177092394,154.9681396484375,6041600
2024-09-25,JNJ,155.17759415081042,155.4822442531595,152.66428891249598,152.8927764892578,5420000
2024-09-26,JNJ,152.55004629184637,153.78764733526793,152.3406029864793,153.6448516845703,6122000
2024-09-27,JNJ,154.22558484936437,155.58695186635615,153.5972549062067,153.6543731689453,7553800
2024-09-30,JNJ,153.81622409891565,154.39693610782652,152.968921465942,154.28269958496094,6010000
2024-10-01,JNJ,154.63495184059965,154.9396019631172,153.44493953673546,154.21607971191406,4408000
2024-10-02,JNJ,153.7590893742848,154.33981590239725,152.94036040885604,153.43540954589844,4684400
2024-10-03,JNJ,153.0641079223439,153.69243776768076,152.5309848510936,152.79754638671875,4791200
2024-10-04,JNJ,151.96931038164493,152.79755415756563,151.16009634029794,152.59762573242188,5331100
2024-10-07,JNJ,152.55956317567225,153.14028970704277,151.57899429054896,151.87411499023438,4266000
2024-10-08,JNJ,151.8360444315138,152.55956663186006,151.32195101753078,152.0264434814453,4766300
2024-10-09,JNJ,152.24539037589315,153.48300589847233,151.8550629102347,152.9403533935547,6047200
2024-10-10,JNJ,153.6163125855196,153.64487171938316,152.32157858647386,152.80709838867188,4793900
2024-10-11,JNJ,154.39695106409133,154.8539262528527,153.46398547510927,153.71151733398438,5253500
2024-10-14,JNJ,153.6543587788825,154.35885118188656,153.178353931951,153.8447723388672,5964000
2024-10-15,JNJ,152.32157678239108,158.7476433028982,151.36956692750113,156.22482299804688,10548000
2024-10-16,JNJ,156.12961759958478,157.0721125939091,154.8348836042836,156.39617919921875,5982100
2024-10-17,JNJ,156.37712843009723,157.08162092926554,155.7773721191262,156.57705688476562,4798000
2024-10-18,JNJ,156.97688838075024,157.35768647325938,156.06295262160583,157.1958465576172,5908000
2024-10-21,JNJ,157.1768287101666,157.31962437402933,154.52071315018208,155.01576232910156,6082700
2024-10-22,JNJ,154.53022643136677,155.87254911125356,154.13036956121294,155.60598754882812,5680300
2024-10-23,JNJ,155.00624146956926,158.03362563859264,154.62542883645787,157.9003448486328,7441600
2024-10-24,JNJ,157.08160436281852,157.56712409221257,155.5012647355925,155.8154296875,5386300
2024-10-25,JNJ,155.82494793759003,156.0534355057139,152.90228557706573,153.15933227539062,6400400
2024-10-28,JNJ,153.39732662063037,154.19701127711167,153.27356071194336,153.8447723388672,4842500
2024-10-29,JNJ,153.71148970536208,154.38740844498867,152.37866743415043,152.4072265625,5216900
2024-10-30,JNJ,151.7979630946071,153.540142810695,151.39812071285994,152.9022979736328,5820500
2024-10-31,JNJ,152.31204411339957,153.14980280976587,151.8074801113953,152.1882781982422,8613900
2024-11-01,JNJ,152.87372924616452,153.33068986426392,152.20732531841202,152.44532775878906,5256400
2024-11-04,JNJ,152.03596809759836,152.58813554636393,150.48420194097307,150.6460418701172,4644000
2024-11-05,JNJ,150.1033886989094,150.97923600251318,148.84674327252736,150.75076293945312,6547100
2024-11-06,JNJ,152.22636357578656,153.13078452105938,149.79875016926215,150.30331420898438,8926600
2024-11-07,JNJ,150.8649829938127,151.1315445559476,148.9990375323527,149.20848083496094,7522800
2024-11-08,JNJ,149.46553066371757,149.54169318685553,147.9518386484552,148.0089569091797,8926100
2024-11-11,JNJ,148.1517462316955,150.017691652569,147.47582747331106,147.59957885742188,7146800
2024-11-12,JNJ,147.11405603134722,147.5995757430344,145.05771161741038,145.31475830078125,7181400
2024-11-13,JNJ,145.18149384973438,146.1430185138817,144.15332152715754,145.885986328125,7161900
2024-11-14,JNJ,145.82884121824145,146.21916868788168,143.52497945037655,144.5817108154297,7716400
2024-11-15,JNJ,143.65829102713735,147.01888488050454,143.65829102713735,146.60952758789062,11328500
2024-11-18,JNJ,145.26715586687354,147.87566766059663,145.0196385757306,147.34254455566406,7510600
2024-11-19,JNJ,146.56190763670477,146.59999616403024,144.75309480470148,145.65750122070312,8233700
2024-11-20,JNJ,145.6860445113977,145.89548780936272,144.52459150505186,145.76220703125,9061300
2024-11-21,JNJ,146.24773832050025,148.5706445169231,145.47661271996174,148.0375213623047,10141100
2024-11-22,JNJ,148.4183212372567,149.57977434933565,146.71423009578947,147.72335815429688,8266000
2024-11-25,JNJ,147.72335062200878,149.50360419948817,147.6947914917349,148.3040771484375,12256200
2024-11-26,JNJ,148.89907133191147,148.98543618637723,146.97977424738485,148.28489685058594,5683500
2024-11-27,JNJ,148.39044524651356,150.30974215604897,148.36165696431638,149.12936401367188,4140400
2024-11-29,JNJ,148.63997380478918,149.38849855512373,147.94902562862254,148.755126953125,5687800
2024-12-02,JNJ,148.50560351417397,148.7455156361678,147.7186847253588,148.5535888671875,6946500
2024-12-03,JNJ,148.55359616010614,148.55359616010614,146.1640660362323,146.21205139160156,8674400
2024-12-04,JNJ,145.1852196096116,145.4443288126812,143.7073673168849,144.3983154296875,10333100
2024-12-05,JNJ,143.9472757418836,144.31194685954674,142.93964188307558,143.4866485595703,7898100
2024-12-06,JNJ,143.36188410827347,143.9952556117539,142.39264442669784,143.2851104736328,8389600
2024-12-09,JNJ,143.26592743161854,144.8013709886229,142.4502349394584,143.5634307861328,8410300
2024-12-10,JNJ,143.88010986675965,144.74380240639618,142.34468086808772,143.20835876464844,9398700
2024-12-11,JNJ,142.50781685165936,142.50781685165936,140.46376065143724,140.72286987304688,13446700
2024-12-12,JNJ,141.2602588935812,141.80726557741076,140.11827481449086,140.33900451660156,6176300
2024-12-13,JNJ,139.78241985221203,141.00116304219972,139.1874277575494,140.70367431640625,8324900
2024-12-16,JNJ,140.80923392261204,141.30825529093318,137.7287701398216,138.0454559326172,8732400
2024-12-17,JNJ,138.03583262997142,140.74204834835027,137.9110882859631,140.50213623046875,10343000
2024-12-18,JNJ,139.8016000744245,140.81883988373258,138.83236026648265,138.9091339111328,9336100
2024-12-19,JNJ,138.32373198524482,139.3601541057871,137.58479855203828,137.7863311767578,9516700
2024-12-20,JNJ,137.27772745735842,139.60007518190608,136.9898299648943,138.6404266357422,17702800
2024-12-23,JNJ,138.79396763382746,139.46571865711493,137.6615747862222,139.40814208984375,8720800
2024-12-24,JNJ,139.1490298716546,139.96473693847656,138.50606714596822,139.96473693847656,3164100
2024-12-26,JNJ,139.6384602705986,140.46375863905968,139.23540962224445,139.7056427001953,4656300
2024-12-27,JNJ,139.0242923753235,140.68449504863244,138.84195679268808,139.19703674316406,5588300
2024-12-30,JNJ,138.9955032096846,139.03389735477373,137.18176789573627,137.5560302734375,6268700
2024-12-31,JNJ,137.95904932081768,138.8323328830058,137.52721046752802,138.7843475341797,5811400
2020-01-02,PFE,27.158937718302596,27.193489200589774,26.8686885956875,27.048364639282227,16514072
2020-01-03,PFE,26.758113759799496,27.117468564646323,26.723559504802047,26.90323829650879,14922848
2020-01-06,PFE,26.827224026081282,26.951617697959513,26.744297690062922,26.868688583374023,15771951
2020-01-07,PFE,27.034541579148286,27.041451874975074,26.730471891368243,26.778846740722656,20108107
2020-01-08,PFE,26.785762018874703,27.103652357437984,26.77885172176255,26.99308204650879,16403507
2020-01-09,PFE,27.13820599182427,27.13820599182427,26.806495066734037,26.875600814819336,21971895
2020-01-10,PFE,26.937794759305923,27.38698904315499,26.93088446274062,27.290239334106445,21557357
2020-01-13,PFE,27.380079401025952,27.483739409117472,27.096740563673265,27.234954833984375,15392405
2020-01-14,PFE,27.24877136592033,27.697965593552027,27.158934743247453,27.691055297851562,20919160
2020-01-15,PFE,27.773984854081306,28.243909976439905,27.760161483889235,28.105695724487305,23925800
2020-01-16,PFE,28.188627451798318,28.1955377482533,27.863824068444192,28.064233779907227,16216422
2020-01-17,PFE,28.03658745924879,28.202442879493727,27.932927474274873,27.9951229095459,23083970
2020-01-21,PFE,27.905286676442795,28.098786077934122,27.773985495835777,27.87764549255371,23115696
2020-01-22,PFE,27.863815792811902,27.926011221001662,27.621941595889158,27.77397918701172,18097812
2020-01-23,PFE,27.773979316815314,28.21626038917958,27.732514771639583,28.133331298828125,27148510
2020-01-24,PFE,28.292283297620003,28.31301418393812,27.39389487630063,27.518285751342773,34143698
2020-01-27,PFE,27.23495017036462,27.939839216111068,27.124379884476305,27.753250122070312,31964026
2020-01-28,PFE,27.172755339871124,27.29023592393527,26.225992035955674,26.357295989990234,70202408
2020-01-29,PFE,26.34347892076466,26.52315496873484,25.94956978456133,25.970300674438477,34165726
2020-01-30,PFE,25.90048495018003,25.94935394859263,25.614251844199096,25.879539489746094,32316589
2020-01-31,PFE,25.788786485218534,26.14482845410581,25.760860138881256,25.99822425842285,33894005
2020-02-03,PFE,26.151819275356875,26.55673316245868,26.040116666505707,26.186723709106445,20875735
2020-02-04,PFE,26.584650296709043,26.696350071665147,26.270493627038686,26.312381744384766,31150865
2020-02-05,PFE,26.424088035379505,26.926739953583414,26.4031453750172,26.64748764038086,29443490
2020-02-06,PFE,26.835978158233967,26.877866278646266,26.54974500787523,26.71031379699707,21047748
2020-02-07,PFE,26.780126014169532,26.808049554128814,26.47993111790646,26.56370735168457,21903596
2020-02-10,PFE,26.675404712370405,26.682385596728736,26.333321730163032,26.39615249633789,19998385
2020-02-11,PFE,26.452007621741117,26.619557282624598,26.361250502822926,26.591630935668945,16027335
2020-02-12,PFE,26.59163032898804,26.661444791309297,26.33332355507957,26.347288131713867,22944315
2020-02-13,PFE,26.235584999204555,26.235584999204555,25.75387869272353,25.78180503845215,22099745
2020-02-14,PFE,25.809729699444308,25.858598701381712,25.42576137589338,25.48859214782715,21006747
2020-02-18,PFE,25.516516274004122,25.60029250980714,25.321043068714083,25.355947494506836,17988513
2020-02-19,PFE,25.411798188552584,25.48161265625237,25.279155752433518,25.29311752319336,17750941
2020-02-20,PFE,24.930092113588856,25.174437139370134,24.720654322047857,25.027830123901367,42953135
2020-02-21,PFE,24.96499910241401,25.0068872217005,24.80443031760771,24.93707275390625,32425256
2020-02-24,PFE,24.462343466484707,24.713669336023226,24.155167715598722,24.204036712646484,37969296
2020-02-25,PFE,24.21101421008841,24.252902316976783,23.5338320373997,23.687419891357422,41878898
2020-02-26,PFE,23.903841016569366,24.5810232604895,23.75025314645605,24.238943099975586,47920005
2020-02-27,PFE,24.043468769030337,24.930088823335176,23.80610466003418,23.80610466003418,55444827
2020-02-28,PFE,23.380251754567887,23.69440702520511,22.71005028840488,23.331382751464844,66057447
2020-03-02,PFE,23.673464614331163,24.399515976264258,23.35232564826068,24.35064697265625,42034469
2020-03-03,PFE,24.56008563011758,24.97896121481052,23.638558221012985,23.94573402404785,46174475
2020-03-04,PFE,24.504235649320414,25.45368659687842,24.399516753531657,25.41179847717285,38712155
2020-03-05,PFE,24.88820043253814,25.258209764468095,24.546120252344306,24.755558013916016,35096303
2020-03-06,PFE,24.22498287395327,24.55310413220871,23.82007187727997,24.44838523864746,40931036
2020-03-09,PFE,23.359310664758283,24.218004560365582,23.149872855395472,23.568748474121094,43183856
2020-03-10,PFE,24.134227774509537,24.197058547216596,23.04515075543652,24.148189544677734,40548329
2020-03-11,PFE,23.568746095256213,23.652522333325773,22.102680174215724,22.458724975585938,65350213
2020-03-12,PFE,21.278889780195822,22.340041845025674,20.943789054277183,20.957752227783203,62731445
2020-03-13,PFE,21.83040844571347,22.954391173111773,21.104355774073802,22.835710525512695,60553038
2020-03-16,PFE,20.901900730106778,22.53551611677825,20.69944385245786,21.06945037841797,50995050
2020-03-17,PFE,22.088713236552653,22.79382183380868,21.355681102664594,22.451740264892578,54220606
2020-03-18,PFE,21.481343028328762,22.765895826956786,21.160205530409176,22.59136390686035,43884976
2020-03-19,PFE,22.493627991167248,22.514572048063904,20.95076971741297,21.237001419067383,59820929
2020-03-20,PFE,21.139267622385773,21.411537609185743,20.18283433086833,20.252647399902344,52488989
2020-03-23,PFE,20.078113552219804,20.650577015751075,19.463761970488637,19.889619827270508,52853041
2020-03-24,PFE,20.601704483506666,20.97869186883163,20.17584810314423,20.73434829711914,44466784
2020-03-25,PFE,20.594726049868566,21.446440315405848,20.245662159061876,20.769256591796875,44601275
2020-03-26,PFE,20.866997252273276,22.333061752125417,20.86001496353508,22.165512084960938,43269967
2020-03-27,PFE,21.502292341907783,22.15853066937358,21.404554330472934,21.572105407714844,38290344
2020-03-30,PFE,21.676823192920168,22.93344989214592,21.676823192920168,22.80778694152832,29943508
2020-03-31,PFE,22.619293185130132,23.038168750942248,22.507593408506928,22.78684425354004,29466151
2020-04-01,PFE,22.284192748333663,22.53551865255551,22.011924188322602,22.165512084960938,26709625
2020-04-02,PFE,22.27023015499322,23.038168206336906,22.16551126601567,22.947412490844727,27186876
2020-04-03,PFE,22.779861410444905,23.659502042105505,22.779861410444905,23.484970092773438,32837370
2020-04-06,PFE,23.680443088592135,24.36460626249737,23.582705091327107,24.134225845336914,40503217
2020-04-07,PFE,24.434417849862086,24.553098486756724,23.450058511853225,23.464021682739258,24226295
2020-04-08,PFE,23.729310247306024,24.29479272652172,23.345340576019137,24.155166625976562,25523980
2020-04-09,PFE,24.455365838935467,24.97197941540996,24.329701483956406,24.70669174194336,30648107
2020-04-13,PFE,25.104621351880468,25.11858592901307,24.23894668936747,24.53215789794922,18270141
2020-04-14,PFE,25.08367729278053,25.57236729131718,24.67178263984965,25.439722061157227,21845309
2020-04-15,PFE,25.174431638196808,25.29311227894893,24.83932956078827,25.111600875854492,21312196
2020-04-16,PFE,25.216317610466252,25.31405559113292,24.83932745448067,25.048765182495117,20657451
2020-04-17,PFE,25.481618566785723,25.83067975844921,25.209347132112953,25.76784896850586,24404843
2020-04-20,PFE,25.397832301765632,25.767838815589396,25.18839454650879,25.18839454650879,22530620
2020-04-21,PFE,24.97895975437541,25.083678644426087,24.69272943148031,24.867259979248047,23975233
2020-04-22,PFE,25.802740523546408,25.830664054566782,25.216315495676927,25.307069778442383,20182624
2020-04-23,PFE,25.32802178867129,26.10992296384014,25.32802178867129,25.6142520904541,20185365
2020-04-24,PFE,25.718968523680015,26.13086312920191,25.67708322029788,26.095958709716797,17353794
2020-04-27,PFE,26.2425711970275,26.905788989757106,26.228606619354558,26.75918197631836,23394057
2020-04-28,PFE,27.261828141489477,27.380508781934612,26.09595877488207,26.465965270996094,35666728
2020-04-29,PFE,26.849938765484318,26.912769539903962,26.326344300403523,26.612577438354492,26518535
2020-04-30,PFE,26.528796893142058,26.884841632968833,26.081995045585955,26.780122756958008,29450973
2020-05-01,PFE,26.42407661503573,26.486907375918385,26.102939119902462,26.277469635009766,22679867
2020-05-04,PFE,26.24954708120922,26.472949428848693,26.11690465653114,26.263511657714844,19893512
2020-05-05,PFE,27.09427967319478,27.129184094269807,26.71729227693571,26.884841918945312,24123952
2020-05-06,PFE,27.205979434534516,27.233905778344365,26.884841918945312,26.884841918945312,24047432
2020-05-07,PFE,27.082272371778547,27.138681700499372,26.010546154724803,26.05990219116211,33546080
2020-05-08,PFE,26.26437548890905,26.35603709986904,26.116307386956233,26.243221282958984,19893618
2020-05-11,PFE,26.264371393512448,26.941252014804927,26.200914455405897,26.863691329956055,25620421
2020-05-12,PFE,26.877794299828132,26.96240260321671,26.32782757064488,26.341928482055664,19335314
2020-05-13,PFE,26.30668099424792,26.384238856055198,25.79901974177053,26.12335777282715,24596882
2020-05-14,PFE,25.94708094777105,26.764976265042733,25.93298003753972,26.736774444580078,22362507
2020-05-15,PFE,26.764982931674233,26.913051030754968,26.36308704551151,26.62396812438965,25460002
2020-05-18,PFE,27.032912474857415,27.11752077713409,26.532301777114714,26.842538833618164,22635177
2020-05-19,PFE,26.687423626101744,26.807287056280636,26.306679131170778,26.56756019592285,19476234
2020-05-20,PFE,26.757928784926676,26.934201522111206,26.47589637432497,26.532302856445312,17504200
2020-05-21,PFE,26.489993055471516,26.546399528583315,26.123349562783062,26.27141761779785,17652181
2020-05-22,PFE,26.165655671981305,26.461791788186225,26.059893178325776,26.440637588500977,15781226
2020-05-26,PFE,26.54640672681357,26.701525278663297,26.405389088334466,26.43359375,23260094
2020-05-27,PFE,26.3771858215332,26.468847423286576,26.066948734771113,26.377185821533203,25904158
2020-05-28,PFE,26.680368624208874,27.103418620931272,26.595757490894908,26.920095443725586,22521767
2020-05-29,PFE,26.98356103041492,27.096374009213502,26.497051161325057,26.927154541015625,48333067
2020-06-01,PFE,25.030471566250743,25.1926405439437,24.614472021539843,25.002269744873047,76884979
2020-06-02,PFE,25.05162723640054,25.49582862854004,24.854203135483477,25.49582862854004,42690900
2020-06-03,PFE,25.587490223240664,25.67210136218338,25.05867769215845,25.49582862854004,38751996
2020-06-04,PFE,25.178539242754884,25.58748832577887,25.17148878751981,25.390064239501953,27013388
2020-06-05,PFE,25.552231175290377,25.728503881793287,25.298400632468024,25.375961303710938,36705655
2020-06-08,PFE,25.2419997264092,25.80606740874174,25.15739141675998,25.79901695251465,30194149
2020-06-09,PFE,25.735562465142657,25.84837544537979,25.502883212844743,25.53108787536621,21675088
2020-06-10,PFE,25.63684185283857,25.700298778703484,25.305450644569063,25.32660484313965,29557217
2020-06-11,PFE,25.10098419314946,25.15739067622993,23.46518909650581,23.479290008544922,63166642
2020-06-12,PFE,24.029251901262416,24.0433528112808,23.303015346385127,23.79657554626465,37902472
2020-06-15,PFE,23.47928752730148,23.775423658371892,23.098543098013607,23.52159309387207,36247482
2020-06-16,PFE,23.68376663615555,23.944649123689512,23.070344307386122,23.549800872802734,55616945
2020-06-17,PFE,23.683761883460527,23.810677164711056,23.493389670315658,23.662609100341797,27509822
2020-06-18,PFE,23.458135891562414,23.599152082738712,23.253661351260398,23.436983108520508,32278855
2020-06-19,PFE,23.754272219313368,23.789527332604525,23.352373566535363,23.563899993896484,43986266
2020-06-22,PFE,23.50044017518941,23.521592958352834,23.20430546328703,23.345321655273438,23332503
2020-06-23,PFE,23.40877981808685,23.444034931033478,23.084441850734173,23.105594635009766,37690408
2020-06-24,PFE,23.06328875522991,23.077389665382096,22.56267809559081,22.696643829345703,30817695
2020-06-25,PFE,22.640241011996476,22.83061466950593,22.442818315733767,22.78830909729004,27418651
2020-06-26,PFE,22.738945569418828,22.760098348550457,22.28769242361086,22.590877532958984,42153992
2020-06-29,PFE,22.887019797449028,23.03508645650341,22.70369802448392,23.013935089111328,23956261
2020-06-30,PFE,22.936376659014957,23.183155378075636,22.724851637688086,23.05624008178711,25451676
2020-07-01,PFE,24.353594662043648,24.353594662043648,23.775427470143285,23.78952980041504,73503009
2020-07-02,PFE,24.409999179076916,24.572168168078655,24.001052896116494,24.332441329956055,45270881
2020-07-06,PFE,24.64267839628737,24.6708802196317,24.24077973423909,24.332441329956055,27150935
2020-07-07,PFE,24.008100391134334,24.21962537982611,23.944643461511518,23.993999481201172,25148018
2020-07-08,PFE,23.979895881274466,24.233726436223417,23.66966026879017,23.79657554626465,24256545
2020-07-09,PFE,23.782477606851558,23.888240115047164,23.338273371475633,23.592103958129883,20363702
2020-07-10,PFE,23.73312054272618,24.00105346290631,23.61325712083428,23.852985382080078,24459019
2020-07-13,PFE,24.487559422685965,25.185591391914574,24.33949134801956,24.825998306274414,56569129
2020-07-14,PFE,24.938809458765498,24.97406173074786,24.593317348874834,24.840097427368164,32854129
2020-07-15,PFE,25.375966304733108,25.383016760794956,25.009322745048983,25.185592651367188,26294454
2020-07-16,PFE,25.100982666015625,25.12918448837807,24.861253001315678,25.100982666015625,18421812
2020-07-17,PFE,25.284298501949372,25.615689700009202,25.192636925788783,25.559280395507812,23347365
2020-07-20,PFE,26.433585591885326,26.52524717035373,25.6086370555165,25.735553741455078,36815693
2020-07-21,PFE,26.045790984044732,26.144503017911752,25.74965488244367,25.869518280029297,23588520
2020-07-22,PFE,26.955355741274044,27.307898418012766,26.454744970209603,27.188032150268555,90705554
2020-07-23,PFE,27.66043723726293,27.79440156469114,26.920096868881238,27.082265853881836,59639536
2020-07-24,PFE,26.814336406774864,26.898947551013702,26.32077895851252,26.553455352783203,33870501
2020-07-27,PFE,26.34192865910989,26.616913443011736,26.250269899399846,26.46884536743164,27640307
2020-07-28,PFE,27.17392743972922,27.73799507670426,26.83548855849852,27.51236915588379,56393954
2020-07-29,PFE,27.709793784691513,27.815556291466883,27.110471023015112,27.681589126586914,37033660
2020-07-30,PFE,27.25440504414195,27.724308875520077,27.197447264214137,27.581912994384766,32273796
2020-07-31,PFE,27.254400371387966,27.58902762892113,26.95536993106191,27.396793365478516,28472124
2020-08-03,PFE,27.489358994915914,27.52495868534674,27.21168942492482,27.30424690246582,31036400
2020-08-04,PFE,27.27576392862653,27.539194741914176,27.119129313627617,27.332721710205078,29448549
2020-08-05,PFE,27.389675510503945,27.432394556136256,27.147605689639555,27.375436782836914,24292697
2020-08-06,PFE,27.603273186189593,27.83822655105063,27.16184964254344,27.24728775024414,20922111
2020-08-07,PFE,27.26864060007175,27.49647169326911,27.1689637811401,27.375436782836914,23097251
2020-08-10,PFE,27.446637273362175,27.524956012177448,27.240164241653076,27.332721710205078,19964552
2020-08-11,PFE,27.45375442117097,27.467996012389236,26.820099510110108,26.905534744262695,21326847
2020-08-12,PFE,26.934015519053812,27.446635520523017,26.919773927594967,27.290000915527344,19957595
2020-08-13,PFE,27.104891818571467,27.18320769832255,26.969615292015536,27.176088333129883,15340021
2020-08-14,PFE,27.062163385266896,27.332713481976622,27.00520562083489,27.097763061523438,12901276
2020-08-17,PFE,27.083535119584905,27.34696309582452,27.019455104283036,27.30424690246582,17494187
2020-08-18,PFE,27.375436542086916,27.38255590585782,27.17608290597681,27.311359405517578,10846398
2020-08-19,PFE,27.39679266062933,27.48935010824866,27.14048413280808,27.240158081054688,15690055
2020-08-20,PFE,27.183202277357523,27.617509231185032,27.147605458493032,27.567670822143555,21957455
2020-08-21,PFE,27.702951037674755,27.767031052110216,27.46088116138743,27.68159294128418,25467170
2020-08-24,PFE,27.781259995845836,27.79549872175666,27.43951053557009,27.65310287475586,25011947
2020-08-25,PFE,27.41815561609786,27.453752434989713,27.01944834345951,27.346956253051758,26221201
2020-08-26,PFE,27.19033121585773,27.247289002732476,26.812981941693668,27.090654373168945,24083689
2020-08-27,PFE,27.026572183593757,27.055052506055574,26.82722137688771,26.95537567138672,22156556
2020-08-28,PFE,26.962490294119632,27.097766792415104,26.627863024180385,26.990970611572266,32830519
2020-08-31,PFE,26.941134428361256,27.069288710905834,26.699061729227562,26.905534744262695,30032465
2020-09-01,PFE,26.905531541738146,26.926892494707282,25.99420435591892,26.25763511657715,36145560
2020-09-02,PFE,26.179314316393224,26.55666058751206,25.91588357663508,26.485464096069336,29068688
2020-09-03,PFE,26.60649944338063,26.69193752467145,25.70229167734818,25.915884017944336,35956788
2020-09-04,PFE,25.979968578120737,26.07964540294194,25.53854223067951,25.88741111755371,26872257
2020-09-08,PFE,26.008451245072116,26.0654090331465,25.40327367329478,25.581266403198242,26736818
2020-09-09,PFE,25.83757031775733,26.093881720381386,25.7307741385499,25.759254455566406,27490533
2020-09-10,PFE,25.773490553604244,25.858925770676265,25.332064291980625,25.38190269470215,21650741
2020-09-11,PFE,25.445989161309992,25.709419997331423,25.23951897441438,25.68094253540039,24109301
2020-09-14,PFE,25.88741050183364,26.727541265946158,25.830452726523582,26.350194931030273,29565543
2020-09-15,PFE,26.478353982204624,26.592269553356566,26.207803785060804,26.314599990844727,22003726
2020-09-16,PFE,26.542428740965473,26.563789697776166,26.143724277867616,26.186443328857422,22208412
2020-09-17,PFE,26.18644258584784,26.321716237073826,26.022685751261392,26.214920043945312,17894390
2020-09-18,PFE,26.18643942976879,26.39290956398547,26.03692420488266,26.07964324951172,31694623
2020-09-21,PFE,25.894528191132075,25.97284691626254,25.18967397811354,25.645336151123047,26608968
2020-09-22,PFE,25.495820490746656,25.866050293926946,25.44598208359785,25.80908966064453,22727297
2020-09-23,PFE,25.87316761082425,25.90164792836371,25.609739702397885,25.6310977935791,23102521
2020-09-24,PFE,25.595505455893814,25.659582610452954,25.303597146176863,25.46023178100586,20859925
2020-09-25,PFE,25.303590853433906,25.73789495843353,25.289352125435567,25.666698455810547,14365598
2020-09-28,PFE,25.74501753458657,26.044048035648828,25.74501753458657,25.908771514892578,15044269
2020-09-29,PFE,25.93724924220039,26.0155651107588,25.652457499404797,25.752134323120117,13512491
2020-09-30,PFE,25.823329622771784,26.314591437164538,25.80908803403321,26.12947654724121,22629275
2020-10-01,PFE,26.278995033882957,26.407152172714326,25.74501411199707,25.894529342651367,22520396
2020-10-02,PFE,25.673814590558408,26.100999277827587,25.652453638616393,25.90164566040039,21461759
2020-10-05,PFE,26.008448316294427,26.25764040020364,25.8731717957061,26.165082931518555,19400029
2020-10-06,PFE,26.343073038605517,26.364433993762432,25.69517654708727,25.752134323120117,25233392
2020-10-07,PFE,25.81620499676144,26.051155380164037,25.652448229383484,25.965717315673828,22160034
2020-10-08,PFE,26.05828225251919,26.471228245527683,25.994205116997804,26.264755249023438,17857395
2020-10-09,PFE,26.22203901162157,26.428512030229435,26.051165677728267,26.193561553955078,23667465
2020-10-12,PFE,26.129481944389905,26.47123147998004,25.965727972434948,26.214920043945312,19413837
2020-10-13,PFE,26.108123320191563,26.435631257445152,26.07964586267287,26.27187728881836,21543233
2020-10-14,PFE,26.350192937488742,26.5566630682225,26.036923765668348,26.243396759033203,22120298
2020-10-15,PFE,26.07964664665122,26.15796251981331,25.923012037695518,26.022686004638672,16089205
2020-10-16,PFE,26.392912712407576,27.14048892601693,26.35731588982962,27.019451141357422,42993503
2020-10-19,PFE,27.35408317781708,27.660233048658725,26.79874121877507,26.912656784057617,31931352
2020-10-20,PFE,26.962494296434723,26.976735888590646,26.592267290380946,26.691944122314453,22384852
2020-10-21,PFE,26.592263452184557,26.663459952161656,26.38579045335667,26.40003204345703,18984859
2020-10-22,PFE,26.40003412673725,26.748900153049064,26.364434442623867,26.64922332763672,19243616
2020-10-23,PFE,27.005211953121314,27.254404020087094,26.80585829954869,27.183204650878906,30557884
2020-10-26,PFE,26.962485347346085,27.069281508595164,26.684815900624606,26.998085021972656,33783124
2020-10-27,PFE,26.371553806920264,27.14048809040206,26.25051888861873,26.64922332763672,36851529
2020-10-28,PFE,26.200683012341027,26.435633507392726,25.146959741837833,25.239517211914062,33857537
2020-10-29,PFE,25.26087465897939,25.374790221090727,24.63433620473543,25.118478775024414,27545341
2020-10-30,PFE,25.090004246129247,25.29647730005734,24.805212444957835,25.26087760925293,25631067
2020-11-02,PFE,25.581264619105937,25.80909575551405,25.303595063779582,25.794857025146484,21430666
2020-11-03,PFE,25.937245028939476,26.07251865155681,25.68805301013006,25.766368865966797,21636617
2020-11-04,PFE,26.38579721926511,27.14049290812041,26.314600701031633,26.578031539916992,40870536
2020-11-05,PFE,26.79381718672155,26.829780093254346,26.175220489501953,26.175220489501953,33926995
2020-11-06,PFE,26.175220519881382,26.41259016362979,25.959431512148992,26.18241310119629,23870676
2020-11-09,PFE,30.10977822563554,30.203287572192536,27.606623858269376,28.196447372436523,230153864
2020-11-10,PFE,29.095570842636036,29.160306973761408,27.664168915402662,27.82241439819336,80091668
2020-11-11,PFE,27.96627424181484,28.915744230363117,27.261363609380677,27.692941665649414,58980997
2020-11-12,PFE,27.5346908040877,27.57784917969389,26.78662193381706,27.00960350036621,46767877
2020-11-13,PFE,27.23978235519632,27.80802813273058,27.124695261737315,27.779254913330078,40175634
2020-11-16,PFE,27.232585434567543,27.297321552815294,26.50609429625654,26.85135841369629,75530167
2020-11-17,PFE,27.664493049848815,27.672073167246527,27.15653842208011,27.32332992553711,46984500
2020-11-18,PFE,27.998081302610867,28.3695678965604,27.520452789747036,27.535615921020508,63442700
2020-11-19,PFE,27.747894461497538,27.770640604842576,27.18687305489477,27.437057495117188,43261800
2020-11-20,PFE,27.823705673217773,28.28617098902355,27.626587886773752,27.823705673217773,60633800
2020-11-23,PFE,28.07389027356487,28.11937966123876,27.45221643571094,27.687240600585938,43673100
2020-11-24,PFE,27.391567054710613,27.85403237792935,27.308171289268387,27.74789047241211,42485300
2020-11-25,PFE,27.694820404052738,27.71756654366647,27.474962262975087,27.694820404052734,26955800
2020-11-27,PFE,27.884355996798835,28.24826242850737,27.861612748589312,28.22551918029785,25277000
2020-11-30,PFE,28.771379080609393,29.415796151102843,28.506028663528298,29.044309616088867,65425900
2020-12-01,PFE,29.87067954087189,30.704631333851832,29.575002883872983,29.878259658813477,72499700
2020-12-02,PFE,30.681889202981967,31.39453889029866,30.553004056723548,30.93207359313965,84347500
2020-12-03,PFE,31.06853441432075,31.10644078412694,29.96165222038454,30.39379119873047,68570100
2020-12-04,PFE,30.242168881079213,30.666727827277093,30.242168881079213,30.583332061767578,35368100
2020-12-07,PFE,30.825935052959142,31.386959247870696,30.60607402440792,31.273237228393555,48253700
2020-12-08,PFE,31.38696190174854,32.42561172531495,31.34905263067007,32.26640319824219,87039300
2020-12-09,PFE,32.653047523632495,32.660630533430165,31.18225885860906,31.728116989135742,86118500
2020-12-10,PFE,31.705378634443335,32.00863544756845,31.424867962148948,31.63714599609375,57749200
2020-12-11,PFE,31.819096822241747,31.89490957033778,30.84867687260092,31.1746768951416,60737000
2020-12-14,PFE,31.553746141429567,31.58407239722886,29.620492161324194,29.72663116455078,94809700
2020-12-15,PFE,29.612913200421954,29.70388907930343,28.968493253827944,29.347562789916992,65712800
2020-12-16,PFE,28.94575188348547,29.165612922766297,28.61217171124891,28.687984466552734,56515300
2020-12-17,PFE,28.680401937438276,28.900260066170137,28.28616928043451,28.832027435302734,52036400
2020-12-18,PFE,28.80170314227978,28.877515888767473,28.430213743519925,28.566679000854492,60259200
2020-12-21,PFE,28.263431087561287,28.35440988234126,27.982920367169207,28.33924674987793,40891800
2020-12-22,PFE,28.210350140708076,28.30132889862851,27.747884910193086,27.854026794433594,33634400
2020-12-23,PFE,28.058725541153724,28.543936972404907,27.960169544931578,28.38472557067871,36182000
2020-12-24,PFE,28.35440300728924,28.48328526386993,28.187611482706128,28.255844116210938,14790100
2020-12-28,PFE,28.324084016413153,28.490875583787545,27.80854907368489,27.914688110351562,26993700
2020-12-29,PFE,27.97533877298774,28.202779963810475,27.89194299486935,28.08905792236328,23152100
2020-12-30,PFE,28.07388489589806,28.233096276223502,27.823700541793446,27.854026794433594,24889800
2020-12-31,PFE,27.79337675867186,27.99049163420574,27.512866127002958,27.9070987701416,30796500
2021-01-04,PFE,27.952585261072787,28.005654761873096,27.4977029993356,27.9070987701416,33565700
2021-01-05,PFE,27.83886704025136,28.33165569102763,27.747888271310618,28.1951904296875,29909400
2021-01-06,PFE,27.922258046558248,28.415046613459232,27.87676866983042,27.95258140563965,34962500
2021-01-07,PFE,28.08147078325862,28.164866540531214,27.80095725569245,28.096633911132812,27809500
2021-01-08,PFE,28.17244722572598,28.45295786686971,27.975332343534138,28.149703979492188,33462400
2021-01-11,PFE,28.2179384680524,28.68040378572682,28.164868961965617,28.63491439819336,47286900
2021-01-12,PFE,28.581845220508843,28.65007785655743,27.91468198937497,28.187612533569336,47831100
2021-01-13,PFE,28.051146334102896,28.180028591227614,27.778215798931598,27.94500732421875,31027900
2021-01-14,PFE,27.88436129452268,28.0208265938492,27.75547900742085,27.861618041992188,30272000
2021-01-15,PFE,27.80854254410122,27.884355297612817,27.59626452061181,27.823705673217773,34287800
2021-01-19,PFE,27.86919023702983,28.05114488174698,27.763051232641057,27.846446990966797,33451300
2021-01-20,PFE,27.89193628977925,27.90709941779851,27.641749015567928,27.672075271606445,35400100
2021-01-21,PFE,27.588681123291767,27.74030952026067,27.406729360585988,27.65691375732422,33829700
2021-01-22,PFE,27.53560838715761,27.92226089866237,27.482538888256293,27.709980010986328,26271200
2021-01-25,PFE,27.70998086944767,28.271005022161805,27.535609240216882,28.2634220123291,31728500
2021-01-26,PFE,28.255846606574956,28.506031023428832,28.172450836933212,28.28617286682129,27718700
2021-01-27,PFE,28.043568505863384,28.08147488505029,27.42189174049841,27.474964141845703,50561200
2021-01-28,PFE,27.551600877308573,27.842828625277217,27.46729787735451,27.48262596130371,39466700
2021-01-29,PFE,28.26434528467525,28.26434528467525,27.298696304023895,27.513286590576172,60251900
2021-02-01,PFE,27.53627086268434,27.73553009298694,27.37533037780152,27.4366397857666,40395800
2021-02-02,PFE,27.405987384681865,27.42131546966192,26.264072827233978,26.815872192382812,84062400
2021-02-03,PFE,26.815871648839543,27.045787071813535,26.65492822157785,26.700912475585938,38524200
2021-02-04,PFE,26.677915985814565,26.884840698373683,26.59361300030538,26.739225387573242,34284900
2021-02-05,PFE,26.762222290039062,26.884846969223595,26.65492861928586,26.762222290039062,31749600
2021-02-08,PFE,26.792878693662235,26.831197444475187,26.624275605378593,26.685585021972656,31633900
2021-02-09,PFE,26.67025557706009,26.869517748780584,26.639599408559533,26.8005428314209,30170200
2021-02-10,PFE,26.823534462889224,26.88484680210036,26.593619037913967,26.62427520751953,29039900
2021-02-11,PFE,26.670258138851082,26.677923643479094,26.271736680663565,26.386695861816406,30885200
2021-02-12,PFE,26.394355593143597,26.785214428035953,26.333046180406093,26.608945846557617,25578600
2021-02-16,PFE,26.708574510103766,26.71624001404834,26.48632459577491,26.585952758789062,28730300
2021-02-17,PFE,26.49398193347338,26.82352837308243,26.409678947964192,26.739225387573242,26389400
2021-02-18,PFE,26.654921630864482,26.73156203526114,26.455662426498176,26.486318588256836,24052500
2021-02-19,PFE,26.56296561535706,26.57829370174502,26.363706339380673,26.394359588623047,28145300
2021-02-22,PFE,26.31005463090735,26.340707874478262,26.08780180470343,26.256404876708984,34322500
2021-02-23,PFE,26.05714936255407,26.20276179181396,25.811905837730354,25.988174438476562,37624200
2021-02-24,PFE,25.957516579821068,26.095466419009718,25.804238655885545,25.865550994873047,30686100
2021-02-25,PFE,25.919197082519535,26.141449919642255,25.704609749315882,25.91919708251953,37506100
2021-02-26,PFE,25.934524442213217,25.980508693843408,25.566659199770918,25.666290283203125,41462800
2021-03-01,PFE,25.742925423150325,26.00349697814198,25.681613093254498,25.819562911987305,30407800
2021-03-02,PFE,25.811904999636223,25.972845509413645,25.673955155960336,25.681617736816406,27670400
2021-03-03,PFE,25.681606758320104,26.402011839228255,25.627959944660827,26.356027603149414,46020200
2021-03-04,PFE,26.256407662567995,26.8925100415676,25.934526644423606,26.210426330566406,45449600
2021-03-05,PFE,26.279390133216754,26.478649309160918,26.026481220081234,26.356027603149414,30589900
2021-03-08,PFE,26.42501140866108,26.723901735159107,26.310055164987336,26.325380325317383,24352300
2021-03-09,PFE,26.47099441310022,26.70857239295259,26.394353997395484,26.402019500732422,25167100
2021-03-10,PFE,26.547627511340796,26.930820755842902,26.455661951249372,26.769880294799805,33501800
2021-03-11,PFE,26.87717987720187,26.91549862541667,26.56296146418754,26.601280212402344,24557900
2021-03-12,PFE,26.48632302144967,26.8082040031935,26.448001351070943,26.77754783630371,16342400
2021-03-15,PFE,26.83119480222876,27.153078709132732,26.792876055189314,27.13775062561035,21896100
2021-03-16,PFE,27.183735122051477,27.482625444608807,27.06111337629634,27.45963478088379,25022400
2021-03-17,PFE,27.459634132907226,27.55926228905335,26.91549740814682,27.428977966308594,42540100
2021-03-18,PFE,27.229712643309284,27.56692458964991,27.22205006431637,27.413646697998047,24729800
2021-03-19,PFE,27.39832133720336,27.45196816607889,27.183734021701248,27.22971534729004,48348900
2021-03-22,PFE,27.191398625819904,27.59758262426961,27.099433044262696,27.589920043945312,25427500
2021-03-23,PFE,27.451971075624353,27.536274079516016,27.0687777295955,27.09943389892578,27970500
2021-03-24,PFE,27.191399794093794,27.536274394167215,27.10709678923882,27.291030883789062,22883400
2021-03-25,PFE,27.321684270185788,27.428977929604475,27.01512845167558,27.33700942993164,24875300
2021-03-26,PFE,27.344674979639642,27.812171288069482,27.31401881303012,27.78151512145996,27944500
2021-03-29,PFE,27.612906734730096,28.157043412509623,27.513278587185887,28.065074920654297,27004800
2021-03-30,PFE,28.042088194612827,28.07274436286659,27.605248029362578,27.674222946166992,26303300
2021-03-31,PFE,27.70487254735892,27.91945982720406,27.620569566410495,27.76618194580078,26582700
2021-04-01,PFE,27.819835662841797,27.93479483327798,27.60524832979627,27.819835662841797,21319900
2021-04-05,PFE,27.927128047066063,28.026759128633902,27.666556473103807,27.804506301879883,22096900
2021-04-06,PFE,27.78918109437838,27.896477690612517,27.589921834153046,27.62824058532715,20722900
2021-04-07,PFE,27.612912088840183,27.773855519027382,27.405987327342302,27.520946502685547,21933800
2021-04-08,PFE,27.559263229370117,27.704878563915518,27.490288313936258,27.559263229370117,18129400
2021-04-09,PFE,27.513281074400123,28.210692787919477,27.513281074400123,28.04974937438965,31686700
2021-04-12,PFE,27.95778792141226,28.379300043660898,27.842831664544487,28.33331871032715,29944900
2021-04-13,PFE,28.67052235338109,28.854456422223578,28.272000973833077,28.478925704956055,33967400
2021-04-14,PFE,28.486587524414062,28.647530926681505,28.325647045679386,28.486587524414062,23842900
2021-04-15,PFE,28.555558171487995,28.9234262444585,28.555558171487995,28.816129684448242,24945800
2021-04-16,PFE,29.023066556560615,29.65916898761945,28.97708522079587,29.559537887573242,52829500
2021-04-19,PFE,29.58252873230594,29.85842844267802,29.37560687306045,29.835437774658203,30905100
2021-04-20,PFE,29.69748768017921,30.073018488167207,29.69748768017921,29.91207504272461,26459400
2021-04-21,PFE,29.996371076618786,30.40255503936429,29.98870849696804,30.29526138305664,29365000
2021-04-22,PFE,30.256947022543653,30.272275107599345,29.521216481070244,29.613182067871094,33373600
2021-04-23,PFE,29.60552076202606,29.758798695650356,29.452242828401765,29.628511428833008,24375000
2021-04-26,PFE,29.68215381452364,29.68981931799835,29.498222660592287,29.643835067749023,19773400
2021-04-27,PFE,29.513546861721657,29.59018727631419,29.39092512190649,29.467565536499023,19061500
2021-04-28,PFE,29.536536899644055,29.843089750589364,29.52120881856691,29.74346160888672,21963300
2021-04-29,PFE,29.881416593450528,29.889079173550748,29.360273440644434,29.582523345947266,23569400
2021-04-30,PFE,29.50588852537134,29.812444380762546,29.498225944576546,29.620847702026367,28413200
2021-05-03,PFE,29.91973467848352,30.532843396580933,29.85842234490729,30.52518081665039,46638600
2021-05-04,PFE,30.65546619371424,30.785750521741647,30.218626034336456,30.61714744567871,52802200
2021-05-05,PFE,30.793421143958525,31.490832998848166,29.83543766616871,30.63248062133789,76627500
2021-05-06,PFE,29.78114718339962,30.361600942579983,29.378698889420377,30.330642700195312,54944900
2021-05-07,PFE,30.22228941566168,30.856918572688965,30.22228941566168,30.632478713989258,33807800
2021-05-10,PFE,30.825963017975447,31.174232881068953,30.787263742218183,30.849180221557617,30831900
2021-05-11,PFE,30.709876496515783,31.01171200553058,30.36160361982919,30.45447540283203,30568600
2021-05-12,PFE,30.52411725332785,30.895607182813887,30.423507427158803,30.717601776123047,26208600
2021-05-13,PFE,30.570559891986033,31.174230762825808,30.570559891986033,31.034921646118164,25415000
2021-05-14,PFE,31.143272633524397,31.20518615066258,30.895609707952374,30.973005294799805,18041100
2021-05-17,PFE,31.01170724120896,31.267108295655508,30.965269880671325,31.042665481567383,18095000
2021-05-18,PFE,31.09684006661844,31.228408155995222,30.825962851819064,30.996227264404297,15805500
2021-05-19,PFE,30.880135597529637,30.880135597529637,30.51638369599391,30.825960159301758,20209500
2021-05-20,PFE,30.748570020847847,31.15101831358999,30.740831936445712,31.050405502319336,18621100
2021-05-21,PFE,31.12005541904999,31.421890855399,30.887874541269216,30.918832778930664,21144800
2021-05-24,PFE,31.019451462557768,31.06588587552301,30.78726758836916,30.810487747192383,16922300
2021-05-25,PFE,30.81821768922283,30.84917592458038,30.369335085897653,30.438989639282227,25916300
2021-05-26,PFE,30.408034771594707,30.415772855121173,30.013324607921618,30.121675491333008,28036500
2021-05-27,PFE,30.160375927007827,30.322902258381355,29.87401663572274,29.912715911865234,38471200
2021-05-28,PFE,29.99009802629551,30.199061644243308,29.935922601531917,29.974618911743164,16154100
2021-06-01,PFE,30.1371569331989,30.18359429495675,29.78114601674315,29.7966251373291,23642400
2021-06-02,PFE,29.904972842446973,30.129415638516303,29.82758020010447,30.02106475830078,19629000
2021-06-03,PFE,29.99785200437836,30.21455677061185,29.897242134980058,30.160381317138672,17376300
2021-06-04,PFE,30.222285120992044,30.57055788995315,30.199067920507918,30.299680709838867,19375300
2021-06-07,PFE,30.24550637823508,30.64795164557455,30.16037270356483,30.175851821899414,24110700
2021-06-08,PFE,30.237756925968636,30.268715154020335,29.78113339539307,30.067489624023438,18880300
2021-06-09,PFE,30.18359660109623,30.833704953675003,30.168117479327616,30.810487747192383,29824000
2021-06-10,PFE,30.88013762200358,31.514766756284423,30.872396586126413,31.483808517456055,42613700
2021-06-11,PFE,31.468321229901623,31.476059311430088,30.918825918859618,31.0736141204834,21386900
2021-06-14,PFE,30.980754324860897,31.011712570539462,30.477696118117827,30.671180725097656,23408300
2021-06-15,PFE,30.73309050808583,30.833703318074424,30.485430477606553,30.64021873474121,20206900
2021-06-16,PFE,30.663431478822652,30.833698832132917,30.40029236567952,30.415771484375,19177500
2021-06-17,PFE,30.39255030261132,30.640210264628013,30.237762088265978,30.555076599121094,19580100
2021-06-18,PFE,30.41576709791703,30.524117960819385,29.95140541338134,30.03653907775879,37775900
2021-06-21,PFE,30.090719696808033,30.555081461399045,30.090719696808033,30.508644104003906,19488100
2021-06-22,PFE,30.50090671902643,30.71760848715232,30.38481479905032,30.65569496154785,15975900
2021-06-23,PFE,30.67116986336737,30.694387063233872,30.168108882434925,30.2222843170166,22025400
2021-06-24,PFE,30.291946373384718,30.454472717393504,30.245511962148203,30.330642700195312,13436500
2021-06-25,PFE,30.276458852395557,30.50090161890505,30.09845343657965,30.168107986450195,22774300
2021-06-28,PFE,30.19132887775216,30.346117113320304,30.10619815291271,30.27646255493164,19225700
2021-06-29,PFE,30.284202667075952,30.40029162595727,30.16811075585469,30.260982513427734,14516600
2021-06-30,PFE,30.291943518206107,30.39255632030274,30.044283507153015,30.307422637939453,21248100
2021-07-01,PFE,30.315158382140428,30.67117220385247,30.268723978864063,30.61699676513672,20035900
2021-07-02,PFE,30.53961146835908,30.825970829357836,30.477697925670824,30.74857521057129,16592700
2021-07-06,PFE,30.55507673677817,30.686647752883335,30.214545025555953,30.408029556274414,18931900
2021-07-07,PFE,30.35386553472093,30.46221644028104,30.16038093126624,30.45447540283203,17665200
2021-07-08,PFE,30.18358874472843,30.431248723882604,30.129413308809692,30.377073287963867,23021200
2021-07-09,PFE,30.593778483603217,31.034923055768157,30.539603041571745,30.65569496154785,21578700
2021-07-12,PFE,30.694389281345806,31.151012943203128,30.647951925917276,30.77178192138672,24513000
2021-07-13,PFE,30.779530640955613,30.802747848296107,30.593784125209535,30.68665885925293,12222000
2021-07-14,PFE,30.740827340887403,30.98074630191352,30.694389984395233,30.918832778930664,15888600
2021-07-15,PFE,30.91883455436668,31.104578086321133,30.849179991798703,31.027185440063477,20250800
2021-07-16,PFE,31.065888173440978,31.22841453552246,30.903361811359492,31.22841453552246,24270400
2021-07-19,PFE,31.011697658898132,31.228399369767793,30.709862289518423,31.0736141204834,29818400
2021-07-20,PFE,31.151012611640297,32.28096167731461,31.112316292031714,31.77016258239746,48804100
2021-07-21,PFE,31.917209853883215,31.917209853883215,31.359973454248614,31.7469425201416,27530200
2021-07-22,PFE,31.824346077322783,32.15713982442226,31.654081637470988,32.0952262878418,18913300
2021-07-23,PFE,32.08748028430666,32.373839572735505,32.05652204463755,32.257747650146484,21609200
2021-07-26,PFE,32.211313926368774,32.45897396699479,32.033308456690115,32.35836410522461,23720000
2021-07-27,PFE,32.36610003580704,32.66019742160528,32.18035649386947,32.582801818847656,32544100
2021-07-28,PFE,32.776290489143406,33.85206735922558,32.698897829064165,33.62762451171875,53822400
2021-07-29,PFE,33.760379329243435,33.81504544710652,33.28400060579658,33.41676330566406,29015000
2021-07-30,PFE,33.48705061188576,33.72914258193259,33.33866858732271,33.4323844909668,24763300
2021-08-02,PFE,33.815045512906345,34.471041907619814,33.77599871136816,34.33047103881836,43066900
2021-08-03,PFE,34.4944691789184,35.814273107920386,34.41637557632608,35.673702239990234,45643300
2021-08-04,PFE,35.41599007212847,35.767417262623496,35.15046763698558,35.291038513183594,43391200
2021-08-05,PFE,35.14265240311952,35.25198462283205,34.9083686495813,35.189510345458984,23505400
2021-08-06,PFE,35.212942161494745,35.38475165880815,34.853706829912106,35.197322845458984,20413000
2021-08-09,PFE,35.2285655605907,35.947036307028156,35.2285655605907,35.907989501953125,32374300
2021-08-10,PFE,36.07979586396057,37.93064167019701,35.837700927138414,37.633880615234375,81189400
2021-08-11,PFE,37.31368254248278,37.54796925075113,36.1266416049682,36.16569137573242,50878200
2021-08-12,PFE,36.314083984546436,37.016938414589156,36.1891324168811,36.89198684692383,29676400
2021-08-13,PFE,37.02474878948162,37.87598232586532,36.95446334229102,37.8603630065918,35379200
2021-08-16,PFE,37.66512586952515,38.24302876456257,37.102842293713664,38.196170806884766,38045800
2021-08-17,PFE,38.09463510398307,39.430058189280054,38.039968992903745,39.375389099121094,68817000
2021-08-18,PFE,39.227019499900564,40.49996563301869,38.39921350907939,38.508548736572266,88598000
2021-08-19,PFE,37.87596863412026,39.01615171719924,37.68853984967192,38.110252380371094,57741600
2021-08-20,PFE,38.25082420746899,38.836535077696,38.00092114116516,38.04777908325195,35157500
2021-08-23,PFE,39.27387090983967,40.109484930978404,38.73501494805948,38.99272918701172,88652400
2021-08-24,PFE,38.8443466120114,39.08643853417766,37.67292485986374,37.782257080078125,52624100
2021-08-25,PFE,37.51674105725497,37.70416690108808,36.64988833705665,37.10283660888672,51036800
2021-08-26,PFE,37.25121534499077,37.610450663232164,36.93883499403662,37.001312255859375,29029300
2021-08-27,PFE,36.9935040541549,37.095028123160695,36.33750764818212,36.392173767089844,32924500
2021-08-30,PFE,36.07979146947056,36.82950069472323,36.04855284031512,36.517120361328125,25774400
2021-08-31,PFE,36.48589270731626,36.81388944809155,35.86894305214717,35.978275299072266,34547800
2021-09-01,PFE,36.071982009962376,36.12664812400166,35.47065177645047,35.95484161376953,32900100
2021-09-02,PFE,36.29845955540924,36.60302877251787,36.02512897058867,36.5796012878418,26106300
2021-09-03,PFE,36.626459236273874,36.72798032259012,36.18912732148101,36.5796012878418,20817200
2021-09-07,PFE,36.6967404692214,37.09502255852847,36.34531334390363,36.50931167602539,26236900
2021-09-08,PFE,36.3218879699707,36.540555422505264,36.11884281306006,36.3218879699707,15839600
2021-09-09,PFE,36.29065963294813,36.48589666049086,35.80646965970411,35.94704055786133,21695300
2021-09-10,PFE,36.13446514810174,36.196939440416116,35.54094298617372,35.60342025756836,20801500
2021-09-13,PFE,35.72055465751142,35.790840080592496,34.51789429771504,34.81465530395508,37086200
2021-09-14,PFE,34.884937214930986,35.34569654162684,34.79122431194795,34.916175842285156,24100200
2021-09-15,PFE,34.79904104686592,35.43160696743747,34.72875561357131,34.96303939819336,28674600
2021-09-16,PFE,35.04894448814018,35.134849238454734,34.38513694966951,34.728755950927734,22424200
2021-09-17,PFE,34.49446706945502,34.72094267383489,33.82285438262474,34.27580261230469,56370500
2021-09-20,PFE,33.88532218415904,34.869318011296194,33.88532218415904,34.51789093017578,41873000
2021-09-21,PFE,34.556942892624605,34.931797508885545,34.24456255620065,34.29922866821289,23645600
2021-09-22,PFE,34.35390098590796,34.6662783725915,34.228949435418556,34.322662353515625,22616700
2021-09-23,PFE,34.580375311041244,34.92399432597032,34.478854219430474,34.51008987426758,19719200
2021-09-24,PFE,34.41637391524965,34.68189632196029,34.21332877086144,34.314849853515625,16150700
2021-09-27,PFE,34.299236229447544,34.46323758071789,33.97904765461357,34.02590560913086,19955900
2021-09-28,PFE,33.635423178880075,33.79942151004942,33.135617038699465,33.611995697021484,28512200
2021-09-29,PFE,33.75256749361597,34.11961096238011,33.64323526976794,33.994659423828125,18037200
2021-09-30,PFE,34.19771494491816,34.4007601219005,33.55733779871502,33.58857345581055,21103300
2021-10-01,PFE,33.2059040195456,33.6588522381568,32.56552700004305,33.526092529296875,38483000
2021-10-04,PFE,33.526092704002195,33.8540893834216,32.9638092774778,33.1278076171875,28906500
2021-10-05,PFE,33.213711470078316,33.41675958158135,33.01847450544521,33.049713134765625,19342600
2021-10-06,PFE,32.846668317119786,32.95600054170934,32.55771546175633,32.8154296875,30483800
2021-10-07,PFE,33.20590656538702,33.54952258443928,32.96381163298295,33.377716064453125,19778300
2021-10-08,PFE,33.369898096978496,33.51046893492582,33.06532894111908,33.1512336730957,12778600
2021-10-11,PFE,33.15124513395611,33.28400487175922,32.807626087255585,32.846675872802734,11984200
2021-10-12,PFE,32.92476553080381,32.963812332580275,32.534291554879154,32.68267059326172,16222300
2021-10-13,PFE,32.60457704749418,32.72952860084832,31.97200813290632,32.34686279296875,28205700
2021-10-14,PFE,32.45619722865991,32.76857461499626,32.42495859630229,32.54209899902344,17590300
2021-10-15,PFE,32.721719754514496,32.823240841394934,32.31562646975285,32.40153121948242,23550300
2021-10-18,PFE,32.37028854914588,32.5655255090574,32.05010005405418,32.26876449584961,21733000
2021-10-19,PFE,32.48742478135402,32.95599521264269,32.4405698235806,32.87009048461914,17159800
2021-10-20,PFE,32.89352338735862,33.66666308797529,32.87790407249892,33.42456817626953,22788300
2021-10-21,PFE,33.62762192787957,33.651049414556766,33.13562385409687,33.471431732177734,22142300
2021-10-22,PFE,33.44019274328464,33.7291426658726,33.29181369743248,33.70571517944336,17183000
2021-10-25,PFE,33.736953297284636,33.76819193143189,33.24495523624579,33.697906494140625,22846200
2021-10-26,PFE,33.83847923618891,34.17428414502376,33.51828768712911,34.018096923828125,29729100
2021-10-27,PFE,33.93999001682492,34.01808658276266,33.33085169790743,33.55732727050781,22317500
2021-10-28,PFE,33.54171487994009,34.103995375343096,33.533903732194496,33.72133255004883,18023400
2021-10-29,PFE,33.65104358534316,34.228946315608475,33.471425934078454,34.158660888671875,30307500
2021-11-01,PFE,34.47104422069062,34.588187612245704,33.92438002523389,34.080570220947266,32681500
2021-11-02,PFE,35.20514486047529,35.95485438713954,33.61981805289135,35.49409484863281,69248000
2021-11-03,PFE,35.54874692217676,35.91579336944981,34.73656043331199,35.00208282470703,44593100
2021-11-04,PFE,34.89179360989365,35.033598382259534,34.11974707436259,34.54515838623047,38172500
2021-11-05,PFE,37.88544705267784,38.45266618426987,36.67222969020821,38.29510498046875,173959100
2021-11-08,PFE,38.29510782434585,38.43691261777459,37.49942503841458,38.07452392578125,57423300
2021-11-09,PFE,38.07452751072469,38.11391706700139,37.14491955748828,37.26308822631836,29920400
2021-11-10,PFE,37.34186671043551,38.76778834341943,37.34186671043551,38.618106842041016,42696200
2021-11-11,PFE,38.783538507701216,39.78404860553734,38.38963703635926,39.531951904296875,42370400
2021-11-12,PFE,39.721019733470584,39.77616869983504,39.05138848812915,39.17743682861328,27780600
2021-11-15,PFE,39.177444524489694,39.46893080563724,38.89383495138178,39.11442184448242,27763200
2021-11-16,PFE,38.97260763053351,39.516190510678705,38.51568053878269,39.07501983642578,31297200
2021-11-17,PFE,39.342866609160865,40.248840935895984,39.14591592989053,40.075523376464844,36889800
2021-11-18,PFE,40.25672606961014,40.73728630848479,39.87070434034426,40.500946044921875,32872600
2021-11-19,PFE,40.93424476728323,41.62751227599003,39.925857849331585,40.02039337158203,47966200
2021-11-22,PFE,40.13855572710858,40.54821356890495,39.68950834393801,40.335506439208984,27287900
2021-11-23,PFE,39.847076745288874,40.53246450630408,39.626489864152894,40.2409782409668,24946200
2021-11-24,PFE,40.319756921348386,40.43792857092255,39.949488557563896,40.09129333496094,18556800
2021-11-26,PFE,42.57287178674812,43.281892632739506,41.95050674014621,42.541358947753906,66561300
2021-11-29,PFE,43.44734232177564,43.8806334272722,41.05242016799383,41.2808837890625,72660800
2021-11-30,PFE,41.20997641450089,42.90375107791097,40.894854009330196,42.32865524291992,64598400
2021-12-01,PFE,41.33602807867367,43.46309396524421,40.8554677247404,43.07707214355469,59810400
2021-12-02,PFE,42.39955384132921,43.39218722516832,41.57236135828308,41.78506851196289,46361700
2021-12-03,PFE,42.31289573329763,42.8643583994746,41.8323354528467,42.754066467285156,37574800
2021-12-06,PFE,42.368045275303125,42.45470408797458,40.37490460477979,40.55609893798828,53724000
2021-12-07,PFE,40.37490223547745,41.35965594853788,39.70527091268829,40.74517059326172,41575400
2021-12-08,PFE,41.55660528170796,41.81658169564883,40.20158325682046,40.493072509765625,37429200
2021-12-09,PFE,40.57972386788457,41.63537981715312,40.57972386788457,41.02877426147461,38325700
2021-12-10,PFE,40.335507555388055,41.63538048808367,40.2646051768607,41.58023452758789,26079400
2021-12-13,PFE,42.10018993355164,43.904259468903824,42.10018993355164,43.486724853515625,54923200
2021-12-14,PFE,43.147976513344105,44.07758441964177,42.79346451429324,43.75458526611328,48685700
2021-12-15,PFE,44.203622352338925,46.417346635709485,44.03030474814663,46.322811126708984,75202900
2021-12-16,PFE,45.97617242060868,48.39472680416395,45.49561222621373,48.25292205810547,75183600
2021-12-17,PFE,47.21302860341106,48.205658947009766,46.24403138542221,46.858516693115234,104192100
2021-12-20,PFE,47.74085279871729,48.615314466697534,47.13424723241784,48.07173156738281,55712200
2021-12-21,PFE,47.276044225378065,47.29968035269377,45.03080747028118,46.440975189208984,63877900
2021-12-22,PFE,46.67732548400373,47.73298157296507,45.865889395069274,46.913665771484375,62594900
2021-12-23,PFE,47.12637681853378,47.331207288412244,45.93679557047362,46.251914978027344,39203200
2021-12-27,PFE,46.362206592584485,46.7797442373504,45.873769560935905,46.637939453125,27362600
2021-12-28,PFE,46.51977062495666,46.83489305465926,44.967800622531406,45.70045471191406,36901700
2021-12-29,PFE,45.148983386537374,45.716199407182216,44.95990937616947,45.361690521240234,26170200
2021-12-30,PFE,45.49562111630842,46.275547372031966,45.322303502763226,46.007694244384766,24559000
2021-12-31,PFE,46.110109829927445,47.110620026627714,46.03920743787057,46.51976776123047,28579600
2022-01-03,PFE,46.08647012772266,46.12585967208505,44.384815966292855,44.62903594970703,57219200
2022-01-04,PFE,44.29028169765475,44.45571959174214,42.494088973237,42.958892822265625,66993100
2022-01-05,PFE,43.99091166414941,44.46359217635499,43.62064335960974,43.82547378540039,52956400
2022-01-06,PFE,43.45521793140565,43.82548634203254,42.927391308387136,43.203121185302734,37000400
2022-01-07,PFE,43.612775625113414,43.93577474278632,43.03767978170703,43.896385192871094,27703400
2022-01-10,PFE,43.888507865781335,44.32179894886508,43.12434093914534,44.30604553222656,34044700
2022-01-11,PFE,44.707818423770284,45.243524682306095,43.967284715902466,44.66054916381836,33576600
2022-01-12,PFE,44.384815966292855,45.03081411057077,44.038183768582385,44.62903594970703,27608500
2022-01-13,PFE,44.53450865879482,44.707826303937544,43.50248851239497,43.75458526611328,28117900
2022-01-14,PFE,43.31341279371183,43.62853522646481,42.9431443860116,43.28977966308594,27072500
2022-01-18,PFE,42.93526009030067,42.974649636126564,42.09231118766177,42.62801742553711,35598000
2022-01-19,PFE,42.26562914157829,42.927383734651755,42.10806795175513,42.17897033691406,27300400
2022-01-20,PFE,42.509843316556505,42.95101401780857,41.80869922375253,42.580745697021484,35105300
2022-01-21,PFE,42.87223225166455,43.22674415668655,41.32813929337936,41.58811569213867,41059000
2022-01-24,PFE,40.768808588797405,41.0130286206808,39.24834843385959,40.603370666503906,59036400
2022-01-25,PFE,40.461562717686945,41.62751080157917,40.36702719878486,41.391170501708984,43983200
2022-01-26,PFE,41.41479665195256,42.24198906473565,41.328137855381385,41.76142883300781,39644800
2022-01-27,PFE,42.08688555255862,43.32520314389541,42.071009336609336,42.36471176147461,36957200
2022-01-28,PFE,42.68223357610415,43.39664518480012,42.15039089582096,43.12675857543945,28590400
2022-01-31,PFE,42.86480152170877,42.97593200412434,41.586794917772664,41.82493209838867,38644600
2022-02-01,PFE,41.86462926243686,42.19802075038171,41.58679999440391,42.12657928466797,27883300
2022-02-02,PFE,41.94400841175068,42.968001770868696,41.634429728314764,42.75367736816406,32039300
2022-02-03,PFE,42.33297636630579,42.777498447670766,42.14246473994968,42.37266540527344,22635800
2022-02-04,PFE,42.086890622158535,42.41234551812522,41.77731194405351,42.071014404296875,24932200
2022-02-07,PFE,42.309150509880304,42.53141452605345,41.467732181763985,42.237709045410156,32358500
2022-02-08,PFE,40.19766025463635,41.11845962911726,39.443556613827624,41.03908157348633,67922000
2022-02-09,PFE,40.99145729161969,41.054962165354965,40.404052349963564,40.85651397705078,38522200
2022-02-10,PFE,40.51518338213928,40.77713341953427,39.99921687455164,40.16591262817383,34200600
2022-02-11,PFE,39.951587823694894,40.67393905557984,39.75313964979157,40.30879211425781,34997800
2022-02-14,PFE,39.54676000961865,40.086539396210014,38.48307745699208,39.5308837890625,42973100
2022-02-15,PFE,39.530881999931886,39.72139360990388,39.062544113000015,39.522945404052734,29150000
2022-02-16,PFE,39.36417789415388,40.30879006377346,39.23717119043966,39.43561935424805,27672600
2022-02-17,PFE,39.53882246336522,39.657889572556314,38.697400962583046,38.816471099853516,21231700
2022-02-18,PFE,38.72120282310546,39.30861069105138,38.260804680621156,38.52275466918945,26955300
2022-02-22,PFE,37.73690919743781,38.34812999670209,37.5860866324282,37.72896957397461,34814800
2022-02-23,PFE,37.776602323718194,38.22906401161429,37.13362901709138,37.20507049560547,25793000
2022-02-24,PFE,36.40332992676821,37.11774146574421,36.038186049419686,36.48270797729492,44227300
2022-02-25,PFE,36.36364355593755,38.12586123651091,36.30807831089706,37.87978744506836,31199200
2022-02-28,PFE,37.16537347172567,37.44319970175622,36.78435334422143,37.26062774658203,35296100
2022-03-01,PFE,37.0621812219033,37.41938855359331,36.06994031614158,36.316017150878906,29854500
2022-03-02,PFE,36.60178021827791,38.04648262438315,36.51446254075308,37.86391067504883,36516200
2022-03-03,PFE,37.84803194785853,38.57038310299603,37.68927281998775,37.96710205078125,30553300
2022-03-04,PFE,37.705156215964706,38.71327338763472,37.63371474622182,38.618019104003906,33217300
2022-03-07,PFE,38.3005022433012,38.76884011206267,37.721033868067394,38.086177825927734,33171300
2022-03-08,PFE,37.76865762902982,38.43544058141556,36.887547258978934,37.65752410888672,32913300
2022-03-09,PFE,38.20524468331132,39.0704788742587,38.10205078125,38.69739532470703,24718900
2022-03-10,PFE,38.348124773911806,39.12604122300618,38.14173698508508,39.05459976196289,24542300
2022-03-11,PFE,39.00697827150625,40.40405531543084,38.848219103594914,39.90396499633789,33701900
2022-03-14,PFE,40.26116055518425,41.99956521219307,39.99920755077118,41.47566223144531,42314500
2022-03-15,PFE,41.76937505274908,42.00751228008999,40.62631454466525,41.44392013549805,30172100
2022-03-16,PFE,41.70587207224877,42.28534041999886,41.42010619597113,42.007511138916016,29891400
2022-03-17,PFE,42.00751523001971,43.0632611504111,41.90432434204231,43.05532455444336,30598600
2022-03-18,PFE,43.166450997969186,43.658601659725775,42.63460827587687,43.2696418762207,51815000
2022-03-21,PFE,43.05531705716513,43.896735374878666,42.78542742006787,43.015625,34592500
2022-03-22,PFE,43.02356740791135,43.118821689500805,41.67411913506488,42.10276794433594,32253600
2022-03-23,PFE,42.08689281470542,42.46791297899797,41.40423055148495,41.428043365478516,29183700
2022-03-24,PFE,41.705870661593146,41.95194446933645,41.50742247956586,41.74555969238281,25177500
2022-03-25,PFE,41.864624345141536,42.26945725124964,41.68204937681199,41.8963737487793,17429600
2022-03-28,PFE,41.69793692504964,42.51554560951685,41.67412410882999,42.29328155517578,21863700
2022-03-29,PFE,42.86480529602057,42.928310164751764,41.76937053503798,41.864627838134766,39970000
2022-03-30,PFE,42.229771874353986,42.642544438094575,41.25340722530713,41.626487731933594,27599600
2022-03-31,PFE,41.27721840265356,41.97575679271435,41.07083364299492,41.09464645385742,26055200
2022-04-01,PFE,41.3724755867474,41.40422802218519,40.562806651557096,40.935890197753906,19073100
2022-04-04,PFE,41.10258850510092,41.17402997525204,39.98334082478605,40.4358024597168,20462800
2022-04-05,PFE,40.33260386973007,41.39628609525575,40.284975222708255,40.67393493652344,21176700
2022-04-06,PFE,40.61043811451113,42.14245840747627,40.61043811451113,41.96782302856445,31717500
2022-04-07,PFE,41.674117866815195,43.98405456459551,41.674117866815195,43.785606384277344,36305700
2022-04-08,PFE,43.539527537771775,44.11899886222171,43.22994887527967,43.793540954589844,24612200
2022-04-11,PFE,44.02374415864542,44.70640639217214,42.690172127588326,42.809242248535156,22054300
2022-04-12,PFE,42.30914469821981,42.80923488081754,41.793181328434734,42.1583251953125,22810700
2022-04-13,PFE,42.174202647939374,42.72191846432562,41.83287157990666,42.150386810302734,15777800
2022-04-14,PFE,42.38853141021267,42.79336435503926,42.10276555359209,42.16626739501953,17240100
2022-04-18,PFE,41.936067394611186,42.15832836890667,40.9835156035069,41.150211334228516,17065000
2022-04-19,PFE,41.007336338366464,41.1819717251042,39.189550081386805,39.832523345947266,33441500
2022-04-20,PFE,39.68964006433534,39.81664679141805,39.06254302457983,39.49119186401367,24751800
2022-04-21,PFE,39.63407173049556,39.69757357506252,38.83233936777489,38.98316192626953,19105600
2022-04-22,PFE,38.85615190587426,38.975218989844976,38.02267020576434,38.20524215698242,22156800
2022-04-25,PFE,37.982977831936466,39.04666012480142,37.40350954950628,38.85615158081055,27390600
2022-04-26,PFE,38.88791687450425,39.888094631414496,38.832348583711735,38.9196662902832,25366500
2022-04-27,PFE,38.98316695537557,39.618200623363975,38.268752186339,39.48325729370117,25819200
2022-04-28,PFE,40.03890572682601,40.30085879112055,39.28480502724153,40.0944709777832,28225400
2022-04-29,PFE,39.58644583119001,39.95952941375375,38.895846947534736,38.951412200927734,28343300
2022-05-02,PFE,37.8480337705469,38.70532825740919,37.673398418671084,38.3719367980957,36228400
2022-05-03,PFE,38.79264691651179,39.7213859145692,37.86391094653312,39.126041412353516,33716900
2022-05-04,PFE,38.80852939600959,39.586445974405116,38.03061281761407,39.41975021362305,28613700
2022-05-05,PFE,39.260992266107046,39.332433741240656,37.74484809656431,38.45926284790039,28333000
2022-05-06,PFE,38.17350081210922,39.070487640025874,38.13381177258999,38.92760467529297,19891400
2022-05-09,PFE,38.40369592649482,39.03078992759614,37.91948184138276,38.61008071899414,25012300
2022-05-10,PFE,38.92759416774141,39.61025636429075,38.64976490994081,39.2848014831543,27335900
2022-05-11,PFE,38.95141723829308,39.880156502974586,38.91966479565381,39.25305938720703,29699500
2022-05-12,PFE,39.213035817729086,40.35741649499891,38.98896230422931,40.32540512084961,33468400
2022-05-13,PFE,40.31740833843025,40.64551732843322,39.75722143890071,39.949283599853516,22423700
2022-05-16,PFE,39.90926443616006,40.85357855732802,39.90926443616006,40.549476623535156,19435600
2022-05-17,PFE,40.77356332825673,41.2297148161073,40.15735799052785,41.08566665649414,19918200
2022-05-18,PFE,40.98963012020473,41.14968089603922,40.14134696552676,40.333412170410156,22276000
2022-05-19,PFE,40.01330361509773,40.72553993100283,39.68519464756484,40.533477783203125,19865500
2022-05-20,PFE,41.029639866907644,42.174020538003305,40.91760311076222,41.989959716796875,31250400
2022-05-23,PFE,42.0779940473032,42.97429124676428,41.99796560365392,42.31807327270508,24035800
2022-05-24,PFE,42.182034826512464,42.90227569860389,42.182034826512464,42.74222183227539,26729800
2022-05-25,PFE,42.57415780108505,43.25438277568923,42.45411666308527,42.98229217529297,24003900
2022-05-26,PFE,43.262385874689585,43.950612146969604,43.11833773443327,43.20636749267578,23516300
2022-05-27,PFE,43.15034293086043,43.54247462931285,42.83023835008937,43.14234161376953,21407500
2022-05-31,PFE,42.67018711178306,42.81423525030498,41.56581906737264,42.44611358642578,66058200
2022-06-01,PFE,42.61416226602201,42.638169267876265,41.485787387286116,41.90992736816406,17430600
2022-06-02,PFE,41.90993262770767,42.20603326734084,40.845580357373976,42.158016204833984,21903400
2022-06-03,PFE,41.981955687860754,42.83824010566645,41.981955687860754,42.574153900146484,18125000
2022-06-06,PFE,42.56615111401691,42.990294206501346,42.41410165989473,42.622169494628906,16544400
2022-06-07,PFE,42.638172832203985,43.190358343190795,42.42210063913601,43.18235397338867,15091200
2022-06-08,PFE,43.262386923477955,43.662519977718425,42.74221273185617,42.79022979736328,12789800
2022-06-09,PFE,42.630180252372206,42.93428225895451,41.37376257992273,41.437782287597656,17572700
2022-06-10,PFE,41.06164868403598,41.10966268923846,39.97328645878375,39.98929214477539,23826000
2022-06-13,PFE,39.06898595797594,39.437107586085034,38.180690207663446,38.34074401855469,26989000
2022-06-14,PFE,38.212711093987075,38.78890373553779,37.78857098438629,38.3487548828125,23290300
2022-06-15,PFE,38.316738377094595,39.19702978912151,37.75655154545355,38.82090377807617,25748000
2022-06-16,PFE,38.164686759859954,38.412770333931434,37.66052134722345,37.99663162231445,20424500
2022-06-17,PFE,37.916609563403405,38.43678070895801,37.036315001062334,37.23638153076172,45047700
2022-06-21,PFE,37.86858640689112,38.7648834610169,37.57248884533369,38.500797271728516,19622100
2022-06-22,PFE,38.43678073085008,39.67719565791113,38.228712883064325,39.26905822753906,20382900
2022-06-23,PFE,39.39709784700442,40.14934684592492,39.19703133160051,40.0853271484375,20061700
2022-06-24,PFE,40.53348316052532,41.32574496765588,40.25338816639752,41.28573226928711,24343200
2022-06-27,PFE,41.19769933891056,41.79789892669091,41.02163981627431,41.51780700683594,16154300
2022-06-28,PFE,41.477797857181734,41.589834634700956,40.341418286401286,40.54148483276367,16417900
2022-06-29,PFE,40.59749357968866,41.16568170374857,40.541475204233315,40.76554870605469,13925700
2022-06-30,PFE,41.365748591962664,42.326068406021776,40.885590211319375,41.95794677734375,33495700
2022-07-01,PFE,41.64584340189455,41.90992959463819,41.01363252878543,41.861915588378906,16143300
2022-07-05,PFE,41.413770573436764,41.525807338718344,40.3334125621954,41.325740814208984,18406800
2022-07-06,PFE,41.32573547694166,42.382086345700266,41.27772147103513,42.21403121948242,21305500
2022-07-07,PFE,42.374090631700376,42.846247753102624,42.246048177732284,42.750213623046875,17847600
2022-07-08,PFE,42.454113124824126,43.150343729987064,42.222035238845585,42.55014419555664,11322700
2022-07-11,PFE,42.414102450551745,43.00630069591157,42.21403592955858,42.326072692871094,12921400
2022-07-12,PFE,42.166014575859506,42.238038638200756,41.381754259683944,41.645843505859375,14633500
2022-07-13,PFE,41.50180009007702,41.86192044264345,41.2217051257374,41.44578170776367,12927300
2022-07-14,PFE,40.61350914295131,41.285732864669704,40.51747805492675,41.12567901611328,14023800
2022-07-15,PFE,40.84558059613542,41.54181121630456,40.35741780916676,41.41376876831055,19885700
2022-07-18,PFE,41.58182370136125,41.5898280715056,40.42944167516701,40.613502502441406,15742900
2022-07-19,PFE,40.845582505942076,41.22170549732609,40.501467838473594,41.10966873168945,13402100
2022-07-20,PFE,41.125676603811186,41.18169498960408,40.421441543135046,40.669525146484375,12774400
2022-07-21,PFE,40.469457364319624,40.92560880759766,40.157354066579174,40.909603118896484,15103800
2022-07-22,PFE,41.02164189553602,41.23771412442174,40.773561340453725,40.99763488769531,10932100
2022-07-25,PFE,41.08566058016195,41.51780499508975,41.08566058016195,41.42977523803711,12995800
2022-07-26,PFE,41.48579071594258,42.29405805520276,41.38175527827276,41.853912353515625,16632500
2022-07-27,PFE,41.565810023484204,41.813893553132345,40.96561059449187,41.573814392089844,19203500
2022-07-28,PFE,41.00928909133644,42.20287586305536,39.59795658271577,40.904449462890625,38984900
2022-07-29,PFE,40.77541841510487,40.89638794177839,39.74312727734984,40.73509216308594,25037900
2022-08-01,PFE,40.58185617654889,41.372201977767354,40.444756786957186,40.81573486328125,19709900
2022-08-02,PFE,41.04961808342449,41.509309027997574,40.025393482361025,40.07378005981445,17802000
2022-08-03,PFE,40.154427224713004,40.380239444025065,39.79151253191807,40.210880279541016,16500100
2022-08-04,PFE,40.24314004700295,40.3641095602941,39.686669825897155,40.210880279541016,17026300
2022-08-05,PFE,40.03345681966285,40.2995953010564,39.56570247178151,39.73506164550781,16376600
2022-08-08,PFE,39.83183151363836,40.170552883441644,39.46891685901357,39.97699737548828,16071800
2022-08-09,PFE,40.12217282877971,40.41250462188506,39.93668375573154,40.146366119384766,12095600
2022-08-10,PFE,40.26733264096085,40.364108865219414,39.823771613610006,40.28346252441406,17355100
2022-08-11,PFE,38.8882567285924,39.62214944516803,38.55760183599152,38.94470977783203,44048800
2022-08-12,PFE,39.154402646087355,40.63831836133816,39.154402646087355,40.412506103515625,25835500
2022-08-15,PFE,40.29959514821837,40.380241494507636,39.831837725650104,40.122169494628906,15797800
2022-08-16,PFE,39.82377229938002,40.468952266315014,39.80764241564905,40.210880279541016,12874800
2022-08-17,PFE,40.04152330019892,40.21088247392522,39.71893176089661,39.73506164550781,13607200
2022-08-18,PFE,39.83183217997972,39.936674876727544,39.017293120604805,39.1785888671875,18916300
2022-08-19,PFE,39.388274195737765,39.88022487602091,39.299561374511526,39.638282775878906,15350200
2022-08-22,PFE,39.68667392851863,39.8399063015729,39.307632389269955,39.436668395996094,13601200
2022-08-23,PFE,39.04955754952347,39.130206977032145,38.51728363381057,38.718902587890625,16248900
2022-08-24,PFE,38.630188989612556,38.718898736356124,38.21082123766701,38.25114440917969,15551500
2022-08-25,PFE,38.32372635509929,38.67051115874871,38.12210742630129,38.63018798828125,14460000
2022-08-26,PFE,38.40437726878957,38.678579167662114,37.66242099917037,37.75919723510742,16546700
2022-08-29,PFE,37.40433972931268,37.65434519998675,37.19465434746828,37.28336715698242,13400500
2022-08-30,PFE,37.3720879398052,37.380151343999394,36.93659027825553,36.97691345214844,16303000
2022-08-31,PFE,37.105940539653425,37.33175579683053,36.3962442355546,36.476890563964844,26416800
2022-09-01,PFE,36.404314453026636,37.62209454463829,36.404314453026636,37.60596466064453,19947600
2022-09-02,PFE,37.69468507976914,37.74307166503938,36.71884689851313,36.85594940185547,14667700
2022-09-06,PFE,37.06563081373178,37.45273886807686,36.71884593821114,36.904335021972656,17153500
2022-09-07,PFE,36.85594722210133,37.267248554880105,36.59787519438499,37.20273208618164,15378900
2022-09-08,PFE,37.114010570330045,38.00113257358482,36.99303798967688,37.968875885009766,18271000
2022-09-09,PFE,38.065658348757616,38.702774968664144,37.98500892293722,38.58180236816406,17501700
2022-09-12,PFE,38.7753556497094,38.99310139555846,38.46082752206562,38.51728057861328,13744800
2022-09-13,PFE,38.00920306770645,38.16243235311915,37.114014490410334,37.25111389160156,16603200
2022-09-14,PFE,37.25917998342622,37.42853915129442,36.92045857122902,37.21885681152344,17162500
2022-09-15,PFE,37.18660200623852,37.331767905630656,36.855947030170064,37.04949951171875,15802000
2022-09-16,PFE,37.170467594620995,37.59789875942513,36.80755289032464,37.12207794189453,30629500
2022-09-19,PFE,36.839807184148064,37.001102926139055,36.113977883418805,36.6462516784668,16256200
2022-09-20,PFE,36.2914117677232,36.50916060750487,35.839784202643315,36.10592269897461,15369000
2022-09-21,PFE,36.13817609096244,36.275275478960864,35.404283350041226,35.42041015625,17505200
2022-09-22,PFE,35.2187926724074,36.29140684016222,35.097823162149936,35.94462203979492,18508100
2022-09-23,PFE,35.839778585062206,35.936557882992126,35.146212075328144,35.5494499206543,18871700
2022-09-26,PFE,35.33170184275366,35.751069579706126,35.21879265950976,35.34783172607422,18680200
2022-09-27,PFE,35.66235689442326,35.952688642368955,35.275248922649226,35.55751419067383,21562700
2022-09-28,PFE,36.02527090538874,36.13818009658908,35.662359272715044,35.83171844482422,16532600
2022-09-29,PFE,35.81557915418604,35.98493828181674,35.44460113848259,35.61396026611328,13559900
2022-09-30,PFE,35.62203681131891,35.97688815418954,35.267188544909494,35.2913818359375,22962300
2022-10-03,PFE,35.54138249005302,35.710741642208404,35.07362820174854,35.597835540771484,22834300
2022-10-04,PFE,35.686552085033256,36.1623729025588,35.55751608755824,35.85591125488281,28198800
2022-10-05,PFE,35.58171463012695,35.78333359823403,35.22686635378458,35.58171463012695,15673400
2022-10-06,PFE,35.29137095912725,35.30750084032842,34.71071061818618,34.751033782958984,22068200
2022-10-07,PFE,34.71878918010397,34.71878918010397,33.80747049131266,34.130062103271484,20095000
2022-10-10,PFE,34.154248625416486,34.37199745884494,33.67036437988281,33.67036437988281,17888000
2022-10-11,PFE,33.597774659825966,34.3316673608776,33.42841551568952,33.807456970214844,20981200
2022-10-12,PFE,33.944561217755854,34.79136005956597,33.80745875351316,33.89617156982422,18803600
2022-10-13,PFE,33.67842542897604,34.8074926915447,33.63003885368305,34.66232681274414,23135200
2022-10-14,PFE,34.58974504627939,34.984919524517,34.1623138755729,34.5655517578125,16980500
2022-10-17,PFE,34.831682283798536,35.331699402823695,34.831682283798536,35.20266342163086,16678400
2022-10-18,PFE,35.525254423910816,35.7752630016331,35.178469622360204,35.55751419067383,18442800
2022-10-19,PFE,35.412349934830104,35.54138593131761,34.46877478735163,34.76716995239258,23054700
2022-10-20,PFE,34.89620101336214,35.00910710976231,34.533286363175584,34.60586929321289,17715000
2022-10-21,PFE,34.92846739217976,36.420446365396096,34.6703953868284,36.2510871887207,36575700
2022-10-24,PFE,36.355931498033144,36.99304505869937,36.28334855106343,36.72690963745117,24972000
2022-10-25,PFE,36.50915519576302,36.95271621410516,36.20269356929764,36.76722717285156,23127000
2022-10-26,PFE,37.033365376164525,37.622095387513504,36.791423263759405,37.14627456665039,21407900
2022-10-27,PFE,36.944655724397805,37.1865978374414,36.83981301404326,36.88820266723633,20377700
2022-10-28,PFE,37.081753976547425,38.32372734848681,37.04143080503476,38.25114440917969,27854000
2022-10-31,PFE,37.96888093824791,38.218886459395314,37.53338328168923,37.541446685791016,29961700
2022-11-01,PFE,38.710839183370304,39.04955754952347,38.22695492416261,38.718902587890625,30614500
2022-11-02,PFE,38.52534910155636,38.847937573723556,37.864039195683446,37.9608154296875,25813100
2022-11-03,PFE,37.70866392383482,38.06655348645517,37.54598572161515,37.87947463989258,20124600
2022-11-04,PFE,38.611523390719384,38.66846029370117,37.91200932228199,38.40817642211914,24528500
2022-11-07,PFE,38.35937755448843,38.75793903556257,38.02588860209127,38.30244064331055,20304400
2022-11-08,PFE,38.26176396145721,38.83926857145343,38.0258807479675,38.513912200927734,18054500
2022-11-09,PFE,38.35938117969023,38.63593324704541,37.98522341292418,38.00149154663086,15348100
2022-11-10,PFE,38.660321127596404,38.83926743643895,38.10721717556327,38.53831481933594,20480600
2022-11-11,PFE,38.286171452104526,38.798606741359926,37.66799796091728,38.71726608276367,20909800
2022-11-14,PFE,39.034485106337534,40.52298328962022,38.98568071729458,40.05121994018555,26143000
2022-11-15,PFE,40.132553629228525,40.28709619210442,39.18902391819909,39.50624465942383,25440500
2022-11-16,PFE,39.69332330979681,39.90480587159972,39.083282470703125,39.083282470703125,15822200
2022-11-17,PFE,38.879937498148536,39.449309597440134,38.660322412586275,39.31103515625,13231100
2022-11-18,PFE,39.5631870971995,39.71773278454752,38.936878039680956,39.229698181152344,20666500
2022-11-21,PFE,39.12395336317974,39.27036342073607,38.81486822196378,39.18902587890625,14736000
2022-11-22,PFE,39.31916934556983,40.059352175356686,39.237831800558354,39.921077728271484,16358600
2022-11-23,PFE,39.82345903982102,40.034941568743776,39.46556958688024,39.733985900878906,10710800
2022-11-25,PFE,39.799069705485,40.03495293826125,39.725864671272674,40.026817321777344,6760200
2022-11-28,PFE,40.002412734514664,40.45791102502453,39.904807066129784,40.31963348388672,20704000
2022-11-29,PFE,40.26269489044096,40.40096932292942,39.937338539083925,40.25456237792969,17160900
2022-11-30,PFE,40.376573616310736,40.7751350402832,39.888542132469176,40.7751350402832,35572700
2022-12-01,PFE,40.92154256533053,41.61292097498565,40.897138820673646,41.5478515625,23592600
2022-12-02,PFE,41.124895690579635,41.75120478170157,41.05982316550416,41.40958023071289,16881600
2022-12-05,PFE,41.409574578871734,41.50718025033433,40.95407627399905,41.26316452026367,17959800
2022-12-06,PFE,41.2143614285612,41.3607714917712,40.002415253224285,40.433509826660156,21787100
2022-12-07,PFE,40.466043557706215,41.60478773312473,40.466043557706215,40.86460494995117,15929900
2022-12-08,PFE,40.81580990853113,42.190434505460786,40.68566795321725,42.11722946166992,26116800
2022-12-09,PFE,42.092821052644,42.97941392936355,41.995215379864604,42.06842041015625,19933500
2022-12-12,PFE,42.39377142142553,42.77606468172124,42.09281880312264,42.426307678222656,18532200
2022-12-13,PFE,43.19089310447663,43.95547966062335,43.011949889427534,43.1664924621582,29461800
2022-12-14,PFE,43.2234261856326,44.679391058292765,43.02821485577751,44.3133659362793,36260300
2022-12-15,PFE,43.97988201133252,44.27270214184169,43.43491362619594,43.6057243347168,21627100
2022-12-16,PFE,43.117691729307495,43.223433026363836,41.80813980102539,41.80813980102539,65689500
2022-12-19,PFE,41.90574236511466,42.141625586072685,41.23876457696524,41.77560043334961,16081900
2022-12-20,PFE,41.653587912469,41.8976036285006,41.35263529945764,41.74306106567383,12433800
2022-12-21,PFE,41.978946402405846,42.42630908833648,41.64545751622173,42.019615173339844,12925000
2022-12-22,PFE,41.81626666786827,42.05214987451309,41.44210902460089,42.00334548950195,14822300
2022-12-23,PFE,41.93827524587909,42.255495985079335,41.67799140331334,42.15789031982422,10666500
2022-12-27,PFE,42.18229278551928,42.23922968461725,41.523447535177844,41.58852005004883,12033800
2022-12-28,PFE,41.523449656769564,41.80000165344478,41.27943391919225,41.32010269165039,10053900
2022-12-29,PFE,41.49904647659202,42.02774669187986,41.47464583517469,41.751197814941406,8971300
2022-12-30,PFE,41.718662545348366,41.80813570310083,41.279432372469884,41.67799377441406,11396200
2023-01-03,PFE,41.4909126819433,41.751199647408,41.33637010813686,41.69425964355469,15603800
2023-01-04,PFE,40.90527697616285,41.181828977760674,40.278967940108124,40.7751350402832,21808400
2023-01-05,PFE,40.44977824155814,40.66126082449928,39.790932952465546,40.39284133911133,20057400
2023-01-06,PFE,40.65312211630567,41.97080949144343,40.31150072760738,41.41770553588867,29635900
2023-01-09,PFE,40.710068142526296,40.880878875175014,39.29477478225275,39.35984420776367,30839100
2023-01-10,PFE,39.32730476224248,39.42491354685627,38.53832058833407,38.7335319519043,29212000
2023-01-11,PFE,38.79860378215783,38.83114004311476,38.11535781620532,38.59525680541992,23022200
2023-01-12,PFE,38.448838874157154,38.81486397802756,37.88760245010787,38.80672836303711,23345300
2023-01-13,PFE,38.635920219012256,39.172756038994876,38.62778770631582,38.92060470581055,18737500
2023-01-17,PFE,37.85506889762031,38.01774707793216,37.179955535316026,37.48091125488281,29391400
2023-01-18,PFE,37.049817859184174,37.293833606212864,36.57805449530586,36.602455139160156,33835000
2023-01-19,PFE,36.37470063724551,36.822063272591976,36.30962812884633,36.56991195678711,26614900
2023-01-20,PFE,36.83019948884106,36.95220890294636,36.38283680850211,36.691925048828125,25197600
2023-01-23,PFE,36.63498602400101,36.86273360743283,36.45603972111709,36.586181640625,19398600
2023-01-24,PFE,36.53738405308434,36.56178780072542,35.911078082155946,36.366573333740234,18853100
2023-01-25,PFE,36.626857049064114,36.69192957202964,36.26896748123974,36.659393310546875,20828000
2023-01-26,PFE,36.28179570124287,36.36387995793682,35.79749107159579,36.322837829589844,38465500
2023-01-27,PFE,36.298219466130604,36.39672121748775,35.93704115896403,35.94525146484375,23798600
2023-01-30,PFE,35.94525187553723,36.232549958325706,35.62511883148315,35.74824523925781,24402200
2023-01-31,PFE,35.29677057714314,36.34746414114,35.0505146644956,36.24896240234375,49722500
2023-02-01,PFE,36.04374988255555,36.26538115109638,35.633322303327496,36.09300231933594,24482300
2023-02-02,PFE,35.81390316580113,36.49521116162777,35.70719114308857,36.39670944213867,35279200
2023-02-03,PFE,36.413129815866824,36.43775446487099,36.019119775232845,36.166873931884766,23742000
2023-02-06,PFE,36.27358792939225,36.36388249684812,35.89599531213488,35.92061996459961,18071200
2023-02-07,PFE,35.96987082427951,36.03554073639233,35.50198366007381,35.78107452392578,22999500
2023-02-08,PFE,35.74824355912106,36.19971329570465,35.73182607925986,36.10121154785156,19362300
2023-02-09,PFE,36.21612890954832,36.38851087355196,35.493778620758945,35.575862884521484,20809200
2023-02-10,PFE,35.70720104071337,36.10121115919804,35.510194415814006,36.019126892089844,18619600
2023-02-13,PFE,35.854954543079984,36.12583512442467,35.71540753407926,36.10942077636719,17878000
2023-02-14,PFE,36.19150238300881,36.28179694726132,35.77286764939074,35.887786865234375,17506900
2023-02-15,PFE,35.64152868899515,35.797493169693894,35.38706559954159,35.559444427490234,18994700
2023-02-16,PFE,35.419893668294435,35.4445183156942,35.10796789887337,35.25572204589844,17832000
2023-02-17,PFE,35.206480930215434,35.60049107175752,34.952017808500436,35.469154357910156,18293400
2023-02-21,PFE,35.14080878532672,35.23931052287716,34.98484430861526,35.050514221191406,17356600
2023-02-22,PFE,35.06693267042478,35.206476541542735,34.73038218743656,34.787841796875,17394200
2023-02-23,PFE,34.71396460982827,35.09155722257929,34.656505000553715,34.722171783447266,21104300
2023-02-24,PFE,34.50054080103117,34.51695827971677,34.07369574914724,34.27070236206055,16806100
2023-02-27,PFE,34.016240196582146,34.254288968945005,33.43343372464348,33.4744758605957,26370300
2023-02-28,PFE,33.24462627908013,33.417005071234264,32.90807586669259,33.302085876464844,31086900
2023-03-01,PFE,33.293886131525376,33.458054657067215,32.94912533899693,32.98196029663086,21104400
2023-03-02,PFE,32.88346270875352,33.474476364249256,32.67824889459051,33.3431396484375,19110600
2023-03-03,PFE,33.581187791826395,33.802819082705376,33.441643903854946,33.778194427490234,20922000
2023-03-06,PFE,33.72893622095496,33.86848008507623,33.507304967956145,33.74535369873047,19434800
2023-03-07,PFE,33.704317095034106,33.76177671101078,32.916293689198994,33.11330032348633,23205800
2023-03-08,PFE,33.09688040147724,33.30209419520233,32.760329905020654,32.932708740234375,16756100
2023-03-09,PFE,33.170754594154516,33.302091285410384,32.267815233184635,32.39094161987305,18585100
2023-03-10,PFE,32.25140419018568,32.776751060026726,32.20215174689521,32.33348846435547,26328100
2023-03-13,PFE,32.226769129808325,33.25283798193474,32.226769129808325,32.71928405761719,35299400
2023-03-14,PFE,32.87524353347426,32.95733091578228,32.44019136683887,32.75211715698242,24583600
2023-03-15,PFE,32.637199892019844,33.269258743072896,32.39094396946625,33.06404495239258,25498400
2023-03-16,PFE,32.88345729600335,33.23642524876892,32.60436642942857,33.13792037963867,21095900
2023-03-17,PFE,33.351345642270545,33.4826823411007,32.825998846949936,32.916290283203125,57457800
2023-03-20,PFE,32.94912515376744,33.540141862600045,32.78495349783462,33.49909973144531,20825400
2023-03-21,PFE,33.54014824969626,33.581190388666705,33.08867845839241,33.3759765625,19982000
2023-03-22,PFE,33.40879918154017,33.5319255529559,32.825992882091064,32.8424072265625,15444200
2023-03-23,PFE,32.97374999156542,33.244633695074484,32.83420611859208,32.98196029663086,16958100
2023-03-24,PFE,32.908082919201476,33.21179844636876,32.72749378511147,33.15433883666992,17218100
2023-03-27,PFE,33.2774667796549,33.34313355991274,32.809579619305545,33.014793395996094,20262800
2023-03-28,PFE,32.998379050893064,33.08046331683668,32.71928816284512,32.82600021362305,13537500
2023-03-29,PFE,32.965543989896894,33.055838560943656,32.8260001119621,33.03942108154297,14429500
2023-03-30,PFE,33.178957613675436,33.236420344512624,33.03941376663557,33.14612579345703,12634500
2023-03-31,PFE,33.285672917923016,33.515514469962824,33.06404167023122,33.49088668823242,23393600
2023-04-03,PFE,33.40059563900752,34.04086479896454,33.36776381210544,33.942359924316406,20817200
2023-04-04,PFE,34.016242267191664,34.09011936892836,33.45806041658429,33.57298278808594,19514500
2023-04-05,PFE,33.89310828475756,34.656503788493836,33.79460341689151,34.106529235839844,29697600
2023-04-06,PFE,34.41845485413691,34.55799871916302,33.95877486738308,34.065486907958984,25931800
2023-04-10,PFE,33.77819332367776,34.26249802540614,33.75356553795317,34.25428771972656,15137300
2023-04-11,PFE,34.31174645027705,34.467710941029594,34.229662183480805,34.30353927612305,15304100
2023-04-12,PFE,34.17219864591216,34.30353533649106,33.876690309281216,33.95877456665039,17035100
2023-04-13,PFE,34.09011234057048,34.229659340109144,33.90131603757071,34.040863037109375,22880900
2023-04-14,PFE,34.073697119060654,34.23786878120319,33.59760274329271,33.8110237121582,20627500
2023-04-17,PFE,33.75356585773818,33.88490256802844,33.622229147447925,33.802818298339844,17608600
2023-04-18,PFE,33.88490280410666,33.925948070551094,33.269261383210456,33.28567886352539,18541500
2023-04-19,PFE,33.18717703337123,33.29388908950533,32.998380707173474,33.03121566772461,17214300
2023-04-20,PFE,32.89987425965826,32.99016569131153,32.661825526620454,32.71107482910156,20131600
2023-04-21,PFE,32.908078624912434,33.08045743151465,32.76032446744954,33.0065803527832,19227100
2023-04-24,PFE,32.990164807757566,32.998375112160346,32.59615474189254,32.76032638549805,17633700
2023-04-25,PFE,32.628994593081515,32.76853847573184,32.243191642413244,32.284236907958984,24492400
2023-04-26,PFE,32.14468893446656,32.169313588007654,31.52084037135131,31.709636688232422,22401400
2023-04-27,PFE,31.701419993524766,31.87380192751149,31.446956941382258,31.799924850463867,22434000
2023-04-28,PFE,31.767098096733022,31.939476943894583,31.701428175158597,31.923059463500977,21015300
2023-05-01,PFE,32.01335494314146,32.44020005147439,31.898435708458415,32.185733795166016,23917800
2023-05-02,PFE,32.25140314102373,32.93271136214964,31.70963880770986,32.06260681152344,38834100
2023-05-03,PFE,32.17752145406296,32.33348280019005,31.48800302535755,31.561880111694336,27721900
2023-05-04,PFE,31.332039906341816,31.545464001151835,31.208913511318126,31.38129234313965,23675100
2023-05-05,PFE,31.504431965092643,31.602933738939335,31.266383141257773,31.5947265625,19225100
2023-05-08,PFE,31.627548657606322,31.791720317659028,31.47979447669028,31.742467880249023,20101700
2023-05-09,PFE,31.586509704589844,31.742471075114675,31.51263260669613,31.586509704589844,15987900
2023-05-10,PFE,31.742464819815346,31.783510079356642,31.258163322890194,31.438749313354492,15858200
2023-05-11,PFE,31.198127684893606,31.239617090656434,30.874530577206038,31.181535720825195,28566400
2023-05-12,PFE,31.206429486978998,31.297701123106435,30.891128334501726,30.99069595336914,16541300
2023-05-15,PFE,30.949210619783642,30.998996013280777,30.708585965677266,30.83304786682129,16650400
2023-05-16,PFE,30.716882979392086,30.89942624433265,30.55923399206904,30.70858383178711,25451700
2023-05-17,PFE,30.683684732954433,30.74176609028209,30.293707192157353,30.49284553527832,23206400
2023-05-18,PFE,30.459666707603702,30.51774808671443,30.011607641437152,30.268827438354492,27772400
2023-05-19,PFE,30.4098813889336,31.239618909338912,30.302014625025624,30.509449005126953,33068300
2023-05-22,PFE,30.584121476142336,32.251892279579316,30.49284985450006,32.15232467651367,85718600
2023-05-23,PFE,31.986378876608345,33.30566158221338,31.53002390056073,32.89079284667969,75379500
2023-05-24,PFE,33.27246911224967,33.305659368533696,32.02786298837204,32.052757263183594,39326400
2023-05-25,PFE,31.953186036802432,31.953186036802432,31.239614528095554,31.388967514038086,30266600
2023-05-26,PFE,31.563208471747934,31.89510150125348,31.164934937223265,31.198122024536133,20234600
2023-05-30,PFE,30.998993859210497,30.998993859210497,30.63390732932937,30.70858383178711,24371100
2023-05-31,PFE,30.783257425476,31.712565627181835,30.592418196160633,31.54661750793457,46166300
2023-06-01,PFE,31.629589984959647,31.704266480361063,31.281101783217792,31.54661750793457,20256100
2023-06-02,PFE,31.73746560955003,32.077657924769966,31.662789093272583,31.828737258911133,22736400
2023-06-05,PFE,31.928301790773478,32.37636084491475,31.920005807636503,32.069358825683594,18392200
2023-06-06,PFE,32.202111188071825,32.24359742703523,31.77064733941868,31.837024688720703,19508200
2023-06-07,PFE,31.820427080584928,32.40954302266993,31.637887010330395,32.26848602294922,25295100
2023-06-08,PFE,32.39295817858957,32.51741692529156,32.13573837108882,32.434444427490234,17347600
2023-06-09,PFE,32.5920821230628,32.84930184125404,32.251889935879184,32.33486557006836,19775100
2023-06-12,PFE,32.36806016371333,33.247583098872326,32.35146819822513,33.106529235839844,28334600
2023-06-13,PFE,32.91568127176079,33.49649808714803,32.73314119535686,33.42182159423828,26533800
2023-06-14,PFE,33.45501352660254,33.47160865532492,32.62527608166657,32.65846633911133,22056400
2023-06-15,PFE,32.699952436791904,33.04844380805925,32.59208568316187,32.98206329345703,19905900
2023-06-16,PFE,33.07333638670531,33.488205125795545,33.06503723941302,33.23928451538086,60338600
2023-06-20,PFE,32.948878236197025,33.081636121156365,32.63358023766714,32.641876220703125,26881200
2023-06-21,PFE,32.52571124050598,32.558901500773224,32.16062470796112,32.276790618896484,17982900
2023-06-22,PFE,32.309974846551455,32.35146425080217,31.870215015228823,32.1357307434082,18039800
2023-06-23,PFE,32.11912853568463,32.25188637051446,31.762341261105114,31.7789363861084,23492200
2023-06-26,PFE,30.716879353509782,30.741770462991695,30.003304673189277,30.609012603759766,56135500
2023-06-27,PFE,30.66709314475528,30.700283399970086,30.10287146689143,30.21903419494629,32414900
2023-06-28,PFE,30.285417739298403,30.31860799783813,29.89544011444979,30.111173629760742,30062000
2023-06-29,PFE,29.862246371136933,30.053085567446818,29.67140400963049,29.970109939575195,26284900
2023-06-30,PFE,30.044789195406302,30.492848131682347,29.98670783313313,30.43476676940918,30867900
2023-07-03,PFE,30.285415897742386,30.48455427167453,30.160954018385162,30.40987777709961,14115800
2023-07-05,PFE,30.35179664619136,30.71687997516859,30.194144509089867,30.252225875854492,26829400
2023-07-06,PFE,30.036497242155907,30.094578612217422,29.55524798713504,29.563547134399414,30177300
2023-07-07,PFE,29.472275764686167,29.67971013535665,29.33121874672764,29.480571746826172,22903300
2023-07-10,PFE,29.513762244247673,29.878845600106516,29.488871132429235,29.60503387451172,17777500
2023-07-11,PFE,29.57183730179305,29.90373349276761,29.555242175724658,29.88713836669922,17731300
2023-07-12,PFE,30.036495381126848,30.077981619286447,29.804166750078345,29.86225128173828,17229700
2023-07-13,PFE,29.878850171375806,30.169260236210185,29.804173659298144,29.920339584350586,16664400
2023-07-14,PFE,30.119475119160555,30.27712729345241,29.87885044854508,30.136070251464844,17915100
2023-07-17,PFE,29.97011149306496,29.97011149306496,29.688000674071464,29.75438117980957,20557300
2023-07-18,PFE,29.804166100432344,30.26882018720413,29.7709790097463,30.069684982299805,22808300
2023-07-19,PFE,30.15265946271864,30.451365455143588,30.04479270652136,30.235631942749023,18589700
2023-07-20,PFE,30.202447008832273,30.758369628209053,30.16925674836867,30.509449005126953,22358400
2023-07-21,PFE,30.53433455807185,31.05706998700089,30.53433455807185,31.03217887878418,24149700
2023-07-24,PFE,31.040480653917236,31.364077781925758,31.007290393301624,31.12345314025879,19414700
2023-07-25,PFE,31.032181427245174,31.297697154017992,30.741771425014374,30.750070571899414,21771000
2023-07-26,PFE,30.59242181307007,30.99069544723271,30.501150178433274,30.87453269958496,20983700
2023-07-27,PFE,30.916477676860314,31.05071463522251,30.354361413862854,30.37114143371582,25346300
2023-07-28,PFE,30.49698739861446,30.58088749957588,30.2201250665958,30.262073516845703,24054100
2023-07-31,PFE,30.354363831582386,30.362752241946236,30.13622675658078,30.253686904907227,40265200
2023-08-01,PFE,30.102664128961276,30.975202659881276,29.67478167202229,29.87613868713379,40931600
2023-08-02,PFE,29.892925681303062,30.111059564824348,29.599280099089032,29.658008575439453,34301600
2023-08-03,PFE,29.515372026623144,29.59926890383109,29.297235025145348,29.364355087280273,25676500
2023-08-04,PFE,29.322411291811804,29.649613645379514,29.079105828736914,29.381139755249023,25746500
2023-08-07,PFE,29.372748445378104,30.07749321427082,29.280463145079644,29.93486785888672,31069100
2023-08-08,PFE,30.51376627910668,30.51376627910668,29.691564523163947,29.901309967041016,25225500
2023-08-09,PFE,29.867753809865615,30.25368790911057,29.792245312237462,30.069110870361328,17210500
2023-08-10,PFE,30.052326461452513,30.278851921267854,29.86774944964858,29.968429565429688,18955200
2023-08-11,PFE,29.88453390239771,30.438261819495118,29.859365469949346,30.236907958984375,16609400
2023-08-14,PFE,30.052328065134567,30.631224359691124,30.052328065134567,30.262073516845703,20295500
2023-08-15,PFE,30.102663171133102,30.127831597048267,29.66639231932409,29.691560745239258,20484300
2023-08-16,PFE,29.48181686004487,29.909699325603693,29.355971523468522,29.767070770263672,22215600
2023-08-17,PFE,29.86775037935505,30.807412286459392,29.859361969676232,30.631223678588867,31113600
2023-08-18,PFE,30.580890832896934,30.91648167193723,30.471822289989408,30.757076263427734,24145100
2023-08-21,PFE,30.799018705193046,31.201729553695184,30.740290239815316,31.05071258544922,28496500
2023-08-22,PFE,31.05071021714912,31.168170339406988,29.968426294549424,30.908084869384766,18524100
2023-08-23,PFE,31.117838735730974,31.15139877977359,30.67317935378315,30.757076263427734,19370900
2023-08-24,PFE,30.606051704918677,30.740288647465906,30.253680930905137,30.33757781982422,19380800
2023-08-25,PFE,30.320796846662635,30.78223612210183,30.16977989099729,30.522153854370117,16421300
2023-08-28,PFE,30.572495381315846,30.639615460969843,30.22851297424299,30.37952995300293,15101900
2023-08-29,PFE,30.421472684674875,30.99198045265761,30.203338867721925,30.329187393188477,21076500
2023-08-30,PFE,30.354359664259437,30.413088130128987,30.052325725238134,30.11944580078125,16833000
2023-08-31,PFE,30.153001847945536,30.194953494291337,29.68317413330078,29.68317413330078,27919500
2023-09-01,PFE,29.901315168315413,30.25368923956363,29.867755123346623,30.01877212524414,17522500
2023-09-05,PFE,30.169781866391602,30.44664737005978,29.658002505401047,29.68317413330078,25856100
2023-09-06,PFE,29.58249532954813,29.59927534873552,28.743513572947133,28.83580207824707,35370200
2023-09-07,PFE,28.919702544662904,29.062327908890712,28.558940128665977,28.76029396057129,26777700
2023-09-08,PFE,28.718350287865896,28.8525872649455,28.56733328859359,28.735130310058594,19467700
2023-09-11,PFE,28.726739454145193,28.77707631597693,28.13945152923511,28.47504234313965,27574400
2023-09-12,PFE,28.50021477508637,28.701568628992767,28.315637741954006,28.65123176574707,17987200
2023-09-13,PFE,28.70156409942483,29.045546479318965,28.525378704946167,28.592498779296875,23853300
2023-09-14,PFE,28.72674026107742,28.84419720926645,28.508603185473387,28.65123176574707,23759900
2023-09-15,PFE,28.575719943250807,28.877750688943962,28.365974502916952,28.584108352661133,58063800
2023-09-18,PFE,28.626055648027204,28.626055648027204,28.055547817253302,28.223344802856445,25421900
2023-09-19,PFE,28.147834766222395,28.533765571491895,28.122666339932117,28.51698875427246,30323300
2023-09-20,PFE,28.592501832081894,28.600890242040702,28.147839293185644,28.206567764282227,24651400
2023-09-21,PFE,28.080721707007573,28.18139862629343,27.543773870200923,27.560550689697266,26980600
2023-09-22,PFE,27.75351705471162,27.76190546377542,27.26690611701727,27.426311492919922,28570800
2023-09-25,PFE,27.426315013833957,27.669620513916016,27.191401124354293,27.669620513916016,19443700
2023-09-26,PFE,27.451485932664458,27.65283977543174,27.149451968051903,27.183012008666992,26015500
2023-09-27,PFE,27.208179998282215,27.266908468176748,26.763519068718097,26.93131446838379,26430100
2023-09-28,PFE,26.897755613810542,27.11588945701203,26.654450142210212,26.922924041748047,28197600
2023-09-29,PFE,27.14106229645813,27.87936724042194,27.09911384292354,27.82902717590332,42421400
2023-10-02,PFE,27.644452118298833,28.49182236390413,27.48504352126709,28.47504234313965,44620600
2023-10-03,PFE,28.39114629483304,28.617671781283253,28.28207775680994,28.441486358642578,31059900
2023-10-04,PFE,28.47503787375432,28.592498000669398,27.69478463321224,27.946481704711914,23722300
2023-10-05,PFE,28.063940882012705,28.34080320222218,27.728346893404556,28.080720901489258,21279400
2023-10-06,PFE,28.122669760120385,28.15622979956297,27.74512731754511,27.795467376708984,23760400
2023-10-09,PFE,27.736737708604483,28.080720096863697,27.49343223385833,27.85419464111328,17468100
2023-10-10,PFE,27.753521879818173,28.021995822993766,27.694790204315524,27.82902717590332,19212100
2023-10-11,PFE,27.887753133284807,27.963261614349506,27.535379154829148,27.778684616088867,24221200
2023-10-12,PFE,27.778690373229107,27.870978891486246,27.493436407916985,27.619281768798828,21809900
2023-10-13,PFE,27.636056136721184,27.678007782228107,26.86419450640412,26.9397029876709,32388100
2023-10-16,PFE,27.543772987013796,28.458260041934903,27.317247525537955,27.91292381286621,63317400
2023-10-17,PFE,27.686397581610063,27.845802960974453,27.015212825784516,27.476652145385742,40015800
2023-10-18,PFE,27.30046530253848,27.417922228535367,26.335635066773424,26.352415084838867,30307600
2023-10-19,PFE,26.32725017424802,26.4279287019762,25.932929274460395,26.167844772338867,26880300
2023-10-20,PFE,26.05877466694103,26.10072471773471,25.572165279350028,25.714792251586914,39407900
2023-10-23,PFE,25.81547044344419,26.335638264793694,25.614115002899467,25.87419891357422,29412100
2023-10-24,PFE,25.907758999307266,26.033607557844032,25.437929608190924,25.53021812438965,26923800
2023-10-25,PFE,25.55538447597462,26.008435409279286,25.354029039027246,25.781909942626953,28857900
2023-10-26,PFE,25.681236003278002,26.31886242769105,25.588947483885168,26.142675399780273,27162700
2023-10-27,PFE,26.058771393008886,26.117499856510786,25.186231249123768,25.26173973083496,33877100
2023-10-30,PFE,25.3708097937137,25.739962238925358,25.261742862294543,25.63089370727539,33063500
2023-10-31,PFE,25.412758366751284,25.857417676947616,24.917758998614044,25.6392822265625,42648200
2023-11-01,PFE,25.639282356346765,26.07555325932537,25.563773869283903,25.597333908081055,23568300
2023-11-02,PFE,25.5973334910079,25.714790424422674,25.345638004822472,25.588943481445312,29640900
2023-11-03,PFE,25.92453618234143,26.335637054591086,25.874197724576153,26.22657012939453,28071000
2023-11-06,PFE,26.276909376746474,26.35241786577868,25.974875420617646,26.159452438354492,27381200
2023-11-07,PFE,26.075552741166554,26.33563663575333,25.916145760509185,26.21817970275879,18086400
2023-11-08,PFE,25.941316557884054,26.260128928416176,25.630892596902395,25.857418060302734,29398300
2023-11-09,PFE,25.92544290919988,25.942449164687,25.19419014131149,25.236705780029297,28737700
2023-11-10,PFE,25.296224235750365,25.355744503874988,24.684013678432667,25.0666446685791,33844100
2023-11-13,PFE,24.947604661731248,24.964610916357927,24.598984550912835,24.641498565673828,35519900
2023-11-14,PFE,24.73503152961775,25.26221245254857,24.650001877653054,24.879581451416016,40084300
2023-11-15,PFE,24.837066187538024,25.806401639604047,24.837066187538024,25.67035484313965,43614600
2023-11-16,PFE,25.73837714074896,25.891430185677997,25.058141565709413,25.313230514526367,32407200
2023-11-17,PFE,25.440773010253906,25.51729952920572,25.28771997235028,25.440773010253906,27009200
2023-11-20,PFE,25.423769279881178,25.627839476736664,25.304728737166915,25.491792678833008,26335700
2023-11-21,PFE,25.525804419794763,25.814904262077224,25.304727974413723,25.763885498046875,25988700
2023-11-22,PFE,25.84041168724834,26.001967860971668,25.627838371961847,25.78089141845703,19226800
2023-11-24,PFE,25.831906896438923,26.104002084799415,25.831906896438923,25.933942794799805,11129700
2023-11-27,PFE,26.146519484193178,26.146519484193178,25.534308880120694,25.627840042114258,26066700
2023-11-28,PFE,25.60233005973465,25.60233005973465,25.20269119766227,25.245206832885742,29497700
2023-11-29,PFE,25.313231813208006,25.69586282335561,25.279219302898483,25.57682228088379,26185200
2023-11-30,PFE,25.772390922950652,25.942450241267558,25.474787926798992,25.908437728881836,45356600
2023-12-01,PFE,24.63299307406732,24.998619404419323,24.063296573199082,24.58197593688965,103624000
2023-12-04,PFE,24.67551470923271,25.202695705859412,24.67551470923271,24.896591186523438,47410400
2023-12-05,PFE,24.837065411185748,25.16868088628217,24.71802487345178,24.735031127929688,39853000
2023-12-06,PFE,24.73503156356443,24.998622025391597,24.420422337405,24.479944229125977,33410500
2023-12-07,PFE,24.50545304960782,24.573476449854525,24.233359448621,24.343896865844727,35782900
2023-12-08,PFE,24.36090033518518,24.63299390505247,24.30988319628646,24.471439361572266,31890700
2023-12-11,PFE,24.471440075344486,24.49694783463504,24.18234024347675,24.352397918701172,37833900
2023-12-12,PFE,24.335394574748218,24.539464768904306,24.105814998145465,24.301382064819336,48587500
2023-12-13,PFE,22.345706804367865,22.728337787115265,21.90355393284116,22.6688175201416,158100700
2023-12-14,PFE,22.75384625413135,23.23000999260158,22.116126353360197,22.21816062927246,101889800
2023-12-15,PFE,22.21816201254325,22.94941472993203,22.175647998567207,22.643308639526367,138388400
2023-12-18,PFE,22.88989348947447,23.213004198664137,22.719834197181633,23.008934020996094,63329400
2023-12-19,PFE,23.19600223923364,24.012283043947512,23.187499111458813,23.944259643554688,70094700
2023-12-20,PFE,23.969768160020738,24.029288430486204,23.47659811955665,23.493602752685547,56184300
2023-12-21,PFE,23.689171138963165,24.114317776077044,23.621147741897172,24.071802139282227,51056600
2023-12-22,PFE,24.182341290729166,24.47994426251711,23.961264843738284,24.14832878112793,35162300
2023-12-26,PFE,24.173837996015923,24.258867647624786,24.02078494748111,24.156831741333008,30119100
2023-12-27,PFE,24.207850682960036,24.42892714485354,24.0718038789957,24.326892852783203,35000700
2023-12-28,PFE,24.326891179740617,24.684014421037883,24.301381797574482,24.479944229125977,30472900
2023-12-29,PFE,24.471441101737266,24.547967626429944,24.26737090982536,24.479944229125977,30363100
2024-01-02,PFE,24.556469065675266,25.74688094798749,24.51395505065228,25.279218673706055,57948700
2024-01-03,PFE,25.508798247163902,25.542810756626864,25.00712508522522,25.279218673706055,43426500
2024-01-04,PFE,25.330237060210905,25.46628385242278,24.684013986301657,24.735031127929688,45558200
2024-01-05,PFE,24.675508837454707,25.075146054110014,24.445929286228964,25.05813980102539,33612800
2024-01-08,PFE,24.964608446313335,25.23670200619595,24.803052286955953,25.15167236328125,32972100
2024-01-09,PFE,25.168682204360767,25.389758658734213,24.9305994946188,24.99862289428711,39856900
2024-01-10,PFE,24.964610747116854,24.990118507078247,24.556468747871953,24.650001525878906,37413300
2024-01-11,PFE,24.51395515031263,24.590481675109693,24.03779136853535,24.14832878112793,46884700
2024-01-12,PFE,24.19934388314376,24.607485854913932,24.18233925158276,24.40341567993164,30373500
2024-01-16,PFE,24.31838972467512,24.420424016744896,23.995277348907237,24.080307006835938,38826000
2024-01-17,PFE,23.944255995131535,24.258865187639476,23.748688951526745,23.935752868652344,33312600
2024-01-18,PFE,23.84222300189606,23.918747900708937,23.468093525739523,23.884737014770508,50321100
2024-01-19,PFE,23.833719950014082,24.131321284683644,23.748690302191793,24.046293258666992,35549300
2024-01-22,PFE,24.08030526664119,24.335394221992946,23.748691408670194,24.071802139282227,41663900
2024-01-23,PFE,24.182342696986584,24.360903517359628,23.935756853455253,24.173839569091797,33466700
2024-01-24,PFE,24.26737048814107,24.47144067650693,24.088808059692383,24.088808059692383,42720700
2024-01-25,PFE,24.011128708579996,24.09743791263162,23.69178679366347,23.709047317504883,47605500
2024-01-26,PFE,23.847141385503022,24.088806827605342,23.614108674638125,23.709047317504883,47073800
2024-01-29,PFE,23.752202409689524,23.847141051225478,23.570952919100666,23.71767807006836,67082700
2024-01-30,PFE,24.07154399850783,24.48582783737089,23.26024178278385,23.32065773010254,86072400
2024-01-31,PFE,23.450124188603663,23.743574530154703,23.113520062911554,23.372446060180664,81192100
2024-02-01,PFE,23.3897064410049,23.58821646678895,23.07036286569956,23.553693771362305,53883000
2024-02-02,PFE,23.45875315062239,23.476015321200368,23.0358398487291,23.24298095703125,51718500
2024-02-05,PFE,23.251615576788563,23.251615576788563,22.889118170603922,22.93227195739746,42633400
2024-02-06,PFE,23.00994862374077,23.93345343042641,22.932270495495125,23.734943389892578,56958700
2024-02-07,PFE,23.778096819351372,23.864406032360733,23.562324609933622,23.786727905273438,36843000
2024-02-08,PFE,23.786725665378967,23.898928125588906,23.657262681161555,23.79535675048828,29048400
2024-02-09,PFE,23.786727905273438,23.81262116303964,23.63137165109885,23.786727905273438,29062700
2024-02-12,PFE,23.769467598660327,24.18374984946902,23.75220542665713,23.873037338256836,30323700
2024-02-13,PFE,23.76946790581409,24.019762818249454,23.18256721981206,23.27750587463379,37927500
2024-02-14,PFE,23.31202910706822,23.450123185868307,23.22571989626535,23.398338317871094,25270200
2024-02-15,PFE,23.51916895759966,24.00249820734882,23.493275701891047,23.743572235107422,36111600
2024-02-16,PFE,23.77809672678366,24.071547062146305,23.484646391421013,23.83851432800293,35935300
2024-02-20,PFE,23.82988042535173,24.287316399891033,23.752202307748618,23.812618255615234,34232000
2024-02-21,PFE,23.821252135863993,23.8902991767014,23.61411101335177,23.881668090820312,27348300
2024-02-22,PFE,23.812621496882247,23.9075617971447,23.467386286216065,23.77809715270996,31957500
2024-02-23,PFE,23.950717591821213,24.24416795707558,23.898932717426757,23.959348678588867,33182600
2024-02-26,PFE,23.88166495382013,23.88166495382013,23.363811392457098,23.458751678466797,45685500
2024-02-27,PFE,23.406969627385465,23.476016667445723,23.139410906717085,23.208457946777344,38598400
2024-02-28,PFE,23.268874362286535,23.51053983039335,23.148042451338792,23.337923049926758,31010200
2024-02-29,PFE,23.363816750630278,23.46738814514001,22.91501011810722,22.923641204833984,54643200
2024-03-01,PFE,23.1566707471555,23.217086695349877,22.8804826147177,22.94952964782715,46392100
2024-03-04,PFE,22.699235628496236,22.837329709952066,22.103705519547205,22.345369338989258,86777700
2024-03-05,PFE,22.328107689585476,22.802805864919655,22.172751444214665,22.509355545043945,73646100
2024-03-06,PFE,23.21708780253892,23.562322984549933,23.122149156367893,23.467384338378906,84919500
2024-03-07,PFE,23.476018644375745,23.579588390082158,23.096259068958894,23.12215232849121,46423800
2024-03-08,PFE,23.1998262717141,23.562323634375787,23.17393466123121,23.493276596069336,45906600
2024-03-11,PFE,23.570953145445582,24.50308892342341,23.570953145445582,24.485828399658203,52600100
2024-03-12,PFE,24.43404154649049,24.45993480109127,23.959343402287324,24.17511558532715,48758200
2024-03-13,PFE,24.41678280232881,24.76201799110915,24.33047359358092,24.356365203857422,39273000
2024-03-14,PFE,24.382259816285636,24.408153074213345,23.967977566710264,24.278688430786133,36428000
2024-03-15,PFE,24.131962750106066,24.408152556846723,24.045655184599106,24.114702224731445,75727900
2024-03-18,PFE,24.175116478039268,24.19237864841056,23.829881301669307,23.924819946289062,36226500
2024-03-19,PFE,23.88166751591102,23.976607812106174,23.579586102190202,23.847143173217773,29026600
2024-03-20,PFE,23.717679759491297,23.942083044379853,23.484645389082655,23.907560348510742,34468000
2024-03-21,PFE,23.950715466059883,24.201012021472216,23.847144080252043,23.873037338256836,29633700
2024-03-22,PFE,23.709051513673472,24.028395131320465,23.596850680896193,23.614112854003906,28830100
2024-03-25,PFE,23.51054077463919,23.71768190724523,23.389708858838514,23.674528121948242,31110600
2024-03-26,PFE,23.691786359882002,23.847140948877108,23.570952817937656,23.812618255615234,38220300
2024-03-27,PFE,23.916190675484142,24.114702357391558,23.769467154830636,23.976608276367188,34247600
2024-03-28,PFE,24.011130063710652,24.27005769047878,23.924820854787942,23.950714111328125,40466700
2024-04-01,PFE,23.959344287031648,24.054284577862575,23.80398804611237,23.924819946289062,26596600
2024-04-02,PFE,23.795359324796106,23.95071558114872,23.657265240529632,23.77809715270996,32451500
2024-04-03,PFE,23.743573138812256,23.95071425373161,23.476016071151157,23.493276596069336,36828600
2024-04-04,PFE,23.570956498467925,23.64863462820023,22.99268689168931,23.001317977905273,41922700
2024-04-05,PFE,22.923637615577736,23.04447116462155,22.742389761328827,23.009946823120117,39880500
2024-04-08,PFE,22.958159156560058,23.14803807302221,22.889112128190998,22.94089698791504,24431400
2024-04-09,PFE,23.10488858265587,23.66589599797533,23.00131719778842,23.1135196685791,45127800
2024-04-10,PFE,22.889117765152612,22.949533724077956,22.57840523786638,22.71649932861328,44541600
2024-04-11,PFE,22.742391919934818,22.82870113566928,22.55251131607672,22.733760833740234,32814500
2024-04-12,PFE,22.656079253210333,22.71649520115845,22.293581919310522,22.319475173950195,43034100
2024-04-15,PFE,22.362628936767578,22.58703220485713,22.224534871206483,22.362628936767578,35660200
2024-04-16,PFE,22.284951286313955,22.43167643982508,22.164119387967553,22.17275047302246,28885300
2024-04-17,PFE,22.172750699338945,22.172750699338945,21.80162226924559,21.939716339111328,43828900
2024-04-18,PFE,21.879301385488226,21.974240033961507,21.775730005267725,21.9138240814209,35788400
2024-04-19,PFE,21.913822950150532,22.4403076171875,21.879300256000043,22.4403076171875,38372800
2024-04-22,PFE,22.44030961221627,22.871854027835813,22.37989365742334,22.66471290588379,35678700
2024-04-23,PFE,22.72513041506139,22.845962332912073,22.604298497210706,22.71649932861328,24297800
2024-04-24,PFE,22.65608148698552,22.733759612352088,22.47483362527105,22.673343658447266,24547800
2024-04-25,PFE,22.67334224051465,22.811436311149993,21.792991305555965,21.80162239074707,47661400
2024-04-26,PFE,21.86203698026922,22.043286465579857,21.74983617219012,21.922452926635742,46526500
2024-04-29,PFE,22.077809939311216,22.310844294581447,22.043287245684773,22.129594802856445,39995300
2024-04-30,PFE,22.138224905247387,22.293581135198977,22.08644004400054,22.112333297729492,38017700
2024-05-01,PFE,22.72512593705342,23.691786028011826,22.4575688947301,23.458751678466797,97388900
2024-05-02,PFE,23.484645389082655,24.114701462359122,23.406968911824343,23.907560348510742,69649000
2024-05-03,PFE,24.04565596442196,24.088809748574956,23.752205622789816,24.002500534057617,60568900
2024-05-06,PFE,24.149228230040045,24.451309689332234,24.13196605608929,24.304584503173828,59899700
2024-05-07,PFE,24.416782173415026,24.589398940253414,23.648632046176715,23.967975616455078,65606400
2024-05-08,PFE,23.90756425712448,24.459940651027395,23.75220798478641,24.399524688720703,39087800
2024-05-09,PFE,24.320670769607464,24.749961944401804,23.93518416877764,24.688634872436523,47831100
2024-05-10,PFE,24.741199443446195,24.776244437674368,24.46084617377,24.539695739746094,25849800
2024-05-13,PFE,24.697395682256257,25.10040310288299,24.67987318456709,24.91642189025879,39609800
2024-05-14,PFE,25.012795174774574,25.1266897518731,24.69739853512395,24.86385726928711,23530900
2024-05-15,PFE,24.960225540343483,25.398277940148116,24.951464291822916,25.249340057373047,38376300
2024-05-16,PFE,25.293151443696093,25.433328106457502,25.117929779725518,25.336956024169922,40077800
2024-05-17,PFE,25.31943176604445,25.328193015738588,24.977751383160598,25.091644287109375,26106400
2024-05-20,PFE,25.109164576664433,25.152969150242416,24.933942940277767,24.995271682739258,22423300
2024-05-21,PFE,24.942705373884095,25.11792701859312,24.811289975871052,25.021554946899414,28119900
2024-05-22,PFE,24.942701800815946,25.95898318405505,24.898897231432464,25.932701110839844,46987500
2024-05-23,PFE,25.783767796740598,25.783767796740598,25.117927863891097,25.13545036315918,42031300
2024-05-24,PFE,25.11792916168237,25.398282480306907,25.012795831679373,25.301910400390625,22589100
2024-05-28,PFE,25.231816495701345,25.301904809871292,24.6448262378891,24.793764114379883,32371200
2024-05-29,PFE,24.67111340415943,24.67987465352549,24.259344710179437,24.37323760986328,24241700
2024-05-30,PFE,24.452088360933338,24.706159591674805,24.34695670555155,24.706159591674805,23298600
2024-05-31,PFE,24.828813789447434,25.1880166761901,24.74120296245318,25.109167098999023,78290100
2024-06-03,PFE,25.109163051741568,25.871374951384546,25.0916405549596,25.678630828857422,38177200
2024-06-04,PFE,25.669871928586062,26.046597288672544,25.555979031159588,25.836332321166992,46309500
2024-06-05,PFE,25.897658190923917,25.950225683635377,25.555977843486122,25.888896942138672,27346700
2024-06-06,PFE,25.722441019161483,25.88014017233121,25.223061481482365,25.231821060180664,35360400
2024-06-07,PFE,25.18801565734355,25.450846456657363,25.012794010442693,25.039077758789062,27526200
2024-06-10,PFE,24.83757222161424,24.83757222161424,24.20677567564477,24.592262268066406,36977900
2024-06-11,PFE,24.487132135223202,24.820051255329414,24.434564639124236,24.557220458984375,29573500
2024-06-12,PFE,24.67987452592611,24.732440350813228,24.14545001462183,24.233060836791992,32507900
2024-06-13,PFE,24.092884982461015,24.285627460747204,23.830054178340077,24.224300384521484,33945200
2024-06-14,PFE,24.311907872361314,24.7236765212387,24.031554607505452,24.119165420532227,29461900
2024-06-17,PFE,24.049080404496763,24.07536248228531,23.54093962445566,23.637310028076172,32194600
2024-06-18,PFE,23.637310788483827,24.057840757003966,23.611028709849787,24.014036178588867,29817800
2024-06-20,PFE,23.830054391151833,24.495892657009406,23.78624814271547,24.303150177001953,29693400
2024-06-21,PFE,24.32943392606377,24.434565580236015,24.145451024706073,24.303150177001953,52487000
2024-06-24,PFE,24.487133476909147,24.8901409428579,24.2943893227271,24.846336364746094,35414100
2024-06-25,PFE,24.881377694185502,24.925183939815682,24.46960901148627,24.522174835205078,24721600
2024-06-26,PFE,24.45208783501645,24.469610334215716,23.71615957902218,24.022796630859375,30745800
2024-06-27,PFE,23.978989228455067,24.38199663632689,23.716156784548083,24.355712890625,28399600
2024-06-28,PFE,24.33819630154527,24.636072120541108,24.21554047128737,24.513416290283203,33189200
2024-07-01,PFE,24.48713154626104,25.082881448383368,24.478370297121938,24.723678588867188,26209000
2024-07-02,PFE,24.723676486975055,24.77624397734063,24.259342019340018,24.381996154785156,21989800
2024-07-03,PFE,24.460850859988653,24.574743770975267,24.198020037073324,24.268108367919922,15180100
2024-07-05,PFE,24.32067370336459,24.609788271102957,24.241824123887074,24.574743270874023,17268700
2024-07-08,PFE,24.57474186683852,24.63607061373524,24.346956062514934,24.4696102142334,25694400
2024-07-09,PFE,24.42580209787195,24.478369591190578,23.9176613597201,24.285625457763672,36867800
2024-07-10,PFE,24.38199906055492,24.89013983071989,24.35571531223972,24.837574005126953,29873600
2024-07-11,PFE,25.21430042559964,25.60854664051748,24.898902116835334,25.109167098999023,47322600
2024-07-12,PFE,25.319433523565337,25.52969851770745,25.22306311231539,25.336956024169922,28397000
2024-07-15,PFE,25.43332472151725,25.643589687675036,25.258103080867052,25.494651794433594,30534400
2024-07-16,PFE,25.582261989919186,25.89765859593369,25.512173669578477,25.8450927734375,26912100
2024-07-17,PFE,25.775004677061187,26.545976207508115,25.678632609116303,26.309429168701172,45395000
2024-07-18,PFE,26.204297269934585,26.887659689455976,25.958987297815693,26.029075622558594,47279700
2024-07-19,PFE,26.230582468895932,26.283148297600615,25.888900404721582,26.256864547729492,30021200
2024-07-22,PFE,26.379514736907637,26.484646371842878,25.73995699506322,25.932701110839844,46483200
2024-07-23,PFE,25.950226089467247,25.967746916274397,25.696154883833824,25.8450927734375,25528300
2024-07-24,PFE,25.853854413302912,26.27438434170611,25.67863277428288,26.265623092651367,29579400
2024-07-25,PFE,26.256862596153983,27.097924148103743,26.256862596153983,26.440845489501953,42296200
2024-07-26,PFE,26.787346058145832,27.435928167850214,26.662960912345135,27.338197708129883,35657100
2024-07-29,PFE,27.267120659253255,27.480353067314308,27.04500335569542,27.293773651123047,41713700
2024-07-30,PFE,27.55143195685138,28.022321274730135,26.458615173724755,27.889049530029297,89857500
2024-07-31,PFE,27.720241580844775,27.773549261933685,27.071657733343756,27.133852005004883,40978700
2024-08-01,PFE,27.293777130735872,27.37373950578053,26.574117449954702,27.231584548950195,39753100
2024-08-02,PFE,27.435931541046582,27.826858511853178,26.662964190506617,27.036121368408203,42364700
2024-08-05,PFE,25.845570061158035,26.66296182132998,25.63233764910717,26.42307472229004,37838000
2024-08-06,PFE,26.41418753114536,26.698497389172367,25.98772274410485,26.049915313720703,29031800
2024-08-07,PFE,26.325344442483367,26.485269186584574,25.53460731289484,25.632339477539062,32866100
2024-08-08,PFE,25.70341371488307,25.77449118168171,25.356911276067255,25.5523738861084,32094400
2024-08-09,PFE,25.45464239495927,25.543489654420487,25.27694957065735,25.365795135498047,25795600
2024-08-12,PFE,25.392453009093586,25.41910769866392,25.161450783346222,25.276952743530273,21141600
2024-08-13,PFE,25.36579767249682,25.721186745886477,25.152565245235444,25.632339477539062,34620700
2024-08-14,PFE,25.587917192826687,25.925536502607986,25.472416920293615,25.658994674682617,23677700
2024-08-15,PFE,25.703416058937425,25.774493532218063,25.339143796546576,25.507951736450195,28676800
2024-08-16,PFE,25.45464323624261,25.45464323624261,24.74386852630259,25.143678665161133,50332900
2024-08-19,PFE,25.188105248267462,25.667877793909323,25.12591266777877,25.587915420532227,26382500
2024-08-20,PFE,25.58791436105472,25.934418529548577,25.58791436105472,25.676761627197266,21301300
2024-08-21,PFE,25.74783855157255,25.916648184177898,25.703415766759854,25.79226303100586,16729700
2024-08-22,PFE,25.78337706186236,25.881107523306294,25.356912244778265,25.570144653320312,20241500
2024-08-23,PFE,25.60568415320736,25.71230121150254,25.445759413074914,25.676761627197266,21885300
2024-08-26,PFE,25.69453239440918,25.810032658543047,25.56126233744834,25.69453239440918,16506000
2024-08-27,PFE,25.747837311143776,25.801146683895514,25.374680174984277,25.605682373046875,16184600
2024-08-28,PFE,25.57014605153337,25.836686153130596,25.445759202116776,25.54349136352539,19874100
2024-08-29,PFE,25.650107909141926,25.667876006172083,25.348028229561436,25.516836166381836,19229800
2024-08-30,PFE,25.516837264975305,25.810032061353528,25.47241447855645,25.774494171142578,37137600
2024-09-03,PFE,25.45464323624261,25.694530336330082,25.00152372317313,25.143678665161133,44499600
2024-09-04,PFE,25.134794876195496,25.356912179684166,25.054832511369934,25.22364044189453,23510500
2024-09-05,PFE,25.259183750650315,25.587916459327783,25.18810627083188,25.33026123046875,25927200
2024-09-06,PFE,25.374683380126953,25.56126281908431,25.125913054344814,25.374683380126953,31214500
2024-09-09,PFE,25.356915445784782,26.289807562750255,25.276953070659655,26.1298828125,36558400
2024-09-10,PFE,26.13876483955555,26.44084451361609,25.934417323167708,26.42307472229004,32378800
2024-09-11,PFE,26.369767166897866,26.38753695830745,25.889992966562545,26.35199737548828,31943100
2024-09-12,PFE,26.280921605464894,26.396421867861623,25.552377056723717,25.907764434814453,32511800
2024-09-13,PFE,25.90776291269533,26.04991785557981,25.756723074052992,26.005495071411133,19987700
2024-09-16,PFE,26.272035815618104,26.778463024000335,26.15653555714978,26.716270446777344,29224600
2024-09-17,PFE,26.698501036815323,26.77846340713771,26.298690879824036,26.50303840637207,27055300
2024-09-18,PFE,26.65408030277541,26.778465468576375,26.41419317334144,26.431962966918945,25812800
2024-09-19,PFE,26.55634489283677,26.965041622154327,26.227612224862344,26.35199737548828,22653200
2024-09-20,PFE,26.24538239043993,26.254265591650782,25.96995570352647,26.138765335083008,56877400
2024-09-23,PFE,26.147647929763036,26.183185815340725,25.925530637386007,26.041030883789062,23126200
2024-09-24,PFE,25.987725371021337,26.28980504936525,25.898878107751845,26.209842681884766,21446200
2024-09-25,PFE,26.29869326779674,26.396423744582155,25.685648937866354,25.703418731689453,30712700
2024-09-26,PFE,25.30360292323085,25.774492218858438,25.152563088378272,25.73895263671875,32310400
2024-09-27,PFE,25.783378939418252,25.969956674996503,25.694531672400704,25.845571517944336,25013000
2024-09-30,PFE,25.863339180027,25.93441664886258,25.57014440925267,25.712299346923828,27464700
2024-10-01,PFE,25.810029660770372,25.83668434691495,25.34802696327468,25.472412109375,30725100
2024-10-02,PFE,25.41022063401981,25.56126047278947,25.214756316423436,25.419105529785156,24957200
2024-10-03,PFE,25.321373234474255,25.33914302590914,25.108140821117363,25.179218292236328,25678900
2024-10-04,PFE,25.134797027097303,25.401337136244567,25.090372545825634,25.392452239990234,28769000
2024-10-07,PFE,26.094343909650057,26.511923867754398,25.86334168986233,25.94330406188965,51426600
2024-10-08,PFE,25.95218437862824,26.20095636335006,25.765606661052256,25.9255313873291,29126600
2024-10-09,PFE,25.961069308256736,27.036117917083196,25.854453953678224,26.822885513305664,44244800
2024-10-10,PFE,26.55634345591161,26.725153075927462,26.014378404208845,26.067686080932617,34347700
2024-10-11,PFE,26.085458971170162,26.15653644678831,25.721186696799577,25.907764434814453,29617600
2024-10-14,PFE,25.907762651389415,25.916647547057657,25.632337664156246,25.836685180664062,23594200
2024-10-15,PFE,25.84556963040539,26.423074281912466,25.827799839375498,26.15653419494629,29009900
2024-10-16,PFE,26.209843866768452,26.49415376638731,26.147651288054412,26.360883712768555,28414800
2024-10-17,PFE,26.19207279846429,26.236497277253562,25.961070592621862,26.005495071411133,23779200
2024-10-18,PFE,26.03215039957198,26.094344675456796,25.83668775922478,25.96107292175293,24244900
2024-10-21,PFE,25.961073963641127,25.961073963641127,25.65899424713171,25.703418731689453,23395700
2024-10-22,PFE,25.676756997787646,25.756719353437,25.4102169420367,25.623449325561523,29036400
2024-10-23,PFE,25.650108803605914,25.863341226988997,25.472414270143013,25.641223907470703,22217600
2024-10-24,PFE,25.641225061458943,25.7478404306384,25.321375564679098,25.44576072692871,31473600
2024-10-25,PFE,25.481300279707302,25.52572306770379,25.26806784700683,25.276952743530273,26091100
2024-10-28,PFE,25.410221691817195,25.71230138193173,25.37468210727635,25.641223907470703,37922500
2024-10-29,PFE,25.774492449841286,25.916647390432892,24.903793015062558,25.28583335876465,102267000
2024-10-30,PFE,25.15256243356818,25.410219313511558,25.045947079165785,25.339141845703125,47104000
2024-10-31,PFE,25.276950406067893,25.445758340540785,25.13479546407989,25.143678665161133,37909600
2024-11-01,PFE,25.30360235959164,25.356911731613707,24.921560333202738,24.95709991455078,46894600
2024-11-04,PFE,24.965987702739554,25.00152559358492,24.637253315661184,24.663908004760742,41347800
2024-11-05,PFE,24.64613639892504,24.877138603598638,24.50398145675984,24.868253707885742,44175800
2024-11-06,PFE,24.81494656770412,24.86825424851983,24.05974736189564,24.30851936340332,65749500
2024-11-07,PFE,24.45955793082332,24.51286560886301,24.290748306640342,24.397363662719727,48484800
2024-11-08,PFE,24.460525014482815,24.49661489711219,24.099615862534797,24.108638763427734,55951300
2024-11-11,PFE,24.108635504786523,24.207885680251326,23.657500846771445,23.675546646118164,54329300
2024-11-12,PFE,23.666527734785394,23.856005217972847,23.41389338512537,23.63043785095215,53035200
2024-11-13,PFE,23.666526945328027,24.13570746610655,23.440959585831703,24.108638763427734,47983100
2024-11-14,PFE,24.12668414576614,24.2259343329206,23.31464200988538,23.47705078125,45262200
2024-11-15,PFE,23.188323645887174,23.188323645887174,22.087553906034223,22.376279830932617,131074400
2024-11-18,PFE,22.529668394869404,22.782304469916678,22.286056942117263,22.430419921875,64221700
2024-11-19,PFE,22.286057567336133,22.65598792846127,22.204853173826468,22.64696502685547,52381200
2024-11-20,PFE,22.619893983048158,22.646962685066537,22.240940759502543,22.502599716186523,46170800
2024-11-21,PFE,22.439443651247867,22.755236605531707,22.35823925701987,22.67403221130371,45048400
2024-11-22,PFE,22.719143464587933,23.233436740383524,22.64696198238754,23.14320945739746,41897000
2024-11-25,PFE,23.233439174054634,23.86502850017291,23.224416272716663,23.61239242553711,57707600
2024-11-26,PFE,23.603368448670658,23.67554993514289,23.107120944291864,23.251483917236328,33001000
2024-11-27,PFE,23.242461606332725,23.41389328640956,23.18832592033988,23.305620193481445,28242100
2024-11-29,PFE,23.305619736529778,23.66652717097649,23.251484051598368,23.648481369018555,22023000
2024-12-02,PFE,23.52216388576005,23.65750395676784,23.215392140306463,23.29659652709961,43866400
2024-12-03,PFE,23.305619154222182,23.368777738554495,23.02591611463236,23.0620059967041,49064300
2024-12-04,PFE,22.962755884144347,23.007868663735564,22.719142744090423,22.76425552368164,42541500
2024-12-05,PFE,22.764256260578716,23.269528357256,22.68305187793209,23.188323974609375,43647900
2024-12-06,PFE,23.224414059535746,23.549231592979226,23.0890739942484,23.215391159057617,31830700
2024-12-09,PFE,23.242462621331896,23.85600615918568,23.08005383531854,23.54923439025879,37464800
2024-12-10,PFE,23.549231146355,23.558254046662007,23.01689207483754,23.071027755737305,43280500
2024-12-11,PFE,22.899595583397524,23.016891563842254,22.710119843983733,22.76425552368164,39569400
2024-12-12,PFE,22.719145634332662,22.98982578819931,22.610872540220534,22.89057731628418,38705100
2024-12-13,PFE,22.863508859843524,23.152234819342524,22.791327369968773,23.080053329467773,29043600
2024-12-16,PFE,23.08907459694016,23.23343756647393,22.75523415430435,22.782302856445312,40194000
2024-12-17,PFE,23.368777636391936,23.87404802978387,23.33268775447797,23.846981048583984,71440300
2024-12-18,PFE,23.630436418965107,23.92818525655137,23.332687581378845,23.35975456237793,47575100
2024-12-19,PFE,23.188325331690923,23.540209863125252,23.080052241511382,23.251483917236328,50324700
2024-12-20,PFE,23.188327179567604,23.901119200165454,23.188327179567604,23.783824920654297,116340100
2024-12-23,PFE,23.783822180535648,24.135706699471257,23.630436312112533,24.0996150970459,35350400
2024-12-24,PFE,23.99134411944473,24.153752891099323,23.801866645533586,24.126684188842773,19716400
2024-12-26,PFE,24.036456845010605,24.108638329913788,23.89209387520424,23.964275360107422,31406000
2024-12-27,PFE,23.846981866141114,24.225935104412482,23.8379589651177,24.018413543701172,35218300
2024-12-30,PFE,23.892093063805447,23.98232034710581,23.67554861644996,23.83795738220215,32859100
2024-12-31,PFE,23.819910290095912,24.045477625647848,23.783820411297544,23.937206268310547,27085500
2020-01-02,AMZN,93.75,94.90049743652344,93.2074966430664,94.90049743652344,80580000
2020-01-03,AMZN,93.2249984741211,94.30999755859375,93.2249984741211,93.74849700927734,75288000
2020-01-06,AMZN,93.0,95.18450164794922,93.0,95.14399719238281,81236000
2020-01-07,AMZN,95.2249984741211,95.69450378417969,94.60199737548828,95.34300231933594,80898000
2020-01-08,AMZN,94.9020004272461,95.55000305175781,94.3219985961914,94.59850311279297,70160000
2020-01-09,AMZN,95.49449920654297,95.89099884033203,94.79000091552734,95.05249786376953,63346000
2020-01-10,AMZN,95.26850128173828,95.34700012207031,94.0,94.15799713134766,57074000
2020-01-13,AMZN,94.56549835205078,94.9000015258789,94.04000091552734,94.56500244140625,55616000
2020-01-14,AMZN,94.29399871826172,94.35549926757812,92.92749786376953,93.47200012207031,68818000
2020-01-15,AMZN,93.61250305175781,93.94300079345703,92.75450134277344,93.10099792480469,57932000
2020-01-16,AMZN,94.14949798583984,94.27950286865234,93.3010025024414,93.89700317382812,53190000
2020-01-17,AMZN,94.29450225830078,94.33200073242188,92.86250305175781,93.23600006103516,79946000
2020-01-21,AMZN,93.25,94.7135009765625,93.0,94.5999984741211,74156000
2020-01-22,AMZN,94.80449676513672,95.125,94.16699981689453,94.37300109863281,64326000
2020-01-23,AMZN,94.25550079345703,94.4990005493164,93.63800048828125,94.22899627685547,49692000
2020-01-24,AMZN,94.56849670410156,94.74949645996094,92.37200164794922,93.08200073242188,75324000
2020-01-27,AMZN,91.0,92.05000305175781,90.76699829101562,91.41699981689453,70570000
2020-01-28,AMZN,92.0250015258789,92.90550231933594,91.5009994506836,92.6624984741211,56160000
2020-01-29,AMZN,93.19999694824219,93.73750305175781,92.7509994506836,92.9000015258789,41760000
2020-01-30,AMZN,92.9000015258789,93.64350128173828,92.53050231933594,93.53399658203125,126548000
2020-01-31,AMZN,102.57350158691406,102.78600311279297,100.1135025024414,100.43599700927734,311346000
2020-02-03,AMZN,100.52999877929688,102.42500305175781,100.01249694824219,100.20999908447266,117834000
2020-02-04,AMZN,101.49400329589844,102.98999786376953,100.76850128173828,102.4834976196289,105786000
2020-02-05,AMZN,103.5510025024414,103.5510025024414,101.5999984741211,101.99349975585938,87524000
2020-02-06,AMZN,102.0510025024414,102.81500244140625,101.23999786376953,102.5114974975586,63660000
2020-02-07,AMZN,102.09950256347656,104.92649841308594,101.90499877929688,103.96399688720703,101906000
2020-02-10,AMZN,104.25050354003906,106.77999877929688,104.24800109863281,106.69550323486328,101124000
2020-02-11,AMZN,107.54499816894531,109.29750061035156,106.80000305175781,107.54000091552734,114920000
2020-02-12,AMZN,108.16000366210938,109.01249694824219,107.7645034790039,108.0,66686000
2020-02-13,AMZN,107.24949645996094,108.51399993896484,107.0999984741211,107.49349975585938,60636000
2020-02-14,AMZN,107.78399658203125,107.9520034790039,106.29450225830078,106.74349975585938,52124000
2020-02-18,AMZN,106.2509994506836,108.30349731445312,106.20549774169922,107.78350067138672,58912000
2020-02-19,AMZN,108.38999938964844,109.25499725341797,108.05599975585938,108.51100158691406,51224000
2020-02-20,AMZN,108.65350341796875,108.8395004272461,106.37249755859375,107.65499877929688,62626000
2020-02-21,AMZN,107.10749816894531,107.22750091552734,104.4000015258789,104.79850006103516,92926000
2020-02-24,AMZN,100.15899658203125,101.96499633789062,99.39849853515625,100.4645004272461,130940000
2020-02-25,AMZN,101.32099914550781,101.7300033569336,97.9209976196289,98.63700103759766,124382000
2020-02-26,AMZN,98.51399993896484,100.7334976196289,98.02249908447266,98.97949981689453,104492000
2020-02-27,AMZN,96.71900177001953,98.75,94.13800048828125,94.21499633789062,162880000
2020-02-28,AMZN,90.73149871826172,94.48799896240234,90.55650329589844,94.1875,189620000
2020-03-02,AMZN,95.32450103759766,97.72550201416016,93.5,97.69750213623047,135234000
2020-03-03,AMZN,98.76850128173828,99.81649780273438,94.40450286865234,95.44950103759766,150690000
2020-03-04,AMZN,97.32849884033203,98.9000015258789,96.0999984741211,98.79149627685547,95458000
2020-03-05,AMZN,96.6500015258789,98.03600311279297,95.5,96.20149993896484,94964000
2020-03-06,AMZN,93.75,95.54350280761719,93.4749984741211,95.05449676513672,105472000
2020-03-09,AMZN,88.69300079345703,93.13849639892578,88.06449890136719,90.03050231933594,156264000
2020-03-10,AMZN,93.54399871826172,94.7135009765625,90.90850067138672,94.59100341796875,142666000
2020-03-11,AMZN,92.89250183105469,93.56600189208984,90.07499694824219,91.04299926757812,112496000
2020-03-12,AMZN,86.0989990234375,88.25,83.75,83.83049774169922,226924000
2020-03-13,AMZN,87.75,89.31549835205078,84.03099822998047,89.25,176194000
2020-03-16,AMZN,82.07550048828125,87.97250366210938,81.30149841308594,84.4574966430664,178346000
2020-03-17,AMZN,88.77349853515625,92.88899993896484,84.46199798583984,90.39199829101562,218342000
2020-03-18,AMZN,87.5,92.08300018310547,87.25,91.5,192904000
2020-03-19,AMZN,93.0,97.25,91.63249969482422,94.04650115966797,207998000
2020-03-20,AMZN,96.31549835205078,97.8499984741211,91.0364990234375,92.30449676513672,196358000
2020-03-23,AMZN,91.38749694824219,95.97000122070312,90.5999984741211,95.1415023803711,156170000
2020-03-24,AMZN,97.57499694824219,97.75,95.01699829101562,97.00499725341797,142942000
2020-03-25,AMZN,96.03450012207031,97.51300048828125,94.28900146484375,94.29199981689453,129582000
2020-03-26,AMZN,95.0999984741211,97.82450103759766,94.4645004272461,97.77449798583984,124426000
2020-03-27,AMZN,96.54299926757812,96.989501953125,94.99600219726562,95.00499725341797,107758000
2020-03-30,AMZN,96.1415023803711,98.68150329589844,95.61699676513672,98.19750213623047,122522000
2020-03-31,AMZN,98.21749877929688,99.6510009765625,97.20050048828125,97.48600006103516,102472000
2020-04-01,AMZN,96.64849853515625,97.24800109863281,94.6500015258789,95.38500213623047,82438000
2020-04-02,AMZN,95.08200073242188,96.37650299072266,94.5,95.94149780273438,86720000
2020-04-03,AMZN,95.55750274658203,96.31649780273438,94.4574966430664,95.32949829101562,72198000
2020-04-06,AMZN,96.80000305175781,99.9260025024414,96.5009994506836,99.87950134277344,115464000
2020-04-07,AMZN,100.85549926757812,101.78600311279297,99.88099670410156,100.58000183105469,102280000
2020-04-08,AMZN,101.05000305175781,102.19999694824219,100.55750274658203,102.1500015258789,79546000
2020-04-09,AMZN,102.21499633789062,102.6500015258789,100.88300323486328,102.13800048828125,92930000
2020-04-13,AMZN,102.0,109.0,101.9000015258789,108.44349670410156,134334000
2020-04-14,AMZN,110.02349853515625,114.5999984741211,109.31050109863281,114.16600036621094,161744000
2020-04-15,AMZN,112.88400268554688,116.66850280761719,112.25,115.38400268554688,137332000
2020-04-16,AMZN,117.30000305175781,123.05000305175781,116.75,120.40950012207031,240764000
2020-04-17,AMZN,118.61650085449219,120.0,115.8010025024414,118.75,158600000
2020-04-20,AMZN,119.49749755859375,122.2490005493164,119.30249786376953,119.68049621582031,115414000
2020-04-21,AMZN,120.83049774169922,121.41549682617188,113.98300170898438,116.40599822998047,149534000
2020-04-22,AMZN,118.44999694824219,119.69999694824219,117.55000305175781,118.17449951171875,84244000
2020-04-23,AMZN,119.9990005493164,121.21099853515625,119.10399627685547,119.97250366210938,101332000
2020-04-24,AMZN,120.8499984741211,121.02149963378906,119.0999984741211,120.51100158691406,76498000
2020-04-27,AMZN,122.16000366210938,122.24400329589844,118.1500015258789,118.80000305175781,112912000
2020-04-28,AMZN,118.6050033569336,118.67500305175781,115.30000305175781,115.7040023803711,105388000
2020-04-29,AMZN,116.50050354003906,119.59449768066406,115.5,118.635498046875,91832000
2020-04-30,AMZN,120.99199676513672,123.75,119.80049896240234,123.69999694824219,190692000
2020-05-01,AMZN,116.83999633789062,118.12200164794922,112.90950012207031,114.302001953125,195452000
2020-05-04,AMZN,112.81900024414062,116.3489990234375,112.81900024414062,115.79949951171875,97318000
2020-05-05,AMZN,117.0,117.55000305175781,115.35649871826172,115.88999938964844,64850000
2020-05-06,AMZN,116.47200012207031,117.87249755859375,116.0,117.56300354003906,62356000
2020-05-07,AMZN,118.73899841308594,118.80000305175781,117.15550231933594,118.38050079345703,67928000
2020-05-08,AMZN,118.60700225830078,119.36199951171875,117.8499984741211,118.98049926757812,64132000
2020-05-11,AMZN,118.73500061035156,120.9834976196289,118.60549926757812,120.44999694824219,65184000
2020-05-12,AMZN,120.59249877929688,120.94999694824219,117.75,117.84750366210938,61498000
2020-05-13,AMZN,118.33999633789062,120.38500213623047,116.88999938964844,118.39600372314453,95658000
2020-05-14,AMZN,118.05049896240234,119.56849670410156,117.6604995727539,119.44249725341797,72962000
2020-05-15,AMZN,118.4260025024414,120.55000305175781,117.81849670410156,120.48899841308594,84700000
2020-05-18,AMZN,120.21749877929688,121.6500015258789,119.20050048828125,121.31300354003906,87144000
2020-05-19,AMZN,121.49150085449219,124.25,121.44850158691406,122.46649932861328,86410000
2020-05-20,AMZN,123.89350128173828,125.00050354003906,123.3635025024414,124.89700317382812,79962000
2020-05-21,AMZN,125.0,126.27249908447266,122.12699890136719,122.33699798583984,102288000
2020-05-22,AMZN,122.75050354003906,123.49250030517578,121.50650024414062,121.84400177001953,57342000
2020-05-26,AMZN,122.9000015258789,123.0999984741211,120.7030029296875,121.09300231933594,71364000
2020-05-27,AMZN,120.24949645996094,120.67900085449219,116.5,120.51950073242188,101138000
2020-05-28,AMZN,119.21649932861328,121.84850311279297,118.9114990234375,120.05500030517578,63804000
2020-05-29,AMZN,120.7969970703125,122.11849975585938,119.91000366210938,122.11849975585938,70198000
2020-06-01,AMZN,122.4000015258789,123.84649658203125,122.20850372314453,123.552001953125,58578000
2020-06-02,AMZN,123.3499984741211,123.67649841308594,122.2655029296875,123.62049865722656,50598000
2020-06-03,AMZN,123.40049743652344,124.4000015258789,123.05850219726562,123.91999816894531,53420000
2020-06-04,AMZN,123.87149810791016,125.37699890136719,122.50050354003906,123.02999877929688,58974000
2020-06-05,AMZN,122.22550201416016,124.43250274658203,121.85649871826172,124.1500015258789,66128000
2020-06-08,AMZN,125.01000213623047,126.5,124.36699676513672,126.2030029296875,79414000
2020-06-09,AMZN,126.47200012207031,131.32150268554688,126.25,130.04299926757812,103520000
2020-06-10,AMZN,132.25,136.11749267578125,131.31300354003906,132.37249755859375,98920000
2020-06-11,AMZN,130.1750030517578,133.56900024414062,126.8115005493164,127.89800262451172,116002000
2020-06-12,AMZN,130.0605010986328,131.07400512695312,125.1675033569336,127.2509994506836,108722000
2020-06-15,AMZN,126.33000183105469,129.1999969482422,125.4000015258789,128.63400268554688,77302000
2020-06-16,AMZN,131.0,131.0,128.8000030517578,130.7635040283203,71712000
2020-06-17,AMZN,132.375,132.75,131.59100341796875,132.0489959716797,59186000
2020-06-18,AMZN,132.35049438476562,132.98199462890625,131.8054962158203,132.69900512695312,49756000
2020-06-19,AMZN,133.9040069580078,134.8715057373047,132.9499969482422,133.75050354003906,115540000
2020-06-22,AMZN,134.22500610351562,135.75,133.4499969482422,135.6909942626953,64176000
2020-06-23,AMZN,136.30099487304688,139.15550231933594,135.90199279785156,138.2205047607422,84634000
2020-06-24,AMZN,139.0,139.8000030517578,136.0500030517578,136.72000122070312,90532000
2020-06-25,AMZN,136.9774932861328,137.81149291992188,135.60699462890625,137.72900390625,59374000
2020-06-26,AMZN,138.7530059814453,139.1284942626953,134.39999389648438,134.64349365234375,130016000
2020-06-29,AMZN,134.50050354003906,134.83999633789062,131.50399780273438,134.0189971923828,84468000
2020-06-30,AMZN,134.2534942626953,138.48150634765625,133.75149536132812,137.9409942626953,75394000
2020-07-01,AMZN,137.89950561523438,144.75,137.6999969482422,143.93499755859375,127268000
2020-07-02,AMZN,145.60049438476562,147.7779998779297,143.55499267578125,144.51499938964844,131868000
2020-07-06,AMZN,146.74850463867188,152.99400329589844,146.5,152.8520050048828,137612000
2020-07-07,AMZN,152.92750549316406,153.4774932861328,149.5,150.00599670410156,105150000
2020-07-08,AMZN,151.1304931640625,154.19850158691406,150.6215057373047,154.0554962158203,100752000
2020-07-09,AMZN,155.79949951171875,159.69400024414062,153.6999969482422,159.13150024414062,127774000
2020-07-10,AMZN,159.58799743652344,160.75,156.78500366210938,160.0,109720000
2020-07-13,AMZN,162.55299377441406,167.21449279785156,153.41949462890625,155.1999969482422,154408000
2020-07-14,AMZN,154.4499969482422,156.36900329589844,147.5,154.1999969482422,144638000
2020-07-15,AMZN,154.01150512695312,154.91749572753906,148.65899658203125,150.44349670410156,115778000
2020-07-16,AMZN,148.55299377441406,151.60000610351562,145.9114990234375,149.9949951171875,127884000
2020-07-17,AMZN,150.4499969482422,151.1999969482422,147.42250061035156,148.09849548339844,95226000
2020-07-20,AMZN,150.00999450683594,160.0679931640625,149.7010040283203,159.8419952392578,151964000
2020-07-21,AMZN,161.62449645996094,162.0290069580078,155.28599548339844,156.9145050048828,122426000
2020-07-22,AMZN,156.25,157.5,153.26300048828125,154.99549865722656,82084000
2020-07-23,AMZN,154.9134979248047,154.9134979248047,148.5,149.32749938964844,113138000
2020-07-24,AMZN,146.5,151.57899475097656,144.39999389648438,150.44549560546875,112648000
2020-07-27,AMZN,153.10000610351562,154.89999389648438,150.7884979248047,152.760498046875,83410000
2020-07-28,AMZN,152.7135009765625,153.85450744628906,149.78799438476562,150.01649475097656,62534000
2020-07-29,AMZN,151.54949951171875,151.95799255371094,149.8385009765625,151.67649841308594,59482000
2020-07-30,AMZN,150.6999969482422,154.60000610351562,150.25,152.593994140625,122566000
2020-07-31,AMZN,162.1999969482422,162.34100341796875,157.5500030517578,158.23399353027344,161710000
2020-08-03,AMZN,159.02549743652344,159.1999969482422,155.1999969482422,155.59449768066406,101494000
2020-08-04,AMZN,155.0605010986328,158.36199951171875,155.0605010986328,156.94149780273438,93886000
2020-08-05,AMZN,157.18850708007812,160.67950439453125,156.36500549316406,160.25149536132812,78330000
2020-08-06,AMZN,159.71800231933594,162.37350463867188,158.27149963378906,161.25,78812000
2020-08-07,AMZN,161.20050048828125,162.04049682617188,157.0334930419922,158.3730010986328,78722000
2020-08-10,AMZN,158.5155029296875,158.62550354003906,155.0760040283203,157.4080047607422,63346000
2020-08-11,AMZN,155.66000366210938,157.96099853515625,153.64999389648438,154.0334930419922,74362000
2020-08-12,AMZN,155.39999389648438,158.71949768066406,155.0709991455078,158.11199951171875,70442000
2020-08-13,AMZN,159.14950561523438,160.87600708007812,157.75,158.05099487304688,62980000
2020-08-14,AMZN,158.90899658203125,158.91200256347656,156.0,157.4010009765625,55034000
2020-08-17,AMZN,158.656005859375,159.74850463867188,157.70899963378906,159.12049865722656,53824000
2020-08-18,AMZN,160.60000610351562,166.0,160.29100036621094,165.62449645996094,106920000
2020-08-19,AMZN,165.15049743652344,165.7949981689453,162.8000030517578,163.0240020751953,83702000
2020-08-20,AMZN,162.60000610351562,165.63099670410156,161.89999389648438,164.86849975585938,66650000
2020-08-21,AMZN,164.75,165.72000122070312,163.76950073242188,164.23599243164062,71518000
2020-08-24,AMZN,165.50750732421875,169.01600646972656,162.8780059814453,165.3730010986328,93326000
2020-08-25,AMZN,164.74949645996094,167.8699951171875,163.35000610351562,167.32449340820312,79856000
2020-08-26,AMZN,167.5554962158203,172.58700561523438,167.22850036621094,172.09249877929688,130174000
2020-08-27,AMZN,172.50250244140625,172.64999389648438,168.89999389648438,170.0,85296000
2020-08-28,AMZN,171.14999389648438,171.6685028076172,169.3249969482422,170.08999633789062,57940000
2020-08-31,AMZN,170.44949340820312,174.75,170.25,172.54800415039062,83718000
2020-09-01,AMZN,174.47900390625,175.69349670410156,173.35000610351562,174.95599365234375,68644000
2020-09-02,AMZN,177.35000610351562,177.6125030517578,174.33450317382812,176.57249450683594,78630000
2020-09-03,AMZN,174.25,174.42050170898438,165.14999389648438,168.39999389648438,163222000
2020-09-04,AMZN,165.89999389648438,169.0749969482422,155.55650329589844,164.7310028076172,175636000
2020-09-08,AMZN,157.1999969482422,162.54249572753906,156.5,157.49200439453125,121884000
2020-09-09,AMZN,160.14950561523438,165.15899658203125,159.25,163.4304962158203,103774000
2020-09-10,AMZN,165.36099243164062,167.4945068359375,158.52749633789062,158.7554931640625,106614000
2020-09-11,AMZN,160.4344940185547,160.86700439453125,154.19900512695312,155.81100463867188,101880000
2020-09-14,AMZN,158.64700317382812,159.3695068359375,154.8000030517578,155.14849853515625,90592000
2020-09-15,AMZN,156.80799865722656,158.75100708007812,155.4459991455078,157.80650329589844,80430000
2020-09-16,AMZN,158.99949645996094,159.36199951171875,153.70750427246094,153.90499877929688,90244000
2020-09-17,AMZN,150.46249389648438,151.47149658203125,148.62750244140625,150.43649291992188,128982000
2020-09-18,AMZN,151.58700561523438,151.88999938964844,145.27699279785156,147.74549865722656,177852000
2020-09-21,AMZN,145.3249969482422,148.10000610351562,143.5500030517578,148.02349853515625,122358000
2020-09-22,AMZN,151.69200134277344,156.69949340820312,150.00999450683594,156.44949340820312,138976000
2020-09-23,AMZN,156.02149963378906,156.35000610351562,149.61900329589844,149.9929962158203,113054000
2020-09-24,AMZN,148.88949584960938,153.46499633789062,148.25,150.989501953125,110588000
2020-09-25,AMZN,152.7429962158203,155.07699584960938,149.9499969482422,154.75650024414062,92304000
2020-09-28,AMZN,157.4425048828125,158.7519989013672,155.85850524902344,158.70249938964844,84484000
2020-09-29,AMZN,158.76950073242188,159.41299438476562,156.6269989013672,157.24400329589844,69916000
2020-09-30,AMZN,157.0570068359375,160.6439971923828,156.69949340820312,157.43649291992188,97922000
2020-10-01,AMZN,160.39999389648438,161.1999969482422,158.60000610351562,161.06300354003906,99438000
2020-10-02,AMZN,157.68150329589844,159.7899932861328,156.14999389648438,156.25,112262000
2020-10-05,AMZN,157.29200744628906,160.12649536132812,157.04249572753906,159.9600067138672,75506000
2020-10-06,AMZN,158.25,159.10000610351562,154.5,154.9980010986328,101738000
2020-10-07,AMZN,156.75,160.0,156.6195068359375,159.7845001220703,86188000
2020-10-08,AMZN,161.24949645996094,161.6645050048828,158.74949645996094,159.52749633789062,63482000
2020-10-09,AMZN,160.5,164.44949340820312,159.89149475097656,164.33250427246094,98158000
2020-10-12,AMZN,167.4969940185547,174.81199645996094,166.9774932861328,172.14649963378906,167284000
2020-10-13,AMZN,173.39950561523438,174.61900329589844,171.21099853515625,172.18150329589844,114894000
2020-10-14,AMZN,172.35000610351562,173.24400329589844,167.0,168.1855010986328,116254000
2020-10-15,AMZN,164.60049438476562,167.79400634765625,164.0,166.9324951171875,104468000
2020-10-16,AMZN,168.1614990234375,169.98300170898438,158.0,163.635498046875,129488000
2020-10-19,AMZN,164.98049926757812,166.4499969482422,159.63699340820312,160.36050415039062,104472000
2020-10-20,AMZN,161.11399841308594,163.3000030517578,159.60049438476562,160.85049438476562,90194000
2020-10-21,AMZN,160.625,161.69400024414062,158.0,159.2469940185547,91854000
2020-10-22,AMZN,159.49349975585938,159.9375,156.0970001220703,158.82000732421875,84240000
2020-10-23,AMZN,159.5500030517578,160.26649475097656,157.0,160.22000122070312,69334000
2020-10-26,AMZN,159.93699645996094,164.1490020751953,157.6649932861328,160.3520050048828,118024000
2020-10-27,AMZN,161.2469940185547,164.58299255371094,160.56500244140625,164.31649780273438,85820000
2020-10-28,AMZN,162.46499633789062,163.2010040283203,158.12350463867188,158.13900756835938,111766000
2020-10-29,AMZN,160.06350708007812,162.8625030517578,158.1999969482422,160.55050659179688,131930000
2020-10-30,AMZN,157.8874969482422,158.35000610351562,150.9499969482422,151.8074951171875,167728000
2020-11-02,AMZN,153.08700561523438,153.98550415039062,147.50599670410156,150.2239990234375,145148000
2020-11-03,AMZN,150.92649841308594,153.7449951171875,149.0489959716797,152.42050170898438,97958000
2020-11-04,AMZN,157.99949645996094,162.24249267578125,156.9864959716797,162.05799865722656,136780000
2020-11-05,AMZN,165.99850463867188,168.33999633789062,164.44400024414062,166.10000610351562,115786000
2020-11-06,AMZN,165.23199462890625,166.10000610351562,161.60000610351562,165.56849670410156,92946000
2020-11-09,AMZN,161.55149841308594,164.4499969482422,155.60549926757812,157.18699645996094,143808000
2020-11-10,AMZN,154.75100708007812,155.6999969482422,150.9739990234375,151.75100708007812,131820000
2020-11-11,AMZN,153.08900451660156,156.95750427246094,152.5,156.8695068359375,87338000
2020-11-12,AMZN,157.99749755859375,158.79400634765625,154.30250549316406,155.51400756835938,87240000
2020-11-13,AMZN,156.10000610351562,157.08599853515625,154.26950073242188,156.4405059814453,75124000
2020-11-16,AMZN,154.66000366210938,157.13499450683594,153.63450622558594,156.55299377441406,76174000
2020-11-17,AMZN,159.177001953125,159.46249389648438,156.76300048828125,156.7830047607422,68894000
2020-11-18,AMZN,156.6999969482422,157.0,155.2550048828125,155.2729949951172,58336000
2020-11-19,AMZN,155.2655029296875,156.25,154.04600524902344,155.8509979248047,60206000
2020-11-20,AMZN,155.8509979248047,156.64450073242188,154.90249633789062,154.97000122070312,67488000
2020-11-23,AMZN,155.8350067138672,156.9875030517578,153.2729949951172,154.91949462890625,94178000
2020-11-24,AMZN,155.02499389648438,156.71249389648438,154.31300354003906,155.9029998779297,72042000
2020-11-25,AMZN,157.093505859375,159.89999389648438,157.01300048828125,159.2534942626953,75808000
2020-11-27,AMZN,160.56300354003906,160.8094940185547,159.50250244140625,159.76699829101562,47858000
2020-11-30,AMZN,160.4239959716797,161.41949462890625,156.27749633789062,158.40199279785156,81278000
2020-12-01,AMZN,159.4250030517578,162.44749450683594,157.85899353027344,161.00399780273438,90740000
2020-12-02,AMZN,161.08250427246094,161.60000610351562,158.66299438476562,160.17649841308594,62586000
2020-12-03,AMZN,160.2729949951172,161.4320068359375,159.0655059814453,159.3365020751953,57840000
2020-12-04,AMZN,159.91050720214844,159.91050720214844,157.93800354003906,158.12899780273438,58272000
2020-12-07,AMZN,157.82400512695312,159.03799438476562,157.08450317382812,157.89999389648438,55026000
2020-12-08,AMZN,157.94500732421875,159.2064971923828,156.00100708007812,158.864501953125,65726000
2020-12-09,AMZN,158.39450073242188,158.72149658203125,154.39999389648438,155.2100067138672,82016000
2020-12-10,AMZN,154.44949340820312,157.10499572753906,153.8000030517578,155.07449340820312,60604000
2020-12-11,AMZN,154.83299255371094,155.93350219726562,153.64100646972656,155.8209991455078,61294000
2020-12-14,AMZN,157.14999389648438,159.52349853515625,156.3000030517578,157.84849548339844,83116000
2020-12-15,AMZN,159.05050659179688,159.4250030517578,156.52450561523438,158.25599670410156,66390000
2020-12-16,AMZN,158.80050659179688,162.35000610351562,158.1840057373047,162.04800415039062,88552000
2020-12-17,AMZN,162.5,163.17550659179688,161.0500030517578,161.8040008544922,69486000
2020-12-18,AMZN,162.19949340820312,162.4709930419922,158.5800018310547,160.08250427246094,119914000
2020-12-21,AMZN,160.00050354003906,161.34849548339844,158.3000030517578,160.3090057373047,76736000
2020-12-22,AMZN,160.14199829101562,161.10000610351562,159.00399780273438,160.3260040283203,47388000
2020-12-23,AMZN,160.25,160.50650024414062,159.20849609375,159.2635040283203,41876000
2020-12-24,AMZN,159.69500732421875,160.10000610351562,158.4499969482422,158.63450622558594,29038000
2020-12-28,AMZN,159.6999969482422,165.1999969482422,158.63450622558594,164.197998046875,113736000
2020-12-29,AMZN,165.4969940185547,167.53250122070312,164.06100463867188,166.10000610351562,97458000
2020-12-30,AMZN,167.0500030517578,167.10499572753906,164.12350463867188,164.29249572753906,64186000
2020-12-31,AMZN,163.75,164.14599609375,162.05999755859375,162.84649658203125,59144000
2021-01-04,AMZN,163.5,163.60000610351562,157.2010040283203,159.3314971923828,88228000
2021-01-05,AMZN,158.30050659179688,161.16900634765625,158.2530059814453,160.92550659179688,53110000
2021-01-06,AMZN,157.32400512695312,159.87550354003906,156.55799865722656,156.91900634765625,87896000
2021-01-07,AMZN,157.85000610351562,160.427001953125,157.75,158.10800170898438,70290000
2021-01-08,AMZN,159.0,159.53199768066406,157.11000061035156,159.13499450683594,70754000
2021-01-11,AMZN,157.40049743652344,157.81900024414062,155.5,155.7104949951172,73668000
2021-01-12,AMZN,156.0,157.10699462890625,154.3000030517578,156.04150390625,70292000
2021-01-13,AMZN,156.4219970703125,159.49749755859375,156.10400390625,158.29449462890625,66424000
2021-01-14,AMZN,158.37600708007812,158.89999389648438,156.0294952392578,156.37350463867188,61418000
2021-01-15,AMZN,156.1510009765625,157.12750244140625,154.7584991455078,155.21249389648438,84880000
2021-01-19,AMZN,155.35000610351562,157.25,154.8000030517578,156.03799438476562,66102000
2021-01-20,AMZN,159.09950256347656,163.99000549316406,158.75,163.16900634765625,106196000
2021-01-21,AMZN,164.64999389648438,167.42750549316406,164.47850036621094,165.34950256347656,98722000
2021-01-22,AMZN,165.2154998779297,166.0955047607422,164.1580047607422,164.6114959716797,56438000
2021-01-25,AMZN,166.4250030517578,168.1945037841797,162.15750122070312,164.6999969482422,74996000
2021-01-26,AMZN,164.8179931640625,166.89999389648438,164.14349365234375,166.30650329589844,59104000
2021-01-27,AMZN,167.07449340820312,167.3260040283203,160.35400390625,161.62899780273438,93204000
2021-01-28,AMZN,161.7519989013672,165.08399963378906,161.4344940185547,161.88099670410156,62984000
2021-01-29,AMZN,161.5,161.84950256347656,159.2274932861328,160.30999755859375,85872000
2021-02-01,AMZN,162.1179962158203,167.51300048828125,161.75149536132812,167.1439971923828,83204000
2021-02-02,AMZN,169.0,171.38699340820312,168.05650329589844,169.0,141972000
2021-02-03,AMZN,171.25050354003906,171.6999969482422,165.43099975585938,165.62649536132812,141776000
2021-02-04,AMZN,166.5,167.35000610351562,163.8874969482422,166.5500030517578,73414000
2021-02-05,AMZN,165.9499969482422,168.85000610351562,165.135498046875,167.6074981689453,72416000
2021-02-08,AMZN,167.9250030517578,168.25,165.1999969482422,166.14700317382812,65148000
2021-02-09,AMZN,165.62449645996094,166.89999389648438,164.89199829101562,165.25,44070000
2021-02-10,AMZN,165.6999969482422,165.8975067138672,162.6999969482422,164.32899475097656,63032000
2021-02-11,AMZN,164.60000610351562,164.60000610351562,162.4029998779297,163.10650634765625,46028000
2021-02-12,AMZN,162.5,164.0124969482422,161.66549682617188,163.885498046875,46706000
2021-02-16,AMZN,162.70249938964844,165.4149932861328,162.67950439453125,163.44749450683594,51494000
2021-02-17,AMZN,163.17999267578125,166.04550170898438,162.97500610351562,165.4320068359375,65950000
2021-02-18,AMZN,164.12100219726562,166.89999389648438,163.69700622558594,166.4114990234375,60548000
2021-02-19,AMZN,166.4114990234375,166.6750030517578,162.28750610351562,162.4949951171875,86104000
2021-02-22,AMZN,160.406494140625,161.61599731445312,158.61300659179688,159.03700256347656,70314000
2021-02-23,AMZN,156.35150146484375,160.2364959716797,154.67999267578125,159.72500610351562,93544000
2021-02-24,AMZN,158.33749389648438,158.56149291992188,156.2689971923828,157.97650146484375,60226000
2021-02-25,AMZN,156.83700561523438,158.91299438476562,152.38800048828125,152.85800170898438,90676000
2021-02-26,AMZN,154.75999450683594,156.1219940185547,151.8350067138672,154.64649963378906,85518000
2021-03-01,AMZN,156.39450073242188,157.47799682617188,154.89950561523438,157.3070068359375,54582000
2021-03-02,AMZN,157.17349243164062,158.17599487304688,154.3560028076172,154.72650146484375,51916000
2021-03-03,AMZN,154.0590057373047,155.38900756835938,149.75,150.25,79774000
2021-03-04,AMZN,150.60000610351562,152.906494140625,147.27149963378906,148.8784942626953,109632000
2021-03-05,AMZN,150.25,150.4499969482422,144.0500030517578,150.0229949951172,107772000
2021-03-08,AMZN,150.75,153.22950744628906,147.5655059814453,147.59750366210938,83700000
2021-03-09,AMZN,150.89950561523438,154.54800415039062,150.25750732421875,153.1425018310547,80600000
2021-03-10,AMZN,154.92250061035156,155.822998046875,151.50250244140625,152.8820037841797,60250000
2021-03-11,AMZN,155.20050048828125,156.58900451660156,154.14649963378906,155.67950439453125,55528000
2021-03-12,AMZN,153.75,154.94900512695312,152.27499389648438,154.47450256347656,48438000
2021-03-15,AMZN,153.72850036621094,154.11199951171875,151.60450744628906,154.08399963378906,58272000
2021-03-16,AMZN,155.24850463867188,156.44549560546875,153.79299926757812,154.59300231933594,50776000
2021-03-17,AMZN,153.66099548339844,158.65249633789062,153.51100158691406,156.7864990234375,62372000
2021-03-18,AMZN,155.0500030517578,155.8314971923828,151.25,151.39950561523438,72992000
2021-03-19,AMZN,151.4615020751953,153.864501953125,150.8314971923828,153.7480010986328,92508000
2021-03-22,AMZN,153.3925018310547,156.32899475097656,153.00250244140625,155.5435028076172,58044000
2021-03-23,AMZN,156.35000610351562,159.10000610351562,156.04249572753906,156.875,76346000
2021-03-24,AMZN,157.552001953125,158.0155029296875,154.25750732421875,154.35350036621094,59180000
2021-03-25,AMZN,153.64950561523438,155.48899841308594,151.85699462890625,152.31300354003906,71270000
2021-03-26,AMZN,152.2030029296875,152.83299255371094,149.8000030517578,152.60150146484375,66258000
2021-03-29,AMZN,152.77200317382812,154.5625,151.42250061035156,153.7864990234375,54920000
2021-03-30,AMZN,153.50050354003906,153.64999389648438,151.6999969482422,152.76449584960938,46752000
2021-03-31,AMZN,153.2030029296875,155.9665069580078,153.125,154.70399475097656,61878000
2021-04-01,AMZN,155.89700317382812,158.1219940185547,155.77749633789062,158.0500030517578,58806000
2021-04-05,AMZN,158.64999389648438,161.79800415039062,158.06199645996094,161.3365020751953,66698000
2021-04-06,AMZN,161.1875,162.36549377441406,160.8520050048828,161.1909942626953,50756000
2021-04-07,AMZN,161.69000244140625,165.1804962158203,161.1824951171875,163.96949768066406,66924000
2021-04-08,AMZN,165.5449981689453,166.22500610351562,164.60000610351562,164.96499633789062,56242000
2021-04-09,AMZN,165.23500061035156,168.61000061035156,164.44500732421875,168.61000061035156,86830000
2021-04-12,AMZN,167.760498046875,169.7519989013672,167.5574951171875,168.96949768066406,65636000
2021-04-13,AMZN,170.04249572753906,171.60000610351562,169.781494140625,170.0,66316000
2021-04-14,AMZN,170.20199584960938,170.2064971923828,166.3000030517578,166.64999389648438,62904000
2021-04-15,AMZN,168.5500030517578,169.85000610351562,167.60000610351562,168.95449829101562,64672000
2021-04-16,AMZN,169.0,170.33999633789062,167.7794952392578,169.9720001220703,63720000
2021-04-19,AMZN,169.51649475097656,171.79649353027344,168.00799560546875,168.60049438476562,54508000
2021-04-20,AMZN,168.67999267578125,169.14950561523438,165.8000030517578,166.7344970703125,52460000
2021-04-21,AMZN,165.8000030517578,168.14300537109375,165.1905059814453,168.1009979248047,44224000
2021-04-22,AMZN,168.58399963378906,168.64349365234375,165.07249450683594,165.45199584960938,51612000
2021-04-23,AMZN,165.9550018310547,168.75,165.4250030517578,167.04400634765625,63856000
2021-04-26,AMZN,167.39999389648438,171.42250061035156,166.5469970703125,170.4499969482422,97614000
2021-04-27,AMZN,172.17349243164062,173.0,169.90049743652344,170.8715057373047,76542000
2021-04-28,AMZN,171.74000549316406,174.49400329589844,171.25,172.9250030517578,92638000
2021-04-29,AMZN,175.2550048828125,175.72250366210938,171.75,173.5655059814453,153648000
2021-04-30,AMZN,176.25599670410156,177.6999969482422,173.125,173.37100219726562,140186000
2021-05-03,AMZN,174.2364959716797,174.33250427246094,168.63499450683594,169.32449340820312,117510000
2021-05-04,AMZN,167.8094940185547,168.3990020751953,163.60650634765625,165.593505859375,108788000
2021-05-05,AMZN,166.9429931640625,167.73500061035156,163.21800231933594,163.52699279785156,74226000
2021-05-06,AMZN,163.5,165.72000122070312,162.36000061035156,165.31849670410156,88954000
2021-05-07,AMZN,165.95449829101562,166.54449462890625,164.45350646972656,164.58050537109375,94206000
2021-05-10,AMZN,164.11599731445312,164.14999389648438,159.5,159.52450561523438,116772000
2021-05-11,AMZN,156.81399536132812,161.89999389648438,156.36849975585938,161.19549560546875,92396000
2021-05-12,AMZN,159.25,160.39700317382812,156.65499877929688,157.5970001220703,98728000
2021-05-13,AMZN,159.27349853515625,160.19200134277344,156.64999389648438,158.07350158691406,67018000
2021-05-14,AMZN,159.2779998779297,161.4429931640625,159.14999389648438,161.14500427246094,66500000
2021-05-17,AMZN,162.29649353027344,164.6374969482422,161.72950744628906,163.51950073242188,74478000
2021-05-18,AMZN,164.62899780273438,165.60000610351562,161.51849365234375,161.61399841308594,56568000
2021-05-19,AMZN,159.75,161.7375030517578,159.1999969482422,161.58999633789062,53594000
2021-05-20,AMZN,162.22000122070312,162.98399353027344,161.8090057373047,162.38400268554688,52664000
2021-05-21,AMZN,162.5,162.83450317382812,159.85049438476562,160.1540069580078,82098000
2021-05-24,AMZN,160.77499389648438,162.8975067138672,160.52499389648438,162.24949645996094,48456000
2021-05-25,AMZN,163.33349609375,163.99099731445312,160.68800354003906,162.95249938964844,65222000
2021-05-26,AMZN,163.72950744628906,164.7864990234375,162.92550659179688,163.25799560546875,47680000
2021-05-27,AMZN,162.8000030517578,163.01800537109375,161.5019989013672,161.5054931640625,51224000
2021-05-28,AMZN,162.10000610351562,162.39950561523438,160.98500061035156,161.15350341796875,46596000
2021-06-01,AMZN,162.1750030517578,162.5489959716797,160.4530029296875,160.9324951171875,48600000
2021-06-02,AMZN,161.15499877929688,161.75,160.39999389648438,161.69949340820312,40290000
2021-06-03,AMZN,160.2115020751953,160.7220001220703,159.20150756835938,159.35049438476562,47966000
2021-06-04,AMZN,160.60000610351562,161.0500030517578,159.9405059814453,160.31100463867188,44994000
2021-06-07,AMZN,159.8665008544922,160.39999389648438,158.61000061035156,159.90049743652344,44316000
2021-06-08,AMZN,161.1304931640625,163.97650146484375,160.90049743652344,163.20550537109375,68334000
2021-06-09,AMZN,163.64349365234375,164.87899780273438,163.53500366210938,164.0574951171875,49110000
2021-06-10,AMZN,164.10049438476562,167.5500030517578,164.0574951171875,167.4824981689453,69530000
2021-06-11,AMZN,167.4824981689453,168.32899475097656,166.67250061035156,167.3415069580078,56348000
2021-06-14,AMZN,167.3415069580078,169.25,166.77499389648438,169.19349670410156,51394000
2021-06-15,AMZN,169.1999969482422,169.84950256347656,168.15550231933594,169.156494140625,48524000
2021-06-16,AMZN,169.60000610351562,171.3175048828125,168.02650451660156,170.7624969482422,84056000
2021-06-17,AMZN,170.15899658203125,174.86000061035156,170.0500030517578,174.46200561523438,102730000
2021-06-18,AMZN,173.99949645996094,175.35000610351562,173.6855010986328,174.34500122070312,104954000
2021-06-21,AMZN,173.8209991455078,174.10000610351562,171.6999969482422,172.697998046875,65542000
2021-06-22,AMZN,172.9029998779297,176.18899536132812,172.80450439453125,175.27200317382812,66902000
2021-06-23,AMZN,175.25,176.0500030517578,174.16000366210938,175.1909942626953,56266000
2021-06-24,AMZN,175.3820037841797,176.2429962158203,171.54249572753906,172.45399475097656,76640000
2021-06-25,AMZN,173.1999969482422,173.24099731445312,169.70899963378906,170.072998046875,78820000
2021-06-28,AMZN,170.8000030517578,172.39999389648438,170.67550659179688,172.1945037841797,44856000
2021-06-29,AMZN,171.9409942626953,172.80149841308594,171.15150451660156,172.40699768066406,41968000
2021-06-30,AMZN,172.05299377441406,173.5800018310547,171.75,172.00799560546875,48080000
2021-07-01,AMZN,171.73049926757812,172.85000610351562,170.4709930419922,171.64849853515625,40742000
2021-07-02,AMZN,172.58200073242188,175.58599853515625,171.8459930419922,175.5489959716797,63388000
2021-07-06,AMZN,176.5054931640625,184.2740020751953,176.4499969482422,183.78700256347656,134896000
2021-07-07,AMZN,185.86900329589844,186.7100067138672,183.94549560546875,184.82899475097656,106562000
2021-07-08,AMZN,182.17799377441406,187.99949645996094,181.05599975585938,186.57049560546875,103612000
2021-07-09,AMZN,186.12600708007812,187.39999389648438,184.6699981689453,185.9669952392578,74964000
2021-07-12,AMZN,187.1999969482422,187.864501953125,184.83949279785156,185.92750549316406,51432000
2021-07-13,AMZN,185.10499572753906,188.6540069580078,183.5659942626953,183.8679962158203,76918000
2021-07-14,AMZN,185.4425048828125,185.88299560546875,183.04150390625,184.08399963378906,65932000
2021-07-15,AMZN,184.7100067138672,184.77000427246094,181.04600524902344,181.55999755859375,63706000
2021-07-16,AMZN,181.66549682617188,182.30299377441406,178.5229949951172,178.68150329589844,80874000
2021-07-19,AMZN,176.62899780273438,177.510498046875,174.95799255371094,177.47950744628906,75692000
2021-07-20,AMZN,178.36599731445312,179.60000610351562,175.89999389648438,178.6595001220703,65114000
2021-07-21,AMZN,178.81900024414062,179.32249450683594,177.1820068359375,179.25999450683594,46380000
2021-07-22,AMZN,179.3614959716797,182.00100708007812,179.11349487304688,181.90150451660156,65308000
2021-07-23,AMZN,182.0,183.3054962158203,181.1020050048828,182.83200073242188,48726000
2021-07-26,AMZN,183.6584930419922,185.60400390625,182.3625030517578,184.99099731445312,58002000
2021-07-27,AMZN,184.9250030517578,184.9250030517578,179.3074951171875,181.3195037841797,82638000
2021-07-28,AMZN,181.68899536132812,182.92100524902344,180.0500030517578,181.51600646972656,59988000
2021-07-29,AMZN,181.3874969482422,181.8975067138672,179.00050354003906,179.99600219726562,110400000
2021-07-30,AMZN,167.3975067138672,168.40699768066406,165.3489990234375,166.37950134277344,199312000
2021-08-02,AMZN,167.65499877929688,167.9459991455078,165.85000610351562,166.57400512695312,67078000
2021-08-03,AMZN,167.03599548339844,169.5500030517578,164.98849487304688,168.31199645996094,83146000
2021-08-04,AMZN,168.96749877929688,169.44400024414062,167.2779998779297,167.73599243164062,43678000
2021-08-05,AMZN,167.81100463867188,169.4499969482422,167.04600524902344,168.79949951171875,48670000
2021-08-06,AMZN,168.75,168.75,166.45199584960938,167.2469940185547,52752000
2021-08-09,AMZN,167.1804962158203,167.74400329589844,166.42599487304688,167.093505859375,42964000
2021-08-10,AMZN,167.25050354003906,167.89999389648438,165.75,166.03399658203125,48252000
2021-08-11,AMZN,166.57249450683594,166.88499450683594,163.88949584960938,164.60549926757812,58944000
2021-08-12,AMZN,164.5,165.72549438476562,163.48350524902344,165.1750030517578,46282000
2021-08-13,AMZN,165.2834930419922,165.30349731445312,164.14999389648438,164.69850158691406,41134000
2021-08-16,AMZN,164.14999389648438,165.0,160.55650329589844,164.94949340820312,66394000
2021-08-17,AMZN,163.875,164.02450561523438,161.28399658203125,162.09800720214844,67758000
2021-08-18,AMZN,162.09950256347656,162.7050018310547,160.0,160.06100463867188,56086000
2021-08-19,AMZN,159.7010040283203,161.64999389648438,159.1230010986328,159.3874969482422,75658000
2021-08-20,AMZN,160.19349670410156,160.3905029296875,158.78799438476562,159.99749755859375,67168000
2021-08-23,AMZN,160.59500122070312,164.0449981689453,160.50050354003906,163.2935028076172,65362000
2021-08-24,AMZN,164.0,165.77450561523438,163.72900390625,165.28900146484375,51036000
2021-08-25,AMZN,165.49349975585938,166.0500030517578,164.3074951171875,164.95899963378906,33606000
2021-08-26,AMZN,164.9499969482422,166.60000610351562,164.8000030517578,165.8000030517578,41976000
2021-08-27,AMZN,166.6614990234375,167.61599731445312,165.6875,167.48150634765625,48048000
2021-08-30,AMZN,167.8715057373047,172.25,167.76100158691406,171.07850646972656,63844000
2021-08-31,AMZN,171.24000549316406,173.62899780273438,169.7794952392578,173.5395050048828,87128000
2021-09-01,AMZN,174.82000732421875,176.35000610351562,173.76199340820312,173.9499969482422,72598000
2021-09-02,AMZN,174.73800659179688,175.59800720214844,172.75,173.156005859375,58474000
2021-09-03,AMZN,172.60000610351562,174.1334991455078,171.82200622558594,173.90249633789062,51514000
2021-09-07,AMZN,173.89999389648438,176.4044952392578,173.8470001220703,175.46449279785156,54758000
2021-09-08,AMZN,175.58250427246094,177.281494140625,174.7834930419922,176.27499389648438,61068000
2021-09-09,AMZN,176.30099487304688,177.49949645996094,174.01849365234375,174.20799255371094,54384000
2021-09-10,AMZN,175.0915069580078,175.42250061035156,173.14549255371094,173.45750427246094,47946000
2021-09-13,AMZN,174.13999938964844,174.8979949951172,171.89999389648438,172.85850524902344,51380000
2021-09-14,AMZN,173.77749633789062,174.3404998779297,171.885498046875,172.5,38738000
2021-09-15,AMZN,172.12600708007812,174.27099609375,170.10049438476562,173.7895050048828,59150000
2021-09-16,AMZN,172.9980010986328,174.62750244140625,172.3070068359375,174.41200256347656,51672000
2021-09-17,AMZN,174.42050170898438,174.87049865722656,172.60650634765625,173.12600708007812,92332000
2021-09-20,AMZN,169.8000030517578,170.9499969482422,165.25050354003906,167.7864990234375,93382000
2021-09-21,AMZN,168.75,168.98500061035156,166.6195068359375,167.18150329589844,55618000
2021-09-22,AMZN,167.5500030517578,169.4499969482422,167.05250549316406,169.00250244140625,48228000
2021-09-23,AMZN,169.00250244140625,171.447998046875,169.00250244140625,170.8000030517578,47588000
2021-09-24,AMZN,170.10049438476562,171.46299743652344,169.6699981689453,171.2760009765625,42324000
2021-09-27,AMZN,168.5749969482422,170.77850341796875,166.98049926757812,170.2899932861328,72690000
2021-09-28,AMZN,167.885498046875,168.45950317382812,164.5050048828125,165.79800415039062,88616000
2021-09-29,AMZN,166.10549926757812,167.56500244140625,164.89349365234375,165.05599975585938,51246000
2021-09-30,AMZN,165.8000030517578,166.3925018310547,163.69949340820312,164.2519989013672,56848000
2021-10-01,AMZN,164.45050048828125,165.45849609375,162.7969970703125,164.16299438476562,56712000
2021-10-04,AMZN,163.96949768066406,163.99949645996094,158.8125,159.48899841308594,90462000
2021-10-05,AMZN,160.22500610351562,163.0364990234375,160.1230010986328,161.0500030517578,65384000
2021-10-06,AMZN,160.67649841308594,163.2169952392578,159.93099975585938,163.10049438476562,50660000
2021-10-07,AMZN,164.57699584960938,166.28750610351562,164.1529998779297,165.1215057373047,48182000
2021-10-08,AMZN,165.85000610351562,166.07150268554688,164.41000366210938,164.43099975585938,39964000
2021-10-11,AMZN,163.75,164.62950134277344,161.90499877929688,162.31500244140625,40684000
2021-10-12,AMZN,162.85000610351562,163.37649536132812,161.81399536132812,162.3665008544922,36392000
2021-10-13,AMZN,163.48550415039062,164.41900634765625,163.05450439453125,164.21400451660156,48402000
2021-10-14,AMZN,165.12249755859375,165.6300048828125,164.53900146484375,164.9929962158203,42190000
2021-10-15,AMZN,165.5709991455078,170.52099609375,165.1999969482422,170.4510040283203,103598000
2021-10-18,AMZN,169.41799926757812,172.45849609375,169.2550048828125,172.33700561523438,63482000
2021-10-19,AMZN,171.71449279785156,172.7344970703125,171.10000610351562,172.20750427246094,47722000
2021-10-20,AMZN,172.63299560546875,173.14300537109375,170.01849365234375,170.7530059814453,42796000
2021-10-21,AMZN,170.71249389648438,172.01400756835938,170.14999389648438,171.75050354003906,37628000
2021-10-22,AMZN,171.0500030517578,171.49200439453125,166.56500244140625,166.77749633789062,62782000
2021-10-25,AMZN,166.75,167.38999938964844,164.88499450683594,166.01849365234375,44520000
2021-10-26,AMZN,167.47549438476562,170.80599975585938,167.19900512695312,168.80349731445312,53966000
2021-10-27,AMZN,169.39999389648438,171.85000610351562,168.57249450683594,169.62449645996094,54044000
2021-10-28,AMZN,170.10499572753906,173.9499969482422,169.3000030517578,172.32850646972656,114174000
2021-10-29,AMZN,165.00100708007812,168.74099731445312,163.66600036621094,168.6215057373047,129722000
2021-11-01,AMZN,168.08999633789062,168.79299926757812,164.6009979248047,165.90550231933594,72178000
2021-11-02,AMZN,165.75050354003906,166.55599975585938,164.17750549316406,165.6374969482422,52552000
2021-11-03,AMZN,165.4499969482422,169.74600219726562,164.87600708007812,169.1999969482422,67944000
2021-11-04,AMZN,168.5,174.93150329589844,168.25,173.85000610351562,107060000
2021-11-05,AMZN,173.85000610351562,178.3125,173.8489990234375,175.94949340820312,99940000
2021-11-08,AMZN,176.16200256347656,178.9499969482422,174.39300537109375,174.44900512695312,61480000
2021-11-09,AMZN,175.7624969482422,179.68850708007812,175.07150268554688,178.81149291992188,85898000
2021-11-10,AMZN,178.19349670410156,180.2725067138672,173.1544952392578,174.1024932861328,80548000
2021-11-11,AMZN,175.64999389648438,177.16200256347656,173.37350463867188,173.625,45288000
2021-11-12,AMZN,174.25,177.0364990234375,172.3524932861328,176.25750732421875,53788000
2021-11-15,AMZN,176.85000610351562,179.69400024414062,176.29049682617188,177.28399658203125,58594000
2021-11-16,AMZN,176.9499969482422,178.8249969482422,176.25750732421875,177.03500366210938,44342000
2021-11-17,AMZN,178.23599243164062,179.3625030517578,177.2675018310547,177.4499969482422,51206000
2021-11-18,AMZN,178.3175048828125,185.2100067138672,178.0500030517578,184.80299377441406,114070000
2021-11-19,AMZN,185.63450622558594,188.1074981689453,183.78599548339844,183.82850646972656,98734000
2021-11-22,AMZN,183.81900024414062,185.67300415039062,178.375,178.6284942626953,96844000
2021-11-23,AMZN,179.2519989013672,181.05250549316406,176.385498046875,179.0019989013672,73804000
2021-11-24,AMZN,178.1334991455078,180.6820068359375,176.84249877929688,179.02049255371094,46560000
2021-11-26,AMZN,180.10499572753906,181.6750030517578,175.20750427246094,175.22799682617188,59826000
2021-11-29,AMZN,177.3820037841797,179.8000030517578,176.5749969482422,178.07850646972656,65312000
2021-11-30,AMZN,178.1750030517578,179.2884979248047,174.60049438476562,175.35350036621094,80022000
2021-12-01,AMZN,177.25,177.99400329589844,172.0800018310547,172.18600463867188,74916000
2021-12-02,AMZN,173.0,174.63499450683594,171.1875,171.8679962158203,64726000
2021-12-03,AMZN,172.75,173.49349975585938,166.92999267578125,169.489501953125,80712000
2021-12-06,AMZN,169.64999389648438,173.69549560546875,166.9344940185547,171.36849975585938,68860000
2021-12-07,AMZN,174.60000610351562,177.49949645996094,173.33450317382812,176.1645050048828,66410000
2021-12-08,AMZN,176.15049743652344,177.17999267578125,174.75050354003906,176.1580047607422,45254000
2021-12-09,AMZN,175.75,176.96949768066406,174.13949584960938,174.17100524902344,46062000
2021-12-10,AMZN,175.41700744628906,175.927001953125,170.5,172.21200561523438,60690000
2021-12-13,AMZN,172.0,172.10000610351562,169.1300048828125,169.5675048828125,62170000
2021-12-14,AMZN,167.5500030517578,169.49899291992188,166.44000244140625,169.0915069580078,55976000
2021-12-15,AMZN,168.59800720214844,173.60000610351562,165.19500732421875,173.31500244140625,75794000
2021-12-16,AMZN,173.36849975585938,174.16600036621094,168.16050720214844,168.87100219726562,60876000
2021-12-17,AMZN,167.7104949951172,170.89849853515625,165.61349487304688,170.0175018310547,85542000
2021-12-20,AMZN,166.85000610351562,167.87449645996094,165.60000610351562,167.07899475097656,57372000
2021-12-21,AMZN,167.85049438476562,170.7165069580078,165.6475067138672,170.41700744628906,55956000
2021-12-22,AMZN,169.27000427246094,172.0500030517578,168.50050354003906,171.03700256347656,55036000
2021-12-23,AMZN,170.42799377441406,171.97500610351562,170.14999389648438,171.06849670410156,36788000
2021-12-27,AMZN,171.03700256347656,172.9429931640625,169.2154998779297,169.66949462890625,58688000
2021-12-28,AMZN,170.1824951171875,172.17599487304688,169.135498046875,170.66099548339844,54638000
2021-12-29,AMZN,170.83999633789062,171.21200561523438,168.60049438476562,169.2010040283203,35754000
2021-12-30,AMZN,169.6999969482422,170.88800048828125,168.5240020751953,168.64450073242188,37584000
2021-12-31,AMZN,168.95599365234375,169.35000610351562,166.55850219726562,166.7169952392578,47830000
2022-01-03,AMZN,167.5500030517578,170.70350646972656,166.16050720214844,170.4044952392578,63520000
2022-01-04,AMZN,170.43800354003906,171.39999389648438,166.34950256347656,167.52200317382812,70726000
2022-01-05,AMZN,166.88299560546875,167.12649536132812,164.35699462890625,164.35699462890625,64302000
2022-01-06,AMZN,163.45050048828125,164.8000030517578,161.93699645996094,163.25399780273438,51958000
2022-01-07,AMZN,163.83900451660156,165.24349975585938,162.031005859375,162.5540008544922,46606000
2022-01-10,AMZN,160.5854949951172,161.6614990234375,156.30450439453125,161.48599243164062,87798000
2022-01-11,AMZN,161.5,166.35000610351562,160.70150756835938,165.36199951171875,62806000
2022-01-12,AMZN,166.5749969482422,166.8780059814453,164.41700744628906,165.20700073242188,50030000
2022-01-13,AMZN,165.25050354003906,166.22149658203125,161.09100341796875,161.21400451660156,52188000
2022-01-14,AMZN,160.14999389648438,162.25,159.80050659179688,162.13800048828125,45974000
2022-01-18,AMZN,159.10499572753906,159.7344970703125,157.6645050048828,158.91749572753906,67292000
2022-01-19,AMZN,158.76199340820312,159.25,156.25,156.2989959716797,53242000
2022-01-20,AMZN,156.76600646972656,158.0,151.3509979248047,151.66749572753906,71974000
2022-01-21,AMZN,149.9499969482422,150.89999389648438,142.07049560546875,142.64300537109375,163972000
2022-01-24,AMZN,139.0,144.94500732421875,135.3520050048828,144.54400634765625,155624000
2022-01-25,AMZN,142.24249267578125,143.60000610351562,138.14500427246094,139.98599243164062,90824000
2022-01-26,AMZN,144.75,145.18499755859375,137.31849670410156,138.87249755859375,95602000
2022-01-27,AMZN,140.8000030517578,144.24349975585938,139.35000610351562,139.6374969482422,77516000
2022-01-28,AMZN,140.86050415039062,143.9980010986328,137.92950439453125,143.97799682617188,74392000
2022-01-31,AMZN,144.75,150.36050415039062,144.30050659179688,149.57350158691406,78308000
2022-02-01,AMZN,150.0,151.70799255371094,147.62750244140625,151.19349670410156,59220000
2022-02-02,AMZN,155.05050659179688,155.0749969482422,148.86349487304688,150.6125030517578,87330000
2022-02-03,AMZN,141.7375030517578,144.24749755859375,138.33299255371094,138.8455047607422,225532000
2022-02-04,AMZN,155.60650634765625,161.1999969482422,150.60800170898438,157.63949584960938,253456000
2022-02-07,AMZN,158.52000427246094,162.6909942626953,157.25,157.9355010986328,102624000
2022-02-08,AMZN,156.75050354003906,161.79249572753906,155.55050659179688,161.4134979248047,76040000
2022-02-09,AMZN,162.87350463867188,163.83450317382812,160.25,161.1894989013672,68786000
2022-02-10,AMZN,158.35000610351562,160.7165069580078,157.75,159.0034942626953,68268000
2022-02-11,AMZN,158.13450622558594,159.0,152.73399353027344,153.2935028076172,77100000
2022-02-14,AMZN,151.75100708007812,158.44850158691406,151.64999389648438,155.16700744628906,83230000
2022-02-15,AMZN,157.60549926757812,158.0070037841797,154.6374969482422,156.510498046875,56440000
2022-02-16,AMZN,155.79049682617188,158.83399963378906,154.7344970703125,158.10049438476562,52704000
2022-02-17,AMZN,158.14599609375,160.3489990234375,154.5,154.65249633789062,64032000
2022-02-18,AMZN,155.49949645996094,155.49949645996094,150.89300537109375,152.60150146484375,63604000
2022-02-22,AMZN,150.47850036621094,152.9824981689453,148.48550415039062,150.19749450683594,66128000
2022-02-23,AMZN,151.65049743652344,151.76300048828125,144.6510009765625,144.82699584960938,64244000
2022-02-24,AMZN,139.83749389648438,151.74899291992188,139.5,151.35800170898438,100786000
2022-02-25,AMZN,150.5500030517578,153.99000549316406,149.2135009765625,153.7884979248047,62396000
2022-02-28,AMZN,152.4250030517578,154.4499969482422,150.85000610351562,153.56300354003906,57684000
2022-03-01,AMZN,152.7324981689453,154.0989990234375,149.9770050048828,151.14199829101562,44874000
2022-03-02,AMZN,150.8489990234375,152.99949645996094,148.75,152.05250549316406,47334000
2022-03-03,AMZN,153.531494140625,153.9290008544922,146.8560028076172,147.89849853515625,65198000
2022-03-04,AMZN,147.15899658203125,147.85000610351562,143.8070068359375,145.64100646972656,60934000
2022-03-07,AMZN,145.44349670410156,146.09449768066406,137.41650390625,137.4530029296875,86934000
2022-03-08,AMZN,136.68350219726562,140.69949340820312,133.57249450683594,136.01449584960938,91662000
2022-03-09,AMZN,139.5,140.25,136.8280029296875,139.2790069580078,82656000
2022-03-10,AMZN,145.68499755859375,148.67449951171875,143.97799682617188,146.8175048828125,135062000
2022-03-11,AMZN,149.57449340820312,149.6750030517578,145.36900329589844,145.52450561523438,68900000
2022-03-14,AMZN,145.9810028076172,147.4499969482422,140.88400268554688,141.85299682617188,74086000
2022-03-15,AMZN,142.85000610351562,147.98500061035156,142.0,147.3665008544922,75584000
2022-03-16,AMZN,148.5,153.14999389648438,147.35350036621094,153.10400390625,84958000
2022-03-17,AMZN,152.6405029296875,157.49850463867188,152.13999938964844,157.23899841308594,72934000
2022-03-18,AMZN,156.81300354003906,161.593994140625,156.01100158691406,161.25050354003906,102962000
2022-03-21,AMZN,161.12100219726562,163.08399963378906,159.55299377441406,161.4915008544922,66538000
2022-03-22,AMZN,161.8054962158203,166.16700744628906,161.69900512695312,164.88900756835938,64086000
2022-03-23,AMZN,163.7050018310547,166.3699951171875,162.68699645996094,163.4080047607422,55812000
2022-03-24,AMZN,163.74949645996094,164.11849975585938,160.0500030517578,163.64950561523438,56798000
2022-03-25,AMZN,164.0,165.36849975585938,162.25,164.77349853515625,49032000
2022-03-28,AMZN,164.97500610351562,169.03750610351562,164.89999389648438,168.99049377441406,59854000
2022-03-29,AMZN,170.38400268554688,170.8314971923828,167.86849975585938,169.31500244140625,66154000
2022-03-30,AMZN,168.50950622558594,168.95050048828125,165.5,166.30099487304688,56168000
2022-03-31,AMZN,166.44500732421875,166.4949951171875,162.95350646972656,162.99749755859375,59966000
2022-04-01,AMZN,164.14950561523438,165.82699584960938,162.3195037841797,163.55999755859375,57090000
2022-04-04,AMZN,164.125,168.39450073242188,163.20550537109375,168.34649658203125,49882000
2022-04-05,AMZN,167.7415008544922,168.11050415039062,163.26600646972656,164.05499267578125,53728000
2022-04-06,AMZN,161.65049743652344,162.1999969482422,157.25450134277344,158.75599670410156,79056000
2022-04-07,AMZN,158.39999389648438,160.07899475097656,154.51150512695312,157.7845001220703,68136000
2022-04-08,AMZN,156.75,157.36849975585938,154.2310028076172,154.4604949951172,46002000
2022-04-11,AMZN,152.71299743652344,154.13650512695312,150.5345001220703,151.1219940185547,52112000
2022-04-12,AMZN,153.6925048828125,155.0989990234375,150.38299560546875,150.78750610351562,55178000
2022-04-13,AMZN,150.01849365234375,156.02499389648438,149.60000610351562,155.54100036621094,53390000
2022-04-14,AMZN,155.38999938964844,155.89700317382812,151.4720001220703,151.7064971923828,51598000
2022-04-18,AMZN,151.52349853515625,154.0395050048828,150.25050354003906,152.78500366210938,46514000
2022-04-19,AMZN,152.0294952392578,158.6490020751953,151.55050659179688,158.11549377441406,54926000
2022-04-20,AMZN,157.6024932861328,157.6024932861328,153.60350036621094,153.9980010986328,59630000
2022-04-21,AMZN,154.71400451660156,156.73800659179688,147.58949279785156,148.29600524902344,63970000
2022-04-22,AMZN,148.25,149.61500549316406,143.69749450683594,144.35000610351562,73078000
2022-04-25,AMZN,144.0229949951172,146.22149658203125,142.30650329589844,146.07400512695312,61874000
2022-04-26,AMZN,144.8000030517578,144.8560028076172,138.92950439453125,139.39100646972656,77530000
2022-04-27,AMZN,140.19149780273438,141.94850158691406,135.7834930419922,138.16700744628906,71336000
2022-04-28,AMZN,142.17799377441406,145.9375,140.3000030517578,144.59649658203125,117316000
2022-04-29,AMZN,129.8489990234375,130.76100158691406,121.625,124.28150177001953,272662000
2022-05-02,AMZN,122.4010009765625,124.66799926757812,118.375,124.5,148788000
2022-05-03,AMZN,124.05349731445312,126.22049713134766,122.82499694824219,124.25350189208984,79134000
2022-05-04,AMZN,123.5999984741211,126.0,119.18299865722656,125.92849731445312,110746000
2022-05-05,AMZN,123.0,123.4990005493164,115.07250213623047,116.40699768066406,144392000
2022-05-06,AMZN,114.8499984741211,119.05049896240234,113.08149719238281,114.77249908447266,124260000
2022-05-09,AMZN,111.3125,114.0,107.95700073242188,108.78900146484375,128124000
2022-05-10,AMZN,111.25,112.64250183105469,107.1709976196289,108.85900115966797,105434000
2022-05-11,AMZN,108.10350036621094,110.15599822998047,104.42849731445312,105.37200164794922,109704000
2022-05-12,AMZN,102.75,110.78050231933594,102.40550231933594,106.93049621582031,132026000
2022-05-13,AMZN,109.06900024414062,113.18399810791016,107.80000305175781,113.05500030517578,93684000
2022-05-16,AMZN,113.0999984741211,113.99250030517578,110.35399627685547,110.81050109863281,74566000
2022-05-17,AMZN,113.2750015258789,115.80000305175781,111.27649688720703,115.36849975585938,76448000
2022-05-18,AMZN,111.43949890136719,112.85299682617188,106.2490005493164,107.11250305175781,108380000
2022-05-19,AMZN,106.28050231933594,110.03399658203125,106.19300079345703,107.31900024414062,88142000
2022-05-20,AMZN,109.56849670410156,109.89800262451172,105.0094985961914,107.59100341796875,99500000
2022-05-23,AMZN,108.46099853515625,108.81900024414062,103.94999694824219,107.55699920654297,107798000
2022-05-24,AMZN,104.0250015258789,105.4000015258789,101.26000213623047,104.0999984741211,102934000
2022-05-25,AMZN,103.65550231933594,108.17500305175781,103.6500015258789,106.7750015258789,93120000
2022-05-26,AMZN,107.97000122070312,112.66549682617188,107.45349884033203,111.07749938964844,93002000
2022-05-27,AMZN,113.55000305175781,115.18699645996094,112.62799835205078,115.14649963378906,93660000
2022-05-31,AMZN,116.27999877929688,121.99449920654297,115.67500305175781,120.20950317382812,144634000
2022-06-01,AMZN,122.25599670410156,125.17900085449219,120.62249755859375,121.68399810791016,127528000
2022-06-02,AMZN,121.68399810791016,125.61000061035156,120.04499816894531,125.51100158691406,100560000
2022-06-03,AMZN,124.19999694824219,124.4000015258789,121.04650115966797,122.3499984741211,97604000
2022-06-06,AMZN,125.25,128.99000549316406,123.80999755859375,124.79000091552734,135269000
2022-06-07,AMZN,122.01000213623047,124.0999984741211,120.62999725341797,123.0,85156700
2022-06-08,AMZN,122.61000061035156,123.75,120.75,121.18000030517578,64926600
2022-06-09,AMZN,119.98999786376953,121.30000305175781,116.0999984741211,116.1500015258789,67029800
2022-06-10,AMZN,113.41999816894531,114.5,109.05000305175781,109.6500015258789,87266000
2022-06-13,AMZN,104.19000244140625,106.54000091552734,101.86000061035156,103.66999816894531,99277700
2022-06-14,AMZN,104.19000244140625,104.87999725341797,101.43000030517578,102.30999755859375,69728800
2022-06-15,AMZN,103.86000061035156,109.05999755859375,103.52999877929688,107.66999816894531,85011100
2022-06-16,AMZN,104.47000122070312,104.58000183105469,102.01000213623047,103.66000366210938,82186300
2022-06-17,AMZN,102.80000305175781,106.9800033569336,102.51000213623047,106.22000122070312,99772100
2022-06-21,AMZN,108.19999694824219,111.62999725341797,103.55999755859375,108.68000030517578,70901200
2022-06-22,AMZN,107.43000030517578,112.12999725341797,107.0199966430664,108.94999694824219,60040100
2022-06-23,AMZN,110.38999938964844,113.0,107.93000030517578,112.44000244140625,64345300
2022-06-24,AMZN,112.37999725341797,116.70999908447266,111.43000030517578,116.45999908447266,69867600
2022-06-27,AMZN,117.08999633789062,117.9800033569336,112.69999694824219,113.22000122070312,62133200
2022-06-28,AMZN,113.5,114.8499984741211,107.04000091552734,107.4000015258789,74942900
2022-06-29,AMZN,107.37999725341797,110.98999786376953,106.91000366210938,108.91999816894531,66375300
2022-06-30,AMZN,108.11000061035156,108.18000030517578,102.5199966430664,106.20999908447266,97679400
2022-07-01,AMZN,106.29000091552734,109.75,105.8499984741211,109.55999755859375,73021200
2022-07-05,AMZN,107.5999984741211,114.08000183105469,106.31999969482422,113.5,76583700
2022-07-06,AMZN,113.20999908447266,115.4800033569336,112.01000213623047,114.33000183105469,66958900
2022-07-07,AMZN,113.8499984741211,116.98999786376953,113.48999786376953,116.33000183105469,57872300
2022-07-08,AMZN,114.5999984741211,116.58000183105469,113.69000244140625,115.54000091552734,45719700
2022-07-11,AMZN,114.08000183105469,114.30000305175781,110.87000274658203,111.75,53487600
2022-07-12,AMZN,112.16000366210938,113.2300033569336,108.33999633789062,109.22000122070312,54280300
2022-07-13,AMZN,107.02999877929688,111.77999877929688,106.01000213623047,110.4000015258789,61353800
2022-07-14,AMZN,110.23999786376953,111.18000030517578,107.58000183105469,110.62999725341797,51163100
2022-07-15,AMZN,112.5,115.58999633789062,111.58999633789062,113.55000305175781,84317800
2022-07-18,AMZN,115.0,117.23999786376953,113.1500015258789,113.76000213623047,59115400
2022-07-19,AMZN,115.69999694824219,118.94999694824219,114.02999877929688,118.20999908447266,60990000
2022-07-20,AMZN,118.62000274658203,123.4800033569336,118.31999969482422,122.7699966430664,71268300
2022-07-21,AMZN,123.19999694824219,124.8499984741211,121.26000213623047,124.62999725341797,60239900
2022-07-22,AMZN,125.01000213623047,125.5,121.3499984741211,122.41999816894531,51463800
2022-07-25,AMZN,122.69999694824219,123.63999938964844,120.02999877929688,121.13999938964844,50221300
2022-07-26,AMZN,115.79000091552734,118.1500015258789,114.52999877929688,114.80999755859375,67075100
2022-07-27,AMZN,117.30999755859375,121.9000015258789,117.16000366210938,120.97000122070312,61582000
2022-07-28,AMZN,121.56999969482422,122.83999633789062,118.08000183105469,122.27999877929688,82245500
2022-07-29,AMZN,134.89999389648438,137.64999389648438,132.41000366210938,134.9499969482422,148892900
2022-08-01,AMZN,134.9600067138672,138.8300018310547,133.50999450683594,135.38999938964844,76846900
2022-08-02,AMZN,134.72000122070312,137.44000244140625,134.08999633789062,134.16000366210938,61922400
2022-08-03,AMZN,136.2100067138672,140.49000549316406,136.0500030517578,139.52000427246094,71827800
2022-08-04,AMZN,140.5800018310547,143.55999755859375,139.5500030517578,142.57000732421875,70585000
2022-08-05,AMZN,140.10000610351562,142.86000061035156,139.60000610351562,140.8000030517578,50686900
2022-08-08,AMZN,142.0500030517578,144.22999572753906,138.2899932861328,139.41000366210938,52229000
2022-08-09,AMZN,138.0500030517578,138.9499969482422,136.2100067138672,137.8300018310547,40434700
2022-08-10,AMZN,142.89999389648438,144.60000610351562,141.00999450683594,142.69000244140625,54773800
2022-08-11,AMZN,143.86000061035156,144.49000549316406,139.75999450683594,140.63999938964844,44867300
2022-08-12,AMZN,142.0500030517578,143.57000732421875,140.1199951171875,143.5500030517578,47643500
2022-08-15,AMZN,142.8000030517578,143.75999450683594,141.49000549316406,143.17999267578125,39014600
2022-08-16,AMZN,143.91000366210938,146.57000732421875,142.0,144.77999877929688,59102900
2022-08-17,AMZN,142.69000244140625,143.3800048828125,140.77999877929688,142.10000610351562,48149800
2022-08-18,AMZN,141.32000732421875,142.77000427246094,140.3800048828125,142.3000030517578,37458700
2022-08-19,AMZN,140.47000122070312,141.11000061035156,137.91000366210938,138.22999572753906,47792800
2022-08-22,AMZN,135.72000122070312,136.32000732421875,132.85000610351562,133.22000122070312,50461500
2022-08-23,AMZN,133.41000366210938,134.99000549316406,132.9499969482422,133.6199951171875,36252100
2022-08-24,AMZN,132.75,135.47000122070312,132.10000610351562,133.8000030517578,38627000
2022-08-25,AMZN,135.25999450683594,137.4199981689453,134.27999877929688,137.27999877929688,37496300
2022-08-26,AMZN,136.5500030517578,137.8300018310547,130.5,130.75,53322700
2022-08-29,AMZN,129.89999389648438,131.9499969482422,128.77000427246094,129.7899932861328,48101600
2022-08-30,AMZN,131.25,132.07000732421875,126.8499984741211,128.72999572753906,49203000
2022-08-31,AMZN,129.4499969482422,130.58999633789062,126.73999786376953,126.7699966430664,53648700
2022-09-01,AMZN,126.0,128.02000427246094,123.66000366210938,127.81999969482422,56636100
2022-09-02,AMZN,129.5,131.3800048828125,126.38999938964844,127.51000213623047,57429800
2022-09-06,AMZN,127.91999816894531,128.6199951171875,124.73999786376953,126.11000061035156,43888600
2022-09-07,AMZN,126.12000274658203,129.82000732421875,125.4000015258789,129.47999572753906,47900300
2022-09-08,AMZN,127.72000122070312,130.27999877929688,127.0999984741211,129.82000732421875,43988500
2022-09-09,AMZN,130.91000366210938,133.69000244140625,130.75999450683594,133.27000427246094,49387600
2022-09-12,AMZN,134.10000610351562,136.49000549316406,134.0,136.4499969482422,53826900
2022-09-13,AMZN,131.00999450683594,131.39999389648438,126.2699966430664,126.81999969482422,72694000
2022-09-14,AMZN,127.36000061035156,128.83999633789062,126.33000183105469,128.5500030517578,45316800
2022-09-15,AMZN,127.37999725341797,130.3699951171875,125.5,126.27999877929688,52887200
2022-09-16,AMZN,122.77999877929688,123.87000274658203,120.69999694824219,123.52999877929688,115667800
2022-09-19,AMZN,122.16000366210938,124.70999908447266,121.80000305175781,124.66000366210938,47279700
2022-09-20,AMZN,123.3499984741211,124.4000015258789,121.13999938964844,122.19000244140625,47698400
2022-09-21,AMZN,122.48999786376953,123.76000213623047,118.44999694824219,118.54000091552734,58498900
2022-09-22,AMZN,117.08000183105469,118.79000091552734,116.26000213623047,117.30999755859375,55229200
2022-09-23,AMZN,116.0,116.05000305175781,112.05999755859375,113.77999877929688,65126700
2022-09-26,AMZN,113.30000305175781,117.33999633789062,113.12999725341797,115.1500015258789,62723300
2022-09-27,AMZN,117.19999694824219,118.31999969482422,113.05000305175781,114.41000366210938,60094700
2022-09-28,AMZN,114.37999725341797,118.69999694824219,113.80000305175781,118.01000213623047,55763800
2022-09-29,AMZN,115.5999984741211,116.06999969482422,113.05999755859375,114.80000305175781,58969700
2022-09-30,AMZN,114.08000183105469,116.91999816894531,112.83999633789062,113.0,59479600
2022-10-03,AMZN,113.58000183105469,116.91000366210938,112.44999694824219,115.87999725341797,50941900
2022-10-04,AMZN,119.88999938964844,123.0,119.79000091552734,121.08999633789062,62812600
2022-10-05,AMZN,118.58000183105469,121.75,117.69000244140625,120.94999694824219,48217500
2022-10-06,AMZN,120.7699966430664,121.52999877929688,119.5,120.30000305175781,42253800
2022-10-07,AMZN,118.0,118.16999816894531,113.87999725341797,114.55999755859375,54678000
2022-10-10,AMZN,115.0999984741211,116.25,112.43000030517578,113.66999816894531,42339700
2022-10-11,AMZN,112.70999908447266,115.4800033569336,110.38999938964844,112.20999908447266,56432200
2022-10-12,AMZN,112.48999786376953,113.83000183105469,111.4000015258789,112.9000015258789,45728700
2022-10-13,AMZN,107.87999725341797,113.44000244140625,105.3499984741211,112.52999877929688,86868100
2022-10-14,AMZN,114.0999984741211,114.95999908447266,106.5999984741211,106.9000015258789,67737300
2022-10-17,AMZN,110.11000061035156,114.19000244140625,110.08999633789062,113.79000091552734,62782000
2022-10-18,AMZN,119.05999755859375,119.5199966430664,114.79000091552734,116.36000061035156,65607400
2022-10-19,AMZN,114.70999908447266,116.58999633789062,113.22000122070312,115.06999969482422,47198100
2022-10-20,AMZN,113.83000183105469,118.23999786376953,113.51000213623047,115.25,48795100
2022-10-21,AMZN,114.79000091552734,119.58999633789062,114.5,119.31999969482422,55660500
2022-10-24,AMZN,119.9800033569336,120.38999938964844,116.56999969482422,119.81999969482422,49531500
2022-10-25,AMZN,119.6500015258789,121.31999969482422,118.94999694824219,120.5999984741211,50934600
2022-10-26,AMZN,116.0,119.3499984741211,114.76000213623047,115.66000366210938,68802300
2022-10-27,AMZN,113.91999816894531,114.12000274658203,109.7699966430664,110.95999908447266,129605400
2022-10-28,AMZN,97.91000366210938,103.95999908447266,97.66000366210938,103.41000366210938,223133400
2022-10-31,AMZN,103.55999755859375,104.87000274658203,100.73999786376953,102.44000244140625,99251400
2022-11-01,AMZN,103.98999786376953,104.58000183105469,96.05999755859375,96.79000091552734,153370000
2022-11-02,AMZN,97.31999969482422,97.73999786376953,92.01000213623047,92.12000274658203,135761800
2022-11-03,AMZN,92.47000122070312,93.5,89.0199966430664,89.30000305175781,136683300
2022-11-04,AMZN,91.48999786376953,92.44000244140625,88.04000091552734,90.9800033569336,129101300
2022-11-07,AMZN,91.94999694824219,92.0999984741211,89.04000091552734,90.52999877929688,77495700
2022-11-08,AMZN,90.79000091552734,91.72000122070312,88.2300033569336,89.9800033569336,88703400
2022-11-09,AMZN,89.47000122070312,89.4800033569336,85.87000274658203,86.13999938964844,90796200
2022-11-10,AMZN,92.94000244140625,98.69000244140625,91.6500015258789,96.62999725341797,173414900
2022-11-11,AMZN,97.87999725341797,101.19000244140625,96.66000366210938,100.79000091552734,111590500
2022-11-14,AMZN,98.7699966430664,100.12000274658203,97.29000091552734,98.48999786376953,99533100
2022-11-15,AMZN,103.20999908447266,103.79000091552734,97.33999633789062,98.94000244140625,111336300
2022-11-16,AMZN,96.8499984741211,98.48999786376953,95.54000091552734,97.12000274658203,87958800
2022-11-17,AMZN,95.37000274658203,96.97000122070312,94.02999877929688,94.8499984741211,82617900
2022-11-18,AMZN,95.94999694824219,95.98999786376953,92.4800033569336,94.13999938964844,72428200
2022-11-21,AMZN,93.97000122070312,95.0199966430664,90.58999633789062,92.45999908447266,84330300
2022-11-22,AMZN,92.62000274658203,93.3499984741211,90.87000274658203,93.19999694824219,62192000
2022-11-23,AMZN,93.23999786376953,94.58000183105469,92.83000183105469,94.12999725341797,59414700
2022-11-25,AMZN,93.79000091552734,94.43000030517578,93.06999969482422,93.41000366210938,35088600
2022-11-28,AMZN,93.93000030517578,96.4000015258789,93.43000030517578,93.94999694824219,74943100
2022-11-29,AMZN,94.04000091552734,94.41000366210938,91.44000244140625,92.41999816894531,65567300
2022-11-30,AMZN,92.47000122070312,96.54000091552734,91.52999877929688,96.54000091552734,102805800
2022-12-01,AMZN,96.98999786376953,97.2300033569336,94.91999816894531,95.5,68488000
2022-12-02,AMZN,94.4800033569336,95.36000061035156,93.77999877929688,94.12999725341797,72496400
2022-12-05,AMZN,93.05000305175781,94.05999755859375,90.81999969482422,91.01000213623047,71535500
2022-12-06,AMZN,90.5,91.04000091552734,87.9000015258789,88.25,75503600
2022-12-07,AMZN,88.33999633789062,89.88999938964844,87.4800033569336,88.45999908447266,68086900
2022-12-08,AMZN,89.23999786376953,90.86000061035156,87.87999725341797,90.3499984741211,73305900
2022-12-09,AMZN,88.9000015258789,90.30000305175781,88.62999725341797,89.08999633789062,67398500
2022-12-12,AMZN,89.20999908447266,90.58000183105469,87.87000274658203,90.55000305175781,61999800
2022-12-13,AMZN,95.2300033569336,96.25,90.5199966430664,92.48999786376953,100212000
2022-12-14,AMZN,92.5,93.45999908447266,89.87000274658203,91.58000183105469,70298000
2022-12-15,AMZN,89.88999938964844,89.97000122070312,87.47000122070312,88.44999694824219,84802900
2022-12-16,AMZN,88.2699966430664,89.3499984741211,86.7300033569336,87.86000061035156,146144100
2022-12-19,AMZN,87.51000213623047,87.62999725341797,84.51000213623047,84.91999816894531,83531500
2022-12-20,AMZN,85.33000183105469,86.61000061035156,84.33000183105469,85.19000244140625,74348300
2022-12-21,AMZN,86.18000030517578,87.2300033569336,85.20999908447266,86.7699966430664,59267200
2022-12-22,AMZN,85.5199966430664,85.68000030517578,82.25,83.79000091552734,81431300
2022-12-23,AMZN,83.25,85.77999877929688,82.93000030517578,85.25,57433700
2022-12-27,AMZN,84.97000122070312,85.3499984741211,83.0,83.04000091552734,57284000
2022-12-28,AMZN,82.80000305175781,83.4800033569336,81.69000244140625,81.81999969482422,58228600
2022-12-29,AMZN,82.87000274658203,84.55000305175781,82.55000305175781,84.18000030517578,54995900
2022-12-30,AMZN,83.12000274658203,84.05000305175781,82.47000122070312,84.0,62401200
2023-01-03,AMZN,85.45999908447266,86.95999908447266,84.20999908447266,85.81999969482422,76706000
2023-01-04,AMZN,86.55000305175781,86.9800033569336,83.36000061035156,85.13999938964844,68885100
2023-01-05,AMZN,85.33000183105469,85.41999816894531,83.06999969482422,83.12000274658203,67930800
2023-01-06,AMZN,83.02999877929688,86.4000015258789,81.43000030517578,86.08000183105469,83303400
2023-01-09,AMZN,87.45999908447266,89.4800033569336,87.08000183105469,87.36000061035156,65266100
2023-01-10,AMZN,87.56999969482422,90.19000244140625,87.29000091552734,89.87000274658203,67756600
2023-01-11,AMZN,90.93000030517578,95.26000213623047,90.93000030517578,95.08999633789062,103126200
2023-01-12,AMZN,96.93000030517578,97.19000244140625,93.5,95.2699966430664,85254800
2023-01-13,AMZN,94.18000030517578,98.37000274658203,94.12000274658203,98.12000274658203,85549400
2023-01-17,AMZN,98.68000030517578,98.88999938964844,95.7300033569336,96.05000305175781,72755000
2023-01-18,AMZN,97.25,99.31999969482422,95.37999725341797,95.45999908447266,79570400
2023-01-19,AMZN,94.73999786376953,95.44000244140625,92.86000061035156,93.68000030517578,69002700
2023-01-20,AMZN,93.86000061035156,97.3499984741211,93.19999694824219,97.25,67481500
2023-01-23,AMZN,97.55999755859375,97.77999877929688,95.86000061035156,97.5199966430664,76501100
2023-01-24,AMZN,96.93000030517578,98.08999633789062,96.0,96.31999969482422,66929500
2023-01-25,AMZN,92.55999755859375,97.23999786376953,91.5199966430664,97.18000030517578,94261600
2023-01-26,AMZN,98.23999786376953,99.48999786376953,96.91999816894531,99.22000122070312,68523600
2023-01-27,AMZN,99.52999877929688,103.48999786376953,99.52999877929688,102.23999786376953,87775600
2023-01-30,AMZN,101.08999633789062,101.73999786376953,99.01000213623047,100.55000305175781,70691900
2023-01-31,AMZN,101.16000366210938,103.3499984741211,101.13999938964844,103.12999725341797,66527300
2023-02-01,AMZN,102.52999877929688,106.23999786376953,101.23999786376953,105.1500015258789,80450100
2023-02-02,AMZN,110.25,114.0,108.87999725341797,112.91000366210938,158154200
2023-02-03,AMZN,105.26000213623047,108.77999877929688,102.5199966430664,103.38999938964844,144374800
2023-02-06,AMZN,102.93000030517578,103.94999694824219,100.6500015258789,102.18000030517578,81945200
2023-02-07,AMZN,101.16999816894531,102.41000366210938,98.08000183105469,102.11000061035156,119501300
2023-02-08,AMZN,102.04000091552734,102.66999816894531,98.77999877929688,100.05000305175781,75878300
2023-02-09,AMZN,101.31999969482422,101.77999877929688,97.56999969482422,98.23999786376953,64622500
2023-02-10,AMZN,97.55999755859375,98.81999969482422,96.2300033569336,97.61000061035156,52740100
2023-02-13,AMZN,97.8499984741211,99.68000030517578,96.91000366210938,99.54000091552734,52841500
2023-02-14,AMZN,98.41000366210938,100.91999816894531,97.5199966430664,99.69999694824219,56202900
2023-02-15,AMZN,99.08999633789062,101.16999816894531,98.44999694824219,101.16000366210938,47957600
2023-02-16,AMZN,99.20999908447266,100.62999725341797,98.0999984741211,98.1500015258789,56339200
2023-02-17,AMZN,97.80000305175781,97.94000244140625,95.6500015258789,97.19999694824219,60029400
2023-02-21,AMZN,95.33999633789062,95.61000061035156,94.2699966430664,94.58000183105469,56580400
2023-02-22,AMZN,95.0999984741211,97.01000213623047,94.80000305175781,95.79000091552734,59534100
2023-02-23,AMZN,96.12000274658203,96.43000030517578,93.66999816894531,95.81999969482422,48467000
2023-02-24,AMZN,93.52999877929688,94.13999938964844,92.31999969482422,93.5,57053800
2023-02-27,AMZN,94.27999877929688,94.77999877929688,93.13999938964844,93.76000213623047,47470300
2023-02-28,AMZN,93.13999938964844,94.69000244140625,92.91999816894531,94.2300033569336,43959300
2023-03-01,AMZN,93.87000274658203,94.68000030517578,91.58999633789062,92.16999816894531,52299500
2023-03-02,AMZN,91.41000366210938,92.2300033569336,90.38999938964844,92.12999725341797,55509400
2023-03-03,AMZN,92.73999786376953,94.94000244140625,92.66000366210938,94.9000015258789,55759600
2023-03-06,AMZN,95.19000244140625,96.55000305175781,93.73999786376953,93.75,52112400
2023-03-07,AMZN,94.05999755859375,95.08999633789062,92.77999877929688,93.55000305175781,49100700
2023-03-08,AMZN,93.5999984741211,94.16999816894531,92.18000030517578,93.91999816894531,44899100
2023-03-09,AMZN,93.68000030517578,96.20999908447266,92.18000030517578,92.25,56218700
2023-03-10,AMZN,92.66999816894531,93.56999969482422,90.25,90.7300033569336,69827500
2023-03-13,AMZN,89.97000122070312,94.0199966430664,88.12000274658203,92.43000030517578,72397100
2023-03-14,AMZN,93.83000183105469,95.06999969482422,92.70999908447266,94.87999725341797,60912700
2023-03-15,AMZN,93.22000122070312,96.66999816894531,93.06999969482422,96.19999694824219,70731800
2023-03-16,AMZN,95.75,100.98999786376953,95.61000061035156,100.04000091552734,84446900
2023-03-17,AMZN,99.79000091552734,100.66000366210938,97.45999908447266,98.94999694824219,87300200
2023-03-20,AMZN,98.41000366210938,98.4800033569336,95.69999694824219,97.70999908447266,62388900
2023-03-21,AMZN,98.13999938964844,100.8499984741211,98.0,100.61000061035156,58597300
2023-03-22,AMZN,100.44999694824219,102.0999984741211,98.61000061035156,98.69999694824219,57475400
2023-03-23,AMZN,100.43000030517578,101.05999755859375,97.62000274658203,98.70999908447266,57559300
2023-03-24,AMZN,98.06999969482422,98.30000305175781,96.4000015258789,98.12999725341797,56095400
2023-03-27,AMZN,99.06999969482422,99.33999633789062,97.08000183105469,98.04000091552734,46721300
2023-03-28,AMZN,98.11000061035156,98.44000244140625,96.29000091552734,97.23999786376953,38720100
2023-03-29,AMZN,98.69000244140625,100.41999816894531,98.55999755859375,100.25,49783300
2023-03-30,AMZN,101.55000305175781,103.04000091552734,101.01000213623047,102.0,53633400
2023-03-31,AMZN,102.16000366210938,103.48999786376953,101.94999694824219,103.29000091552734,56750300
2023-04-03,AMZN,102.30000305175781,103.29000091552734,101.43000030517578,102.41000366210938,41135700
2023-04-04,AMZN,102.75,104.19999694824219,102.11000061035156,103.94999694824219,48662500
2023-04-05,AMZN,103.91000366210938,103.91000366210938,100.75,101.0999984741211,45175400
2023-04-06,AMZN,100.75,102.37999725341797,99.80000305175781,102.05999755859375,43808000
2023-04-10,AMZN,100.95999908447266,102.19999694824219,99.56999969482422,102.16999816894531,37261200
2023-04-11,AMZN,100.80000305175781,101.0,99.01000213623047,99.91999816894531,60417800
2023-04-12,AMZN,100.4000015258789,100.51000213623047,97.70999908447266,97.83000183105469,56735000
2023-04-13,AMZN,98.94999694824219,102.56999969482422,98.70999908447266,102.4000015258789,67925100
2023-04-14,AMZN,102.06999969482422,103.19999694824219,101.11000061035156,102.51000213623047,51450500
2023-04-17,AMZN,103.16000366210938,103.7300033569336,101.58999633789062,102.73999786376953,39919500
2023-04-18,AMZN,103.94999694824219,104.19999694824219,101.5199966430664,102.30000305175781,39790500
2023-04-19,AMZN,101.58000183105469,105.12000274658203,101.38999938964844,104.30000305175781,58398900
2023-04-20,AMZN,103.52999877929688,105.25,103.20999908447266,103.80999755859375,57696900
2023-04-21,AMZN,106.0999984741211,108.1500015258789,105.08000183105469,106.95999908447266,86774200
2023-04-24,AMZN,107.66000366210938,109.2300033569336,105.06999969482422,106.20999908447266,69575600
2023-04-25,AMZN,104.91000366210938,105.44999694824219,102.44999694824219,102.56999969482422,65026800
2023-04-26,AMZN,105.04000091552734,106.62000274658203,104.0999984741211,104.9800033569336,73803800
2023-04-27,AMZN,108.16000366210938,110.86000061035156,106.80000305175781,109.81999969482422,149961200
2023-04-28,AMZN,107.7300033569336,109.4800033569336,104.33000183105469,105.44999694824219,130715900
2023-05-01,AMZN,104.94999694824219,105.2300033569336,101.81999969482422,102.05000305175781,74728100
2023-05-02,AMZN,101.47000122070312,103.9000015258789,101.1500015258789,103.62999725341797,73469400
2023-05-03,AMZN,103.73999786376953,105.95999908447266,103.27999877929688,103.6500015258789,65051900
2023-05-04,AMZN,104.04000091552734,105.38999938964844,103.30999755859375,104.0,45345500
2023-05-05,AMZN,104.2699966430664,105.76000213623047,103.55000305175781,105.66000366210938,56951700
2023-05-08,AMZN,105.04000091552734,106.0999984741211,104.69999694824219,105.83000183105469,49430900
2023-05-09,AMZN,105.4800033569336,106.79000091552734,105.16000366210938,106.62000274658203,44089400
2023-05-10,AMZN,108.0999984741211,110.66999816894531,108.05000305175781,110.19000244140625,78627600
2023-05-11,AMZN,111.02999877929688,113.27999877929688,110.48999786376953,112.18000030517578,74924800
2023-05-12,AMZN,112.16000366210938,112.63999938964844,109.31999969482422,110.26000213623047,49852700
2023-05-15,AMZN,111.1500015258789,112.29000091552734,109.25,111.19999694824219,53011100
2023-05-16,AMZN,111.05000305175781,114.79000091552734,111.05000305175781,113.4000015258789,71472900
2023-05-17,AMZN,114.88999938964844,115.83000183105469,114.22000122070312,115.5,65655200
2023-05-18,AMZN,116.69000244140625,118.5999984741211,116.33999633789062,118.1500015258789,73174100
2023-05-19,AMZN,118.16000366210938,118.30999755859375,115.69999694824219,116.25,55056300
2023-05-22,AMZN,116.7699966430664,116.7699966430664,114.25,115.01000213623047,70741100
2023-05-23,AMZN,114.2699966430664,117.13999938964844,113.77999877929688,114.98999786376953,67576300
2023-05-24,AMZN,115.3499984741211,117.33999633789062,115.0199966430664,116.75,63487900
2023-05-25,AMZN,116.62999725341797,116.87000274658203,114.30999755859375,115.0,66496700
2023-05-26,AMZN,116.04000091552734,121.5,116.0199966430664,120.11000061035156,96779900
2023-05-30,AMZN,122.37000274658203,122.91999816894531,119.86000061035156,121.66000366210938,64314800
2023-05-31,AMZN,121.44999694824219,122.04000091552734,119.16999816894531,120.58000183105469,72800800
2023-06-01,AMZN,120.69000244140625,123.48999786376953,119.93000030517578,122.7699966430664,54375100
2023-06-02,AMZN,124.91999816894531,126.38999938964844,124.0199966430664,124.25,61264400
2023-06-05,AMZN,123.36000061035156,125.80000305175781,123.02999877929688,125.30000305175781,47950100
2023-06-06,AMZN,125.06999969482422,127.4000015258789,125.0,126.61000061035156,45695200
2023-06-07,AMZN,127.01000213623047,127.37000274658203,120.62999725341797,121.2300033569336,95663300
2023-06-08,AMZN,123.01000213623047,125.62999725341797,122.26000213623047,124.25,62159300
2023-06-09,AMZN,124.08000183105469,125.80000305175781,123.19000244140625,123.43000030517578,51396000
2023-06-12,AMZN,124.0199966430664,126.77999877929688,123.52999877929688,126.56999969482422,51338000
2023-06-13,AMZN,128.1199951171875,128.41000366210938,125.18000030517578,126.66000366210938,50564800
2023-06-14,AMZN,126.69999694824219,126.94999694824219,124.12000274658203,126.41999816894531,52422500
2023-06-15,AMZN,125.20999908447266,127.69000244140625,124.31999969482422,127.11000061035156,60458500
2023-06-16,AMZN,127.70999908447266,127.9000015258789,125.30000305175781,125.48999786376953,84247100
2023-06-20,AMZN,124.97000122070312,127.25,124.5,125.77999877929688,56930100
2023-06-21,AMZN,125.63999938964844,126.7300033569336,123.8499984741211,124.83000183105469,52137700
2023-06-22,AMZN,125.30999755859375,130.3300018310547,125.13999938964844,130.14999389648438,90354600
2023-06-23,AMZN,129.11000061035156,130.83999633789062,128.27999877929688,129.3300018310547,71927800
2023-06-26,AMZN,129.3300018310547,131.49000549316406,127.0999984741211,127.33000183105469,59989300
2023-06-27,AMZN,128.6300048828125,130.08999633789062,127.55000305175781,129.17999267578125,46801000
2023-06-28,AMZN,128.94000244140625,131.47999572753906,128.44000244140625,129.0399932861328,52149500
2023-06-29,AMZN,128.77000427246094,129.25999450683594,127.26000213623047,127.9000015258789,40761000
2023-06-30,AMZN,129.47000122070312,131.25,128.9499969482422,130.36000061035156,54350700
2023-07-03,AMZN,130.82000732421875,131.85000610351562,130.07000732421875,130.22000122070312,28264800
2023-07-05,AMZN,130.24000549316406,131.39999389648438,129.63999938964844,130.3800048828125,35895400
2023-07-06,AMZN,128.25,128.72999572753906,127.37000274658203,128.36000061035156,40639900
2023-07-07,AMZN,128.58999633789062,130.97000122070312,128.1300048828125,129.77999877929688,41992300
2023-07-10,AMZN,129.07000732421875,129.27999877929688,125.91999816894531,127.12999725341797,61889300
2023-07-11,AMZN,127.75,129.77000427246094,127.3499984741211,128.77999877929688,49951500
2023-07-12,AMZN,130.30999755859375,131.25999450683594,128.8300018310547,130.8000030517578,54022800
2023-07-13,AMZN,134.0399932861328,134.6699981689453,132.7100067138672,134.3000030517578,61170900
2023-07-14,AMZN,134.05999755859375,136.64999389648438,134.05999755859375,134.67999267578125,54487100
2023-07-17,AMZN,134.55999755859375,135.6199951171875,133.2100067138672,133.55999755859375,48450200
2023-07-18,AMZN,132.7100067138672,133.86000061035156,131.35000610351562,132.8300018310547,54882900
2023-07-19,AMZN,133.38999938964844,135.99000549316406,132.52999877929688,135.36000061035156,54531000
2023-07-20,AMZN,134.07000732421875,134.7899932861328,129.3300018310547,129.9600067138672,59820600
2023-07-21,AMZN,131.33999633789062,131.3699951171875,128.4199981689453,130.0,133307300
2023-07-24,AMZN,130.30999755859375,131.66000366210938,128.35000610351562,128.8000030517578,45591100
2023-07-25,AMZN,129.30999755859375,129.5800018310547,128.52999877929688,129.1300048828125,39236700
2023-07-26,AMZN,126.51000213623047,129.0800018310547,126.11000061035156,128.14999389648438,53910100
2023-07-27,AMZN,131.0,132.6300048828125,127.79000091552734,128.25,52610700
2023-07-28,AMZN,129.69000244140625,133.00999450683594,129.3300018310547,132.2100067138672,46317400
2023-07-31,AMZN,133.1999969482422,133.8699951171875,132.3800048828125,133.67999267578125,41901500
2023-08-01,AMZN,133.5500030517578,133.69000244140625,131.6199951171875,131.69000244140625,42098500
2023-08-02,AMZN,130.14999389648438,130.22999572753906,126.81999969482422,128.2100067138672,51027600
2023-08-03,AMZN,127.4800033569336,129.83999633789062,126.41000366210938,128.91000366210938,88585200
2023-08-04,AMZN,141.05999755859375,143.6300048828125,139.32000732421875,139.57000732421875,153128500
2023-08-07,AMZN,140.99000549316406,142.5399932861328,138.9499969482422,142.22000122070312,71213100
2023-08-08,AMZN,140.6199951171875,140.83999633789062,138.4199981689453,139.94000244140625,51710500
2023-08-09,AMZN,139.97000122070312,140.32000732421875,137.10000610351562,137.85000610351562,50017300
2023-08-10,AMZN,139.07000732421875,140.41000366210938,137.49000549316406,138.55999755859375,58928400
2023-08-11,AMZN,137.39999389648438,139.3300018310547,137.0,138.41000366210938,42905800
2023-08-14,AMZN,138.3000030517578,140.58999633789062,137.75,140.57000732421875,47148700
2023-08-15,AMZN,140.0500030517578,141.27999877929688,137.22999572753906,137.6699981689453,42781500
2023-08-16,AMZN,137.19000244140625,137.27000427246094,135.00999450683594,135.07000732421875,41675900
2023-08-17,AMZN,135.4600067138672,136.08999633789062,133.52999877929688,133.97999572753906,48354100
2023-08-18,AMZN,131.6199951171875,134.07000732421875,131.14999389648438,133.22000122070312,48497700
2023-08-21,AMZN,133.74000549316406,135.19000244140625,132.7100067138672,134.67999267578125,41442500
2023-08-22,AMZN,135.0800018310547,135.64999389648438,133.72999572753906,134.25,32905400
2023-08-23,AMZN,134.5,135.9499969482422,133.22000122070312,135.52000427246094,42801000
2023-08-24,AMZN,136.39999389648438,136.77999877929688,131.8300018310547,131.83999633789062,43646300
2023-08-25,AMZN,132.47000122070312,133.8699951171875,130.5800018310547,133.25999450683594,44147500
2023-08-28,AMZN,133.77999877929688,133.9499969482422,131.85000610351562,133.13999938964844,34108400
2023-08-29,AMZN,133.3800048828125,135.13999938964844,133.25,134.91000366210938,38646100
2023-08-30,AMZN,134.92999267578125,135.67999267578125,133.9199981689453,135.07000732421875,36137000
2023-08-31,AMZN,135.05999755859375,138.7899932861328,135.0,138.00999450683594,58781300
2023-09-01,AMZN,139.4600067138672,139.9600067138672,136.8800048828125,138.1199951171875,40991500
2023-09-05,AMZN,137.72999572753906,137.8000030517578,135.82000732421875,137.27000427246094,40636700
2023-09-06,AMZN,136.32000732421875,137.4499969482422,134.61000061035156,135.36000061035156,41785500
2023-09-07,AMZN,133.89999389648438,138.02999877929688,133.16000366210938,137.85000610351562,48498900
2023-09-08,AMZN,136.86000061035156,138.85000610351562,136.75,138.22999572753906,38348200
2023-09-11,AMZN,138.75,143.6199951171875,138.63999938964844,143.10000610351562,56764500
2023-09-12,AMZN,142.32000732421875,143.0,140.61000061035156,141.22999572753906,42668500
2023-09-13,AMZN,140.9499969482422,144.97999572753906,140.8699951171875,144.85000610351562,60465200
2023-09-14,AMZN,145.0800018310547,145.86000061035156,142.9499969482422,144.72000122070312,64033600
2023-09-15,AMZN,142.69000244140625,143.57000732421875,140.08999633789062,140.38999938964844,102909300
2023-09-18,AMZN,140.47999572753906,141.75,139.22000122070312,139.97999572753906,42823500
2023-09-19,AMZN,138.6999969482422,138.83999633789062,135.55999755859375,137.6300048828125,61482500
2023-09-20,AMZN,138.5500030517578,139.3699951171875,135.1999969482422,135.2899932861328,46263700
2023-09-21,AMZN,131.94000244140625,132.24000549316406,129.30999755859375,129.3300018310547,70343300
2023-09-22,AMZN,131.11000061035156,132.02999877929688,128.52000427246094,129.1199951171875,59904300
2023-09-25,AMZN,129.36000061035156,131.77999877929688,128.77000427246094,131.27000427246094,46017800
2023-09-26,AMZN,130.1199951171875,130.38999938964844,125.27999877929688,125.9800033569336,73048200
2023-09-27,AMZN,125.76000213623047,127.4800033569336,124.12999725341797,125.9800033569336,66553400
2023-09-28,AMZN,124.04000091552734,126.58000183105469,123.04000091552734,125.9800033569336,54555000
2023-09-29,AMZN,128.1999969482422,129.14999389648438,126.31999969482422,127.12000274658203,62411700
2023-10-02,AMZN,127.27999877929688,130.47000122070312,126.54000091552734,129.4600067138672,48029700
2023-10-03,AMZN,128.05999755859375,128.52000427246094,124.25,124.72000122070312,51565000
2023-10-04,AMZN,126.05999755859375,127.36000061035156,125.68000030517578,127.0,44203900
2023-10-05,AMZN,126.70999908447266,126.7300033569336,124.33000183105469,125.95999908447266,39660600
2023-10-06,AMZN,124.16000366210938,128.4499969482422,124.12999725341797,127.95999908447266,46836700
2023-10-09,AMZN,126.22000122070312,128.7899932861328,124.76000213623047,128.25999450683594,38773700
2023-10-10,AMZN,128.82000732421875,130.74000549316406,128.0500030517578,129.47999572753906,42178600
2023-10-11,AMZN,129.74000549316406,132.0500030517578,129.61000061035156,131.8300018310547,40741800
2023-10-12,AMZN,132.1699981689453,134.47999572753906,131.22999572753906,132.3300018310547,55528600
2023-10-13,AMZN,132.97999572753906,133.30999755859375,128.9499969482422,129.7899932861328,45786600
2023-10-16,AMZN,130.69000244140625,133.07000732421875,130.42999267578125,132.5500030517578,42832900
2023-10-17,AMZN,130.38999938964844,132.5800018310547,128.7100067138672,131.47000122070312,49344600
2023-10-18,AMZN,129.89999389648438,130.6699981689453,127.51000213623047,128.1300048828125,42699500
2023-10-19,AMZN,130.57000732421875,132.24000549316406,127.47000122070312,128.39999389648438,60961400
2023-10-20,AMZN,128.0500030517578,128.1699981689453,124.97000122070312,125.16999816894531,56406400
2023-10-23,AMZN,124.62999725341797,127.87999725341797,123.9800033569336,126.55999755859375,48260000
2023-10-24,AMZN,127.73999786376953,128.8000030517578,126.33999633789062,128.55999755859375,46477400
2023-10-25,AMZN,126.04000091552734,126.33999633789062,120.79000091552734,121.38999938964844,74577500
2023-10-26,AMZN,120.62999725341797,121.63999938964844,118.3499984741211,119.56999969482422,100419500
2023-10-27,AMZN,126.19999694824219,130.02000427246094,125.5199966430664,127.73999786376953,125309300
2023-10-30,AMZN,129.72000122070312,133.0,128.55999755859375,132.7100067138672,72485500
2023-10-31,AMZN,132.75,133.57000732421875,131.7100067138672,133.08999633789062,51589400
2023-11-01,AMZN,133.9600067138672,137.35000610351562,133.7100067138672,137.0,61529400
2023-11-02,AMZN,138.72999572753906,138.80999755859375,136.47000122070312,138.07000732421875,52236700
2023-11-03,AMZN,138.99000549316406,139.49000549316406,137.4499969482422,138.60000610351562,44059800
2023-11-06,AMZN,138.75999450683594,140.72999572753906,138.36000061035156,139.74000549316406,44970400
2023-11-07,AMZN,140.5500030517578,143.3699951171875,140.5,142.7100067138672,53553500
2023-11-08,AMZN,142.97000122070312,143.1199951171875,141.22000122070312,142.0800018310547,44521700
2023-11-09,AMZN,142.02000427246094,142.64999389648438,139.83999633789062,140.60000610351562,36235400
2023-11-10,AMZN,140.4600067138672,143.64999389648438,139.91000366210938,143.55999755859375,49287800
2023-11-13,AMZN,142.0800018310547,143.22999572753906,140.6699981689453,142.58999633789062,35680600
2023-11-14,AMZN,145.0,147.25999450683594,144.67999267578125,145.8000030517578,56674600
2023-11-15,AMZN,147.05999755859375,147.2899932861328,142.58999633789062,143.1999969482422,63875700
2023-11-16,AMZN,140.91000366210938,143.32000732421875,139.52000427246094,142.8300018310547,49653500
2023-11-17,AMZN,142.66000366210938,145.22999572753906,142.5399932861328,145.17999267578125,49636700
2023-11-20,AMZN,145.1300048828125,146.6300048828125,144.72999572753906,146.1300048828125,41951200
2023-11-21,AMZN,143.91000366210938,144.0500030517578,141.5,143.89999389648438,71226000
2023-11-22,AMZN,144.57000732421875,147.74000549316406,144.57000732421875,146.7100067138672,45669100
2023-11-24,AMZN,146.6999969482422,147.1999969482422,145.32000732421875,146.74000549316406,22378400
2023-11-27,AMZN,147.52999877929688,149.25999450683594,146.8800048828125,147.72999572753906,53762400
2023-11-28,AMZN,146.97999572753906,147.60000610351562,145.52999877929688,147.02999877929688,42711700
2023-11-29,AMZN,147.85000610351562,148.5399932861328,145.97000122070312,146.32000732421875,40610900
2023-11-30,AMZN,144.75999450683594,146.92999267578125,144.3300018310547,146.08999633789062,65814000
2023-12-01,AMZN,146.0,147.25,145.5500030517578,147.02999877929688,39951800
2023-12-04,AMZN,145.25,145.35000610351562,142.80999755859375,144.83999633789062,48294200
2023-12-05,AMZN,143.5500030517578,148.57000732421875,143.1300048828125,146.8800048828125,46822400
2023-12-06,AMZN,147.5800018310547,147.85000610351562,144.27999877929688,144.52000427246094,39679000
2023-12-07,AMZN,146.14999389648438,147.9199981689453,145.33999633789062,146.8800048828125,52352800
2023-12-08,AMZN,145.47999572753906,147.83999633789062,145.39999389648438,147.4199981689453,41906000
2023-12-11,AMZN,145.66000366210938,146.19000244140625,143.63999938964844,145.88999938964844,50907300
2023-12-12,AMZN,145.52000427246094,147.5,145.3000030517578,147.47999572753906,44944300
2023-12-13,AMZN,148.1199951171875,149.4600067138672,146.82000732421875,148.83999633789062,52766200
2023-12-14,AMZN,149.92999267578125,150.5399932861328,145.52000427246094,147.4199981689453,58400800
2023-12-15,AMZN,148.3800048828125,150.57000732421875,147.8800048828125,149.97000122070312,110089300
2023-12-18,AMZN,150.55999755859375,154.85000610351562,150.0500030517578,154.07000732421875,62512800
2023-12-19,AMZN,154.39999389648438,155.1199951171875,152.69000244140625,153.7899932861328,43171300
2023-12-20,AMZN,152.89999389648438,155.6300048828125,151.55999755859375,152.1199951171875,50322100
2023-12-21,AMZN,153.3000030517578,153.97000122070312,152.10000610351562,153.83999633789062,36305700
2023-12-22,AMZN,153.77000427246094,154.35000610351562,152.7100067138672,153.4199981689453,29514100
2023-12-26,AMZN,153.55999755859375,153.97999572753906,153.02999877929688,153.41000366210938,25067200
2023-12-27,AMZN,153.55999755859375,154.77999877929688,153.1199951171875,153.33999633789062,31434700
2023-12-28,AMZN,153.72000122070312,154.0800018310547,152.9499969482422,153.3800048828125,27057000
2023-12-29,AMZN,153.10000610351562,153.88999938964844,151.02999877929688,151.94000244140625,39823200
2024-01-02,AMZN,151.5399932861328,152.3800048828125,148.38999938964844,149.92999267578125,47339400
2024-01-03,AMZN,149.1999969482422,151.0500030517578,148.3300018310547,148.47000122070312,49425500
2024-01-04,AMZN,145.58999633789062,147.3800048828125,144.0500030517578,144.57000732421875,56039800
2024-01-05,AMZN,144.69000244140625,146.58999633789062,144.52999877929688,145.24000549316406,45153100
2024-01-08,AMZN,146.74000549316406,149.39999389648438,146.14999389648438,149.10000610351562,46757100
2024-01-09,AMZN,148.3300018310547,151.7100067138672,148.2100067138672,151.3699951171875,43812600
2024-01-10,AMZN,152.05999755859375,154.4199981689453,151.8800048828125,153.72999572753906,44421800
2024-01-11,AMZN,155.0399932861328,157.1699981689453,153.1199951171875,155.17999267578125,49072700
2024-01-12,AMZN,155.38999938964844,156.1999969482422,154.00999450683594,154.6199951171875,40484200
2024-01-16,AMZN,153.52999877929688,154.99000549316406,152.14999389648438,153.16000366210938,41384600
2024-01-17,AMZN,151.49000549316406,152.14999389648438,149.91000366210938,151.7100067138672,34953400
2024-01-18,AMZN,152.77000427246094,153.77999877929688,151.82000732421875,153.5,37850200
2024-01-19,AMZN,153.8300018310547,155.75999450683594,152.74000549316406,155.33999633789062,51651600
2024-01-22,AMZN,156.88999938964844,157.0500030517578,153.89999389648438,154.77999877929688,43687500
2024-01-23,AMZN,154.85000610351562,156.2100067138672,153.92999267578125,156.02000427246094,37986000
2024-01-24,AMZN,157.8000030517578,158.50999450683594,156.47999572753906,156.8699951171875,48547300
2024-01-25,AMZN,156.9499969482422,158.50999450683594,154.5500030517578,157.75,43638600
2024-01-26,AMZN,158.4199981689453,160.72000122070312,157.91000366210938,159.1199951171875,51047400
2024-01-29,AMZN,159.33999633789062,161.2899932861328,158.89999389648438,161.25999450683594,45270400
2024-01-30,AMZN,160.6999969482422,161.72999572753906,158.49000549316406,159.0,45207400
2024-01-31,AMZN,157.0,159.00999450683594,154.80999755859375,155.1999969482422,50284400
2024-02-01,AMZN,155.8699951171875,159.75999450683594,155.6199951171875,159.27999877929688,76542400
2024-02-02,AMZN,169.19000244140625,172.5,167.3300018310547,171.80999755859375,117218300
2024-02-05,AMZN,170.1999969482422,170.5500030517578,167.6999969482422,170.30999755859375,55081300
2024-02-06,AMZN,169.38999938964844,170.7100067138672,167.64999389648438,169.14999389648438,42505500
2024-02-07,AMZN,169.47999572753906,170.8800048828125,168.94000244140625,170.52999877929688,47174100
2024-02-08,AMZN,169.64999389648438,171.42999267578125,168.8800048828125,169.83999633789062,42316500
2024-02-09,AMZN,170.89999389648438,175.0,170.5800018310547,174.4499969482422,56986000
2024-02-12,AMZN,174.8000030517578,175.38999938964844,171.5399932861328,172.33999633789062,51050400
2024-02-13,AMZN,167.72999572753906,170.9499969482422,165.75,168.63999938964844,56345100
2024-02-14,AMZN,169.2100067138672,171.2100067138672,168.27999877929688,170.97999572753906,42815500
2024-02-15,AMZN,170.5800018310547,171.1699981689453,167.58999633789062,169.8000030517578,49855200
2024-02-16,AMZN,168.74000549316406,170.4199981689453,167.1699981689453,169.50999450683594,48107700
2024-02-20,AMZN,167.8300018310547,168.7100067138672,165.74000549316406,167.0800018310547,41980300
2024-02-21,AMZN,168.94000244140625,170.22999572753906,167.13999938964844,168.58999633789062,44420100
2024-02-22,AMZN,173.10000610351562,174.8000030517578,171.77000427246094,174.5800018310547,55392400
2024-02-23,AMZN,174.27999877929688,175.75,173.6999969482422,174.99000549316406,59715200
2024-02-26,AMZN,175.6999969482422,176.3699951171875,174.25999450683594,174.72999572753906,44368600
2024-02-27,AMZN,174.0800018310547,174.6199951171875,172.86000061035156,173.5399932861328,31141700
2024-02-28,AMZN,172.44000244140625,174.0500030517578,172.27000427246094,173.16000366210938,28180500
2024-02-29,AMZN,173.00999450683594,177.22000122070312,172.85000610351562,176.75999450683594,53805400
2024-03-01,AMZN,176.75,178.72999572753906,176.07000732421875,178.22000122070312,31981200
2024-03-04,AMZN,177.52999877929688,180.13999938964844,177.49000549316406,177.5800018310547,37381500
2024-03-05,AMZN,176.92999267578125,176.92999267578125,173.3000030517578,174.1199951171875,37228300
2024-03-06,AMZN,175.5399932861328,176.4600067138672,173.25999450683594,173.50999450683594,32090900
2024-03-07,AMZN,174.8300018310547,177.99000549316406,173.72000122070312,176.82000732421875,34063300
2024-03-08,AMZN,176.44000244140625,178.7899932861328,174.3300018310547,175.35000610351562,37893200
2024-03-11,AMZN,174.30999755859375,174.47000122070312,171.47000122070312,171.9600067138672,28484800
2024-03-12,AMZN,173.5,176.75999450683594,171.97999572753906,175.38999938964844,36610600
2024-03-13,AMZN,175.89999389648438,177.6199951171875,175.5500030517578,176.55999755859375,30772600
2024-03-14,AMZN,177.69000244140625,179.52999877929688,176.47000122070312,178.75,43705800
2024-03-15,AMZN,176.63999938964844,177.92999267578125,173.89999389648438,174.4199981689453,72147400
2024-03-18,AMZN,175.8000030517578,176.69000244140625,174.27999877929688,174.47999572753906,31250700
2024-03-19,AMZN,174.22000122070312,176.08999633789062,173.52000427246094,175.89999389648438,26880900
2024-03-20,AMZN,176.13999938964844,178.52999877929688,174.63999938964844,178.14999389648438,29947200
2024-03-21,AMZN,179.99000549316406,181.4199981689453,178.14999389648438,178.14999389648438,32824300
2024-03-22,AMZN,177.75,179.25999450683594,176.75,178.8699951171875,27995400
2024-03-25,AMZN,178.00999450683594,180.99000549316406,177.24000549316406,179.7100067138672,29815500
2024-03-26,AMZN,180.14999389648438,180.4499969482422,177.9499969482422,178.3000030517578,29659000
2024-03-27,AMZN,179.8800048828125,180.0,177.30999755859375,179.8300018310547,33272600
2024-03-28,AMZN,180.1699981689453,181.6999969482422,179.25999450683594,180.3800048828125,38051600
2024-04-01,AMZN,180.7899932861328,183.0,179.9499969482422,180.97000122070312,29174500
2024-04-02,AMZN,179.07000732421875,180.7899932861328,178.3800048828125,180.69000244140625,32611500
2024-04-03,AMZN,179.89999389648438,182.8699951171875,179.8000030517578,182.41000366210938,31046600
2024-04-04,AMZN,184.0,185.10000610351562,180.0,180.0,41624300
2024-04-05,AMZN,182.3800048828125,186.27000427246094,181.97000122070312,185.07000732421875,42374000
2024-04-08,AMZN,186.89999389648438,187.2899932861328,184.80999755859375,185.19000244140625,39221300
2024-04-09,AMZN,187.24000549316406,187.33999633789062,184.1999969482422,185.6699981689453,36520100
2024-04-10,AMZN,182.77000427246094,186.27000427246094,182.6699981689453,185.9499969482422,35879200
2024-04-11,AMZN,186.74000549316406,189.77000427246094,185.50999450683594,189.0500030517578,40020700
2024-04-12,AMZN,187.72000122070312,188.3800048828125,185.0800018310547,186.1300048828125,38608800
2024-04-15,AMZN,187.42999267578125,188.69000244140625,183.0,183.6199951171875,48052400
2024-04-16,AMZN,183.27000427246094,184.8300018310547,182.25999450683594,183.32000732421875,32891300
2024-04-17,AMZN,184.30999755859375,184.57000732421875,179.82000732421875,181.27999877929688,31359700
2024-04-18,AMZN,181.47000122070312,182.38999938964844,178.64999389648438,179.22000122070312,30723800
2024-04-19,AMZN,178.74000549316406,179.0,173.44000244140625,174.6300048828125,56000700
2024-04-22,AMZN,176.94000244140625,178.8699951171875,174.55999755859375,177.22999572753906,37924900
2024-04-23,AMZN,178.0800018310547,179.92999267578125,175.97999572753906,179.5399932861328,37046500
2024-04-24,AMZN,179.94000244140625,180.32000732421875,176.17999267578125,176.58999633789062,34185100
2024-04-25,AMZN,169.67999267578125,173.9199981689453,166.32000732421875,173.6699981689453,49249400
2024-04-26,AMZN,177.8000030517578,180.82000732421875,176.1300048828125,179.6199951171875,43919800
2024-04-29,AMZN,182.75,183.52999877929688,179.38999938964844,180.9600067138672,54063900
2024-04-30,AMZN,181.08999633789062,182.99000549316406,174.8000030517578,175.0,94639800
2024-05-01,AMZN,181.63999938964844,185.14999389648438,176.55999755859375,179.0,94645100
2024-05-02,AMZN,180.85000610351562,185.10000610351562,179.91000366210938,184.72000122070312,54303500
2024-05-03,AMZN,186.99000549316406,187.8699951171875,185.4199981689453,186.2100067138672,39172000
2024-05-06,AMZN,186.27999877929688,188.75,184.8000030517578,188.6999969482422,34725300
2024-05-07,AMZN,188.9199981689453,189.94000244140625,187.30999755859375,188.75999450683594,34048900
2024-05-08,AMZN,187.44000244140625,188.42999267578125,186.38999938964844,188.0,26136400
2024-05-09,AMZN,188.8800048828125,191.6999969482422,187.44000244140625,189.5,43368400
2024-05-10,AMZN,189.16000366210938,189.88999938964844,186.92999267578125,187.47999572753906,34141800
2024-05-13,AMZN,188.0,188.30999755859375,185.36000061035156,186.57000732421875,24898600
2024-05-14,AMZN,183.82000732421875,187.72000122070312,183.4499969482422,187.07000732421875,38698200
2024-05-15,AMZN,185.97000122070312,186.72000122070312,182.72999572753906,185.99000549316406,75459900
2024-05-16,AMZN,185.60000610351562,187.30999755859375,183.4600067138672,183.6300048828125,38834500
2024-05-17,AMZN,183.75999450683594,185.3000030517578,183.35000610351562,184.6999969482422,33175700
2024-05-20,AMZN,184.33999633789062,186.6699981689453,183.27999877929688,183.5399932861328,30511800
2024-05-21,AMZN,182.3000030517578,183.25999450683594,180.75,183.14999389648438,50839100
2024-05-22,AMZN,183.8800048828125,185.22000122070312,181.97000122070312,183.1300048828125,28148800
2024-05-23,AMZN,183.66000366210938,184.75999450683594,180.0800018310547,181.0500030517578,33670200
2024-05-24,AMZN,181.64999389648438,182.44000244140625,180.3000030517578,180.75,27471600
2024-05-28,AMZN,179.92999267578125,182.24000549316406,179.49000549316406,182.14999389648438,29927000
2024-05-29,AMZN,181.6999969482422,184.0800018310547,181.5500030517578,182.02000427246094,32009300
2024-05-30,AMZN,181.30999755859375,181.33999633789062,178.36000061035156,179.32000732421875,29184700
2024-05-31,AMZN,178.3000030517578,179.2100067138672,173.8699951171875,176.44000244140625,58903900
2024-06-03,AMZN,177.6999969482422,178.6999969482422,175.9199981689453,178.33999633789062,30786600
2024-06-04,AMZN,177.63999938964844,179.82000732421875,176.44000244140625,179.33999633789062,27198400
2024-06-05,AMZN,180.10000610351562,181.5,178.75,181.27999877929688,32116400
2024-06-06,AMZN,181.75,185.0,181.49000549316406,185.0,31371200
2024-06-07,AMZN,184.89999389648438,186.2899932861328,183.36000061035156,184.3000030517578,28021500
2024-06-10,AMZN,184.07000732421875,187.22999572753906,183.7899932861328,187.05999755859375,34445600
2024-06-11,AMZN,187.05999755859375,187.77000427246094,184.5399932861328,187.22999572753906,27265100
2024-06-12,AMZN,188.02000427246094,188.35000610351562,185.42999267578125,186.88999938964844,33984200
2024-06-13,AMZN,186.08999633789062,187.6699981689453,182.6699981689453,183.8300018310547,39721500
2024-06-14,AMZN,183.0800018310547,183.72000122070312,182.22999572753906,183.66000366210938,25456400
2024-06-17,AMZN,182.52000427246094,185.0,181.22000122070312,184.05999755859375,35601900
2024-06-18,AMZN,183.74000549316406,184.2899932861328,181.42999267578125,182.80999755859375,36659200
2024-06-20,AMZN,182.91000366210938,186.50999450683594,182.72000122070312,186.10000610351562,44726800
2024-06-21,AMZN,187.8000030517578,189.27999877929688,185.86000061035156,189.0800018310547,70792500
2024-06-24,AMZN,189.3300018310547,191.0,185.3300018310547,185.57000732421875,50610400
2024-06-25,AMZN,186.80999755859375,188.83999633789062,185.4199981689453,186.33999633789062,45366400
2024-06-26,AMZN,186.9199981689453,194.8000030517578,186.25999450683594,193.61000061035156,65103900
2024-06-27,AMZN,195.00999450683594,199.83999633789062,194.1999969482422,197.85000610351562,74397500
2024-06-28,AMZN,197.72999572753906,198.85000610351562,192.5,193.25,76930200
2024-07-01,AMZN,193.49000549316406,198.3000030517578,192.82000732421875,197.1999969482422,41192000
2024-07-02,AMZN,197.27999877929688,200.42999267578125,195.92999267578125,200.0,45600000
2024-07-03,AMZN,199.94000244140625,200.02999877929688,196.75999450683594,197.58999633789062,31597900
2024-07-05,AMZN,198.64999389648438,200.5500030517578,198.1699981689453,200.0,39858900
2024-07-08,AMZN,200.0399932861328,201.1999969482422,197.9600067138672,199.2899932861328,34767300
2024-07-09,AMZN,199.39999389648438,200.57000732421875,199.0500030517578,199.33999633789062,32700100
2024-07-10,AMZN,200.0,200.11000061035156,197.69000244140625,199.7899932861328,32883800
2024-07-11,AMZN,200.08999633789062,200.27000427246094,192.86000061035156,195.0500030517578,44565000
2024-07-12,AMZN,194.8000030517578,196.47000122070312,193.8300018310547,194.49000549316406,30598500
2024-07-15,AMZN,194.55999755859375,196.19000244140625,190.8300018310547,192.72000122070312,40683200
2024-07-16,AMZN,195.58999633789062,196.6199951171875,192.24000549316406,193.02000427246094,33994700
2024-07-17,AMZN,191.35000610351562,191.5800018310547,185.99000549316406,187.92999267578125,48076100
2024-07-18,AMZN,189.58999633789062,189.67999267578125,181.4499969482422,183.75,51043600
2024-07-19,AMZN,181.13999938964844,184.92999267578125,180.11000061035156,183.1300048828125,43081800
2024-07-22,AMZN,185.0,185.05999755859375,182.47999572753906,182.5500030517578,39931900
2024-07-23,AMZN,184.10000610351562,189.38999938964844,183.55999755859375,186.41000366210938,47537700
2024-07-24,AMZN,183.1999969482422,185.4499969482422,180.41000366210938,180.8300018310547,41532400
2024-07-25,AMZN,182.91000366210938,183.89999389648438,176.8000030517578,179.85000610351562,44464200
2024-07-26,AMZN,180.38999938964844,183.19000244140625,180.24000549316406,182.5,29506000
2024-07-29,AMZN,183.83999633789062,184.75,182.3800048828125,183.1999969482422,33270100
2024-07-30,AMZN,184.72000122070312,185.86000061035156,179.3800048828125,181.7100067138672,39508600
2024-07-31,AMZN,185.0500030517578,187.94000244140625,184.4600067138672,186.97999572753906,41667300
2024-08-01,AMZN,189.2899932861328,190.60000610351562,181.8699951171875,184.07000732421875,70435600
2024-08-02,AMZN,166.75,168.77000427246094,160.5500030517578,167.89999389648438,141448400
2024-08-05,AMZN,154.2100067138672,162.9600067138672,151.61000061035156,161.02000427246094,83149400
2024-08-06,AMZN,161.7100067138672,165.0800018310547,158.5399932861328,161.92999267578125,59950800
2024-08-07,AMZN,166.5500030517578,167.5800018310547,161.42999267578125,162.77000427246094,48408200
2024-08-08,AMZN,165.1699981689453,166.69000244140625,162.5500030517578,165.8000030517578,44616200
2024-08-09,AMZN,166.39999389648438,168.5500030517578,165.85000610351562,166.94000244140625,36401000
2024-08-12,AMZN,168.13999938964844,168.5500030517578,166.11000061035156,166.8000030517578,30072800
2024-08-13,AMZN,167.80999755859375,171.0399932861328,167.10000610351562,170.22999572753906,39237900
2024-08-14,AMZN,172.11000061035156,172.27999877929688,168.86000061035156,170.10000610351562,28843800
2024-08-15,AMZN,174.86000061035156,177.91000366210938,173.99000549316406,177.58999633789062,51698500
2024-08-16,AMZN,177.0399932861328,178.33999633789062,176.25999450683594,177.05999755859375,31489200
2024-08-19,AMZN,177.63999938964844,178.3000030517578,176.16000366210938,178.22000122070312,31129800
2024-08-20,AMZN,177.9199981689453,179.00999450683594,177.42999267578125,178.8800048828125,26255200
2024-08-21,AMZN,179.9199981689453,182.38999938964844,178.88999938964844,180.11000061035156,35599100
2024-08-22,AMZN,181.3800048828125,181.47000122070312,175.67999267578125,176.1300048828125,32047500
2024-08-23,AMZN,177.33999633789062,178.97000122070312,175.24000549316406,177.0399932861328,29150100
2024-08-26,AMZN,176.6999969482422,177.47000122070312,174.3000030517578,175.5,22366200
2024-08-27,AMZN,174.14999389648438,174.88999938964844,172.25,173.1199951171875,29842000
2024-08-28,AMZN,173.69000244140625,173.69000244140625,168.9199981689453,170.8000030517578,29045000
2024-08-29,AMZN,173.22000122070312,174.2899932861328,170.80999755859375,172.1199951171875,26407800
2024-08-30,AMZN,172.77999877929688,178.89999389648438,172.60000610351562,178.5,43429400
2024-09-03,AMZN,177.5500030517578,178.25999450683594,175.25999450683594,176.25,37817500
2024-09-04,AMZN,174.47999572753906,175.97999572753906,172.5399932861328,173.3300018310547,30309200
2024-09-05,AMZN,175.0,179.8800048828125,175.0,177.88999938964844,40170500
2024-09-06,AMZN,177.24000549316406,178.3800048828125,171.16000366210938,171.38999938964844,41466500
2024-09-09,AMZN,174.52999877929688,175.85000610351562,173.50999450683594,175.39999389648438,29037400
2024-09-10,AMZN,177.49000549316406,180.5,176.7899932861328,179.5500030517578,36233800
2024-09-11,AMZN,180.10000610351562,184.99000549316406,175.72999572753906,184.52000427246094,42564700
2024-09-12,AMZN,184.8000030517578,187.41000366210938,183.5399932861328,187.0,33544200
2024-09-13,AMZN,187.0,188.5,185.91000366210938,186.49000549316406,26495400
2024-09-16,AMZN,185.2899932861328,185.80999755859375,183.36000061035156,184.88999938964844,26065500
2024-09-17,AMZN,186.85000610351562,189.4499969482422,186.13999938964844,186.8800048828125,26091700
2024-09-18,AMZN,186.4499969482422,188.8000030517578,185.05999755859375,186.42999267578125,34448100
2024-09-19,AMZN,190.0399932861328,190.99000549316406,188.47000122070312,189.8699951171875,39543200
2024-09-20,AMZN,190.22999572753906,191.83999633789062,187.41000366210938,191.60000610351562,100378600
2024-09-23,AMZN,191.63999938964844,194.4499969482422,190.57000732421875,193.8800048828125,36993100
2024-09-24,AMZN,194.27000427246094,195.3699951171875,190.1300048828125,193.9600067138672,43478900
2024-09-25,AMZN,193.75,193.9499969482422,192.16000366210938,192.52999877929688,26391100
2024-09-26,AMZN,194.30999755859375,194.52999877929688,189.5399932861328,191.16000366210938,36334900
2024-09-27,AMZN,190.67999267578125,190.89999389648438,187.33999633789062,187.97000122070312,36002300
2024-09-30,AMZN,187.13999938964844,188.49000549316406,184.64999389648438,186.3300018310547,41583900
2024-10-01,AMZN,184.89999389648438,186.19000244140625,183.4499969482422,185.1300048828125,36044900
2024-10-02,AMZN,184.44000244140625,186.60000610351562,184.0399932861328,184.75999450683594,23704100
2024-10-03,AMZN,183.0500030517578,183.44000244140625,180.8800048828125,181.9600067138672,30204300
2024-10-04,AMZN,185.75,187.60000610351562,183.60000610351562,186.50999450683594,40890300
2024-10-07,AMZN,182.9499969482422,183.60000610351562,180.25,180.8000030517578,42364200
2024-10-08,AMZN,181.9199981689453,183.08999633789062,180.9199981689453,182.72000122070312,26372100
2024-10-09,AMZN,182.82000732421875,185.85000610351562,182.0500030517578,185.1699981689453,26343100
2024-10-10,AMZN,187.1300048828125,188.1300048828125,185.8300018310547,186.64999389648438,27785000
2024-10-11,AMZN,186.6300048828125,189.92999267578125,186.3000030517578,188.82000732421875,25751600
2024-10-14,AMZN,189.77999877929688,189.8300018310547,187.36000061035156,187.5399932861328,22614400
2024-10-15,AMZN,187.6300048828125,188.41000366210938,184.5800018310547,187.69000244140625,32178900
2024-10-16,AMZN,187.0500030517578,187.77999877929688,185.61000061035156,186.88999938964844,23456800
2024-10-17,AMZN,188.22000122070312,188.94000244140625,186.0,187.52999877929688,25039400
2024-10-18,AMZN,187.14999389648438,190.74000549316406,186.27999877929688,188.99000549316406,37417700
2024-10-21,AMZN,188.0500030517578,189.4600067138672,186.39999389648438,189.07000732421875,24639400
2024-10-22,AMZN,188.35000610351562,191.52000427246094,186.97999572753906,189.6999969482422,29650600
2024-10-23,AMZN,188.85000610351562,189.16000366210938,183.69000244140625,184.7100067138672,31937100
2024-10-24,AMZN,185.25,187.11000061035156,183.86000061035156,186.3800048828125,21647400
2024-10-25,AMZN,187.85000610351562,190.4499969482422,187.52999877929688,187.8300018310547,29362100
2024-10-28,AMZN,189.57000732421875,190.2100067138672,188.2100067138672,188.38999938964844,27930800
2024-10-29,AMZN,188.5800018310547,191.4600067138672,187.82000732421875,190.8300018310547,35690200
2024-10-30,AMZN,194.6999969482422,195.61000061035156,192.4199981689453,192.72999572753906,37707600
2024-10-31,AMZN,190.50999450683594,190.60000610351562,185.22999572753906,186.39999389648438,75146800
2024-11-01,AMZN,199.0,200.5,197.02000427246094,197.92999267578125,99687800
2024-11-04,AMZN,196.4499969482422,197.3300018310547,194.30999755859375,195.77999877929688,38492100
2024-11-05,AMZN,196.0399932861328,199.82000732421875,195.99000549316406,199.5,30564800
2024-11-06,AMZN,200.00999450683594,207.5500030517578,199.13999938964844,207.08999633789062,72292200
2024-11-07,AMZN,207.44000244140625,212.25,207.19000244140625,210.0500030517578,52878400
2024-11-08,AMZN,209.72000122070312,209.9600067138672,207.44000244140625,208.17999267578125,36075800
2024-11-11,AMZN,208.5,209.64999389648438,205.58999633789062,206.83999633789062,35456000
2024-11-12,AMZN,208.3699951171875,209.5399932861328,206.00999450683594,208.91000366210938,38942900
2024-11-13,AMZN,209.39999389648438,215.08999633789062,209.13999938964844,214.10000610351562,46212900
2024-11-14,AMZN,214.16000366210938,215.89999389648438,210.8800048828125,211.47999572753906,42620300
2024-11-15,AMZN,206.75999450683594,207.33999633789062,199.61000061035156,202.61000061035156,86591100
2024-11-18,AMZN,204.14999389648438,204.6699981689453,200.9499969482422,201.6999969482422,36409900
2024-11-19,AMZN,199.3300018310547,205.3000030517578,198.77999877929688,204.61000061035156,31197900
2024-11-20,AMZN,202.97999572753906,203.1300048828125,199.4499969482422,202.8800048828125,32769000
2024-11-21,AMZN,203.49000549316406,203.49000549316406,195.75,198.3800048828125,58800000
2024-11-22,AMZN,198.25,199.25999450683594,196.75,197.1199951171875,31530800
2024-11-25,AMZN,199.27999877929688,201.9499969482422,199.0,201.4499969482422,40685700
2024-11-26,AMZN,201.89999389648438,208.0,201.7899932861328,207.86000061035156,41673700
2024-11-27,AMZN,206.97999572753906,207.63999938964844,205.0500030517578,205.74000549316406,28061600
2024-11-29,AMZN,205.8300018310547,208.1999969482422,204.58999633789062,207.88999938964844,24892400
2024-12-02,AMZN,209.9600067138672,212.99000549316406,209.50999450683594,210.7100067138672,39523200
2024-12-03,AMZN,210.30999755859375,214.02000427246094,209.64999389648438,213.44000244140625,32214800
2024-12-04,AMZN,215.9600067138672,220.0,215.75,218.16000366210938,48745700
2024-12-05,AMZN,218.02999877929688,222.14999389648438,217.3000030517578,220.5500030517578,41140200
2024-12-06,AMZN,220.75,227.14999389648438,220.60000610351562,227.02999877929688,44178100
2024-12-09,AMZN,227.2100067138672,230.0800018310547,225.6699981689453,226.08999633789062,46819400
2024-12-10,AMZN,226.08999633789062,229.05999755859375,224.1999969482422,225.0399932861328,31199900
2024-12-11,AMZN,226.41000366210938,231.1999969482422,226.25999450683594,230.25999450683594,35385800
2024-12-12,AMZN,229.8300018310547,231.08999633789062,227.6300048828125,228.97000122070312,28204100
2024-12-13,AMZN,228.39999389648438,230.1999969482422,225.86000061035156,227.4600067138672,28768100
2024-12-16,AMZN,230.22999572753906,233.0,228.00999450683594,232.92999267578125,37552100
2024-12-17,AMZN,232.38999938964844,232.72999572753906,227.85000610351562,231.14999389648438,35948100
2024-12-18,AMZN,230.77000427246094,231.39999389648438,220.11000061035156,220.52000427246094,43281400
2024-12-19,AMZN,224.91000366210938,226.08999633789062,222.9199981689453,223.2899932861328,39918700
2024-12-20,AMZN,219.83999633789062,226.2100067138672,218.72999572753906,224.9199981689453,88279200
2024-12-23,AMZN,225.00999450683594,226.8800048828125,223.89999389648438,225.05999755859375,28070000
2024-12-24,AMZN,226.94000244140625,229.13999938964844,226.1300048828125,229.0500030517578,15007500
2024-12-26,AMZN,228.5,228.5,226.6699981689453,227.0500030517578,16146700
2024-12-27,AMZN,225.60000610351562,226.02999877929688,220.89999389648438,223.75,27367100
2024-12-30,AMZN,220.05999755859375,223.0,218.42999267578125,221.3000030517578,28321200
2024-12-31,AMZN,222.97000122070312,223.22999572753906,218.94000244140625,219.38999938964844,24819700
